condition_id,task,metric,H,evaluation_kind,measure,subset_n,N,missing_count,mean,std,std_ddof,parse_failures,na_reason
3.5__MountainCar-v0__last-action__H10,MountainCar-v0,last-action,10,discrete_action_match,accuracy_pct,30,30,0,43.333333333333336,49.55356249106168,0,0,
3.5__MountainCar-v0__last-action__H10,MountainCar-v0,last-action,10,discrete_action_match,original_element_accuracy_pct,30,0,30,,,0,0,state_only_metric
3.5__MountainCar-v0__last-action__H10,MountainCar-v0,last-action,10,discrete_action_match,official_exact_match_pct,30,30,0,43.333333333333336,49.55356249106168,0,0,
3.5__MountainCar-v0__last-action__H10,MountainCar-v0,last-action,10,discrete_action_match,accuracy_pct,20,20,0,45.0,49.749371855331,0,0,
3.5__MountainCar-v0__last-action__H10,MountainCar-v0,last-action,10,discrete_action_match,original_element_accuracy_pct,20,0,20,,,0,0,state_only_metric
3.5__MountainCar-v0__last-action__H10,MountainCar-v0,last-action,10,discrete_action_match,official_exact_match_pct,20,20,0,45.0,49.749371855331,0,0,
3.5__MountainCar-v0__last-action__H10,MountainCar-v0,last-action,10,discrete_action_match,accuracy_pct,10,10,0,60.0,48.98979485566356,0,0,
3.5__MountainCar-v0__last-action__H10,MountainCar-v0,last-action,10,discrete_action_match,original_element_accuracy_pct,10,0,10,,,0,0,state_only_metric
3.5__MountainCar-v0__last-action__H10,MountainCar-v0,last-action,10,discrete_action_match,official_exact_match_pct,10,10,0,60.0,48.98979485566356,0,0,
3.5__MountainCar-v0__last-action__H20,MountainCar-v0,last-action,20,discrete_action_match,accuracy_pct,30,30,0,60.0,48.98979485566356,0,0,
3.5__MountainCar-v0__last-action__H20,MountainCar-v0,last-action,20,discrete_action_match,original_element_accuracy_pct,30,0,30,,,0,0,state_only_metric
3.5__MountainCar-v0__last-action__H20,MountainCar-v0,last-action,20,discrete_action_match,official_exact_match_pct,30,30,0,60.0,48.98979485566356,0,0,
3.5__MountainCar-v0__last-action__H20,MountainCar-v0,last-action,20,discrete_action_match,accuracy_pct,20,20,0,55.0,49.749371855331,0,0,
3.5__MountainCar-v0__last-action__H20,MountainCar-v0,last-action,20,discrete_action_match,original_element_accuracy_pct,20,0,20,,,0,0,state_only_metric
3.5__MountainCar-v0__last-action__H20,MountainCar-v0,last-action,20,discrete_action_match,official_exact_match_pct,20,20,0,55.0,49.749371855331,0,0,
3.5__MountainCar-v0__last-action__H20,MountainCar-v0,last-action,20,discrete_action_match,accuracy_pct,10,10,0,70.0,45.8257569495584,0,0,
3.5__MountainCar-v0__last-action__H20,MountainCar-v0,last-action,20,discrete_action_match,original_element_accuracy_pct,10,0,10,,,0,0,state_only_metric
3.5__MountainCar-v0__last-action__H20,MountainCar-v0,last-action,20,discrete_action_match,official_exact_match_pct,10,10,0,70.0,45.8257569495584,0,0,
3.5__MountainCar-v0__last-action__H30,MountainCar-v0,last-action,30,discrete_action_match,accuracy_pct,30,30,0,60.0,48.98979485566356,0,0,
3.5__MountainCar-v0__last-action__H30,MountainCar-v0,last-action,30,discrete_action_match,original_element_accuracy_pct,30,0,30,,,0,0,state_only_metric
3.5__MountainCar-v0__last-action__H30,MountainCar-v0,last-action,30,discrete_action_match,official_exact_match_pct,30,30,0,60.0,48.98979485566356,0,0,
3.5__MountainCar-v0__last-action__H30,MountainCar-v0,last-action,30,discrete_action_match,accuracy_pct,20,20,0,55.0,49.749371855331,0,0,
3.5__MountainCar-v0__last-action__H30,MountainCar-v0,last-action,30,discrete_action_match,original_element_accuracy_pct,20,0,20,,,0,0,state_only_metric
3.5__MountainCar-v0__last-action__H30,MountainCar-v0,last-action,30,discrete_action_match,official_exact_match_pct,20,20,0,55.0,49.749371855331,0,0,
3.5__MountainCar-v0__last-action__H30,MountainCar-v0,last-action,30,discrete_action_match,accuracy_pct,10,10,0,60.0,48.98979485566356,0,0,
3.5__MountainCar-v0__last-action__H30,MountainCar-v0,last-action,30,discrete_action_match,original_element_accuracy_pct,10,0,10,,,0,0,state_only_metric
3.5__MountainCar-v0__last-action__H30,MountainCar-v0,last-action,30,discrete_action_match,official_exact_match_pct,10,10,0,60.0,48.98979485566356,0,0,
3.5__MountainCar-v0__last-action__H5,MountainCar-v0,last-action,5,discrete_action_match,accuracy_pct,30,30,0,63.333333333333336,48.189440982669865,0,0,
3.5__MountainCar-v0__last-action__H5,MountainCar-v0,last-action,5,discrete_action_match,original_element_accuracy_pct,30,0,30,,,0,0,state_only_metric
3.5__MountainCar-v0__last-action__H5,MountainCar-v0,last-action,5,discrete_action_match,official_exact_match_pct,30,30,0,63.333333333333336,48.189440982669865,0,0,
3.5__MountainCar-v0__last-action__H5,MountainCar-v0,last-action,5,discrete_action_match,accuracy_pct,20,20,0,70.0,45.8257569495584,0,0,
3.5__MountainCar-v0__last-action__H5,MountainCar-v0,last-action,5,discrete_action_match,original_element_accuracy_pct,20,0,20,,,0,0,state_only_metric
3.5__MountainCar-v0__last-action__H5,MountainCar-v0,last-action,5,discrete_action_match,official_exact_match_pct,20,20,0,70.0,45.8257569495584,0,0,
3.5__MountainCar-v0__last-action__H5,MountainCar-v0,last-action,5,discrete_action_match,accuracy_pct,10,10,0,60.0,48.98979485566356,0,0,
3.5__MountainCar-v0__last-action__H5,MountainCar-v0,last-action,5,discrete_action_match,original_element_accuracy_pct,10,0,10,,,0,0,state_only_metric
3.5__MountainCar-v0__last-action__H5,MountainCar-v0,last-action,5,discrete_action_match,official_exact_match_pct,10,10,0,60.0,48.98979485566356,0,0,
3.5__MountainCar-v0__last-state__H10,MountainCar-v0,last-state,10,three_class_state_change_reanalysis,accuracy_pct,30,30,0,55.0,35.0,0,0,
3.5__MountainCar-v0__last-state__H10,MountainCar-v0,last-state,10,three_class_state_change_reanalysis,original_element_accuracy_pct,30,30,0,55.0,35.0,0,0,
3.5__MountainCar-v0__last-state__H10,MountainCar-v0,last-state,10,three_class_state_change_reanalysis,official_exact_match_pct,30,30,0,30.0,45.8257569495584,0,0,
3.5__MountainCar-v0__last-state__H10,MountainCar-v0,last-state,10,three_class_state_change_reanalysis,accuracy_pct,20,20,0,57.5,32.69174207655505,0,0,
3.5__MountainCar-v0__last-state__H10,MountainCar-v0,last-state,10,three_class_state_change_reanalysis,original_element_accuracy_pct,20,20,0,57.5,32.69174207655505,0,0,
3.5__MountainCar-v0__last-state__H10,MountainCar-v0,last-state,10,three_class_state_change_reanalysis,official_exact_match_pct,20,20,0,30.0,45.8257569495584,0,0,
3.5__MountainCar-v0__last-state__H10,MountainCar-v0,last-state,10,three_class_state_change_reanalysis,accuracy_pct,10,10,0,40.0,30.0,0,0,
3.5__MountainCar-v0__last-state__H10,MountainCar-v0,last-state,10,three_class_state_change_reanalysis,original_element_accuracy_pct,10,10,0,40.0,30.0,0,0,
3.5__MountainCar-v0__last-state__H10,MountainCar-v0,last-state,10,three_class_state_change_reanalysis,official_exact_match_pct,10,10,0,10.0,30.0,0,0,
3.5__MountainCar-v0__last-state__H20,MountainCar-v0,last-state,20,three_class_state_change_reanalysis,accuracy_pct,30,30,0,65.0,32.01562118716424,0,0,
3.5__MountainCar-v0__last-state__H20,MountainCar-v0,last-state,20,three_class_state_change_reanalysis,original_element_accuracy_pct,30,30,0,65.0,32.01562118716424,0,0,
3.5__MountainCar-v0__last-state__H20,MountainCar-v0,last-state,20,three_class_state_change_reanalysis,official_exact_match_pct,30,30,0,40.0,48.98979485566356,0,0,
3.5__MountainCar-v0__last-state__H20,MountainCar-v0,last-state,20,three_class_state_change_reanalysis,accuracy_pct,20,20,0,60.0,30.0,0,0,
3.5__MountainCar-v0__last-state__H20,MountainCar-v0,last-state,20,three_class_state_change_reanalysis,original_element_accuracy_pct,20,20,0,60.0,30.0,0,0,
3.5__MountainCar-v0__last-state__H20,MountainCar-v0,last-state,20,three_class_state_change_reanalysis,official_exact_match_pct,20,20,0,30.0,45.8257569495584,0,0,
3.5__MountainCar-v0__last-state__H20,MountainCar-v0,last-state,20,three_class_state_change_reanalysis,accuracy_pct,10,10,0,55.0,35.0,0,0,
3.5__MountainCar-v0__last-state__H20,MountainCar-v0,last-state,20,three_class_state_change_reanalysis,original_element_accuracy_pct,10,10,0,55.0,35.0,0,0,
3.5__MountainCar-v0__last-state__H20,MountainCar-v0,last-state,20,three_class_state_change_reanalysis,official_exact_match_pct,10,10,0,30.0,45.8257569495584,0,0,
3.5__MountainCar-v0__last-state__H30,MountainCar-v0,last-state,30,three_class_state_change_reanalysis,accuracy_pct,30,30,0,48.333333333333336,35.31603350069515,0,0,
3.5__MountainCar-v0__last-state__H30,MountainCar-v0,last-state,30,three_class_state_change_reanalysis,original_element_accuracy_pct,30,30,0,48.333333333333336,35.31603350069515,0,0,
3.5__MountainCar-v0__last-state__H30,MountainCar-v0,last-state,30,three_class_state_change_reanalysis,official_exact_match_pct,30,30,0,23.333333333333332,42.295258468165066,0,0,
3.5__MountainCar-v0__last-state__H30,MountainCar-v0,last-state,30,three_class_state_change_reanalysis,accuracy_pct,20,20,0,45.0,31.22498999199199,0,0,
3.5__MountainCar-v0__last-state__H30,MountainCar-v0,last-state,30,three_class_state_change_reanalysis,original_element_accuracy_pct,20,20,0,45.0,31.22498999199199,0,0,
3.5__MountainCar-v0__last-state__H30,MountainCar-v0,last-state,30,three_class_state_change_reanalysis,official_exact_match_pct,20,20,0,15.0,35.70714214271425,0,0,
3.5__MountainCar-v0__last-state__H30,MountainCar-v0,last-state,30,three_class_state_change_reanalysis,accuracy_pct,10,10,0,40.0,37.416573867739416,0,0,
3.5__MountainCar-v0__last-state__H30,MountainCar-v0,last-state,30,three_class_state_change_reanalysis,original_element_accuracy_pct,10,10,0,40.0,37.416573867739416,0,0,
3.5__MountainCar-v0__last-state__H30,MountainCar-v0,last-state,30,three_class_state_change_reanalysis,official_exact_match_pct,10,10,0,20.0,40.0,0,0,
3.5__MountainCar-v0__last-state__H5,MountainCar-v0,last-state,5,three_class_state_change_reanalysis,accuracy_pct,30,29,1,70.6896551724138,36.00105692727776,0,1,
3.5__MountainCar-v0__last-state__H5,MountainCar-v0,last-state,5,three_class_state_change_reanalysis,original_element_accuracy_pct,30,29,1,72.41379310344827,36.16582235069488,0,1,
3.5__MountainCar-v0__last-state__H5,MountainCar-v0,last-state,5,three_class_state_change_reanalysis,official_exact_match_pct,30,30,0,56.666666666666664,49.55356249106168,0,1,
3.5__MountainCar-v0__last-state__H5,MountainCar-v0,last-state,5,three_class_state_change_reanalysis,accuracy_pct,20,19,1,71.05263157894737,37.40176421987341,0,1,
3.5__MountainCar-v0__last-state__H5,MountainCar-v0,last-state,5,three_class_state_change_reanalysis,original_element_accuracy_pct,20,19,1,73.6842105263158,37.58646541338342,0,1,
3.5__MountainCar-v0__last-state__H5,MountainCar-v0,last-state,5,three_class_state_change_reanalysis,official_exact_match_pct,20,20,0,60.0,48.98979485566356,0,1,
3.5__MountainCar-v0__last-state__H5,MountainCar-v0,last-state,5,three_class_state_change_reanalysis,accuracy_pct,10,9,1,72.22222222222223,41.5739709641549,0,1,
3.5__MountainCar-v0__last-state__H5,MountainCar-v0,last-state,5,three_class_state_change_reanalysis,original_element_accuracy_pct,10,9,1,72.22222222222223,41.5739709641549,0,1,
3.5__MountainCar-v0__last-state__H5,MountainCar-v0,last-state,5,three_class_state_change_reanalysis,official_exact_match_pct,10,10,0,60.0,48.98979485566356,0,1,
3.5__MountainCar-v0__next-action__H10,MountainCar-v0,next-action,10,discrete_action_match,accuracy_pct,30,30,0,70.0,45.8257569495584,0,0,
3.5__MountainCar-v0__next-action__H10,MountainCar-v0,next-action,10,discrete_action_match,original_element_accuracy_pct,30,0,30,,,0,0,state_only_metric
3.5__MountainCar-v0__next-action__H10,MountainCar-v0,next-action,10,discrete_action_match,official_exact_match_pct,30,30,0,70.0,45.8257569495584,0,0,
3.5__MountainCar-v0__next-action__H10,MountainCar-v0,next-action,10,discrete_action_match,accuracy_pct,20,20,0,55.0,49.749371855331,0,0,
3.5__MountainCar-v0__next-action__H10,MountainCar-v0,next-action,10,discrete_action_match,original_element_accuracy_pct,20,0,20,,,0,0,state_only_metric
3.5__MountainCar-v0__next-action__H10,MountainCar-v0,next-action,10,discrete_action_match,official_exact_match_pct,20,20,0,55.0,49.749371855331,0,0,
3.5__MountainCar-v0__next-action__H10,MountainCar-v0,next-action,10,discrete_action_match,accuracy_pct,10,10,0,70.0,45.8257569495584,0,0,
3.5__MountainCar-v0__next-action__H10,MountainCar-v0,next-action,10,discrete_action_match,original_element_accuracy_pct,10,0,10,,,0,0,state_only_metric
3.5__MountainCar-v0__next-action__H10,MountainCar-v0,next-action,10,discrete_action_match,official_exact_match_pct,10,10,0,70.0,45.8257569495584,0,0,
3.5__MountainCar-v0__next-action__H20,MountainCar-v0,next-action,20,discrete_action_match,accuracy_pct,30,30,0,90.0,30.0,0,0,
3.5__MountainCar-v0__next-action__H20,MountainCar-v0,next-action,20,discrete_action_match,original_element_accuracy_pct,30,0,30,,,0,0,state_only_metric
3.5__MountainCar-v0__next-action__H20,MountainCar-v0,next-action,20,discrete_action_match,official_exact_match_pct,30,30,0,90.0,30.0,0,0,
3.5__MountainCar-v0__next-action__H20,MountainCar-v0,next-action,20,discrete_action_match,accuracy_pct,20,20,0,90.0,30.0,0,0,
3.5__MountainCar-v0__next-action__H20,MountainCar-v0,next-action,20,discrete_action_match,original_element_accuracy_pct,20,0,20,,,0,0,state_only_metric
3.5__MountainCar-v0__next-action__H20,MountainCar-v0,next-action,20,discrete_action_match,official_exact_match_pct,20,20,0,90.0,30.0,0,0,
3.5__MountainCar-v0__next-action__H20,MountainCar-v0,next-action,20,discrete_action_match,accuracy_pct,10,10,0,80.0,40.0,0,0,
3.5__MountainCar-v0__next-action__H20,MountainCar-v0,next-action,20,discrete_action_match,original_element_accuracy_pct,10,0,10,,,0,0,state_only_metric
3.5__MountainCar-v0__next-action__H20,MountainCar-v0,next-action,20,discrete_action_match,official_exact_match_pct,10,10,0,80.0,40.0,0,0,
3.5__MountainCar-v0__next-action__H30,MountainCar-v0,next-action,30,discrete_action_match,accuracy_pct,30,30,0,86.66666666666667,33.9934634239519,0,0,
3.5__MountainCar-v0__next-action__H30,MountainCar-v0,next-action,30,discrete_action_match,original_element_accuracy_pct,30,0,30,,,0,0,state_only_metric
3.5__MountainCar-v0__next-action__H30,MountainCar-v0,next-action,30,discrete_action_match,official_exact_match_pct,30,30,0,86.66666666666667,33.9934634239519,0,0,
3.5__MountainCar-v0__next-action__H30,MountainCar-v0,next-action,30,discrete_action_match,accuracy_pct,20,20,0,95.0,21.79449471770337,0,0,
3.5__MountainCar-v0__next-action__H30,MountainCar-v0,next-action,30,discrete_action_match,original_element_accuracy_pct,20,0,20,,,0,0,state_only_metric
3.5__MountainCar-v0__next-action__H30,MountainCar-v0,next-action,30,discrete_action_match,official_exact_match_pct,20,20,0,95.0,21.79449471770337,0,0,
3.5__MountainCar-v0__next-action__H30,MountainCar-v0,next-action,30,discrete_action_match,accuracy_pct,10,10,0,90.0,30.0,0,0,
3.5__MountainCar-v0__next-action__H30,MountainCar-v0,next-action,30,discrete_action_match,original_element_accuracy_pct,10,0,10,,,0,0,state_only_metric
3.5__MountainCar-v0__next-action__H30,MountainCar-v0,next-action,30,discrete_action_match,official_exact_match_pct,10,10,0,90.0,30.0,0,0,
3.5__MountainCar-v0__next-action__H5,MountainCar-v0,next-action,5,discrete_action_match,accuracy_pct,30,30,0,66.66666666666667,47.14045207910317,0,0,
3.5__MountainCar-v0__next-action__H5,MountainCar-v0,next-action,5,discrete_action_match,original_element_accuracy_pct,30,0,30,,,0,0,state_only_metric
3.5__MountainCar-v0__next-action__H5,MountainCar-v0,next-action,5,discrete_action_match,official_exact_match_pct,30,30,0,66.66666666666667,47.14045207910317,0,0,
3.5__MountainCar-v0__next-action__H5,MountainCar-v0,next-action,5,discrete_action_match,accuracy_pct,20,20,0,60.0,48.98979485566356,0,0,
3.5__MountainCar-v0__next-action__H5,MountainCar-v0,next-action,5,discrete_action_match,original_element_accuracy_pct,20,0,20,,,0,0,state_only_metric
3.5__MountainCar-v0__next-action__H5,MountainCar-v0,next-action,5,discrete_action_match,official_exact_match_pct,20,20,0,60.0,48.98979485566356,0,0,
3.5__MountainCar-v0__next-action__H5,MountainCar-v0,next-action,5,discrete_action_match,accuracy_pct,10,10,0,50.0,50.0,0,0,
3.5__MountainCar-v0__next-action__H5,MountainCar-v0,next-action,5,discrete_action_match,original_element_accuracy_pct,10,0,10,,,0,0,state_only_metric
3.5__MountainCar-v0__next-action__H5,MountainCar-v0,next-action,5,discrete_action_match,official_exact_match_pct,10,10,0,50.0,50.0,0,0,
3.5__MountainCar-v0__next-state__H10,MountainCar-v0,next-state,10,three_class_state_change_reanalysis,accuracy_pct,30,30,0,73.33333333333333,24.94438257849294,0,0,
3.5__MountainCar-v0__next-state__H10,MountainCar-v0,next-state,10,three_class_state_change_reanalysis,original_element_accuracy_pct,30,30,0,73.33333333333333,24.94438257849294,0,0,
3.5__MountainCar-v0__next-state__H10,MountainCar-v0,next-state,10,three_class_state_change_reanalysis,official_exact_match_pct,30,30,0,46.666666666666664,49.88876515698588,0,0,
3.5__MountainCar-v0__next-state__H10,MountainCar-v0,next-state,10,three_class_state_change_reanalysis,accuracy_pct,20,20,0,75.0,25.0,0,0,
3.5__MountainCar-v0__next-state__H10,MountainCar-v0,next-state,10,three_class_state_change_reanalysis,original_element_accuracy_pct,20,20,0,75.0,25.0,0,0,
3.5__MountainCar-v0__next-state__H10,MountainCar-v0,next-state,10,three_class_state_change_reanalysis,official_exact_match_pct,20,20,0,50.0,50.0,0,0,
3.5__MountainCar-v0__next-state__H10,MountainCar-v0,next-state,10,three_class_state_change_reanalysis,accuracy_pct,10,10,0,70.0,24.49489742783178,0,0,
3.5__MountainCar-v0__next-state__H10,MountainCar-v0,next-state,10,three_class_state_change_reanalysis,original_element_accuracy_pct,10,10,0,70.0,24.49489742783178,0,0,
3.5__MountainCar-v0__next-state__H10,MountainCar-v0,next-state,10,three_class_state_change_reanalysis,official_exact_match_pct,10,10,0,40.0,48.98979485566356,0,0,
3.5__MountainCar-v0__next-state__H20,MountainCar-v0,next-state,20,three_class_state_change_reanalysis,accuracy_pct,30,30,0,63.333333333333336,28.674417556808756,0,0,
3.5__MountainCar-v0__next-state__H20,MountainCar-v0,next-state,20,three_class_state_change_reanalysis,original_element_accuracy_pct,30,30,0,65.0,29.297326385411576,0,0,
3.5__MountainCar-v0__next-state__H20,MountainCar-v0,next-state,20,three_class_state_change_reanalysis,official_exact_match_pct,30,30,0,36.666666666666664,48.189440982669865,0,0,
3.5__MountainCar-v0__next-state__H20,MountainCar-v0,next-state,20,three_class_state_change_reanalysis,accuracy_pct,20,20,0,55.0,26.92582403567252,0,0,
3.5__MountainCar-v0__next-state__H20,MountainCar-v0,next-state,20,three_class_state_change_reanalysis,original_element_accuracy_pct,20,20,0,57.5,28.613807855648993,0,0,
3.5__MountainCar-v0__next-state__H20,MountainCar-v0,next-state,20,three_class_state_change_reanalysis,official_exact_match_pct,20,20,0,25.0,43.30127018922193,0,0,
3.5__MountainCar-v0__next-state__H20,MountainCar-v0,next-state,20,three_class_state_change_reanalysis,accuracy_pct,10,10,0,60.0,30.0,0,0,
3.5__MountainCar-v0__next-state__H20,MountainCar-v0,next-state,20,three_class_state_change_reanalysis,original_element_accuracy_pct,10,10,0,60.0,30.0,0,0,
3.5__MountainCar-v0__next-state__H20,MountainCar-v0,next-state,20,three_class_state_change_reanalysis,official_exact_match_pct,10,10,0,30.0,45.8257569495584,0,0,
3.5__MountainCar-v0__next-state__H30,MountainCar-v0,next-state,30,three_class_state_change_reanalysis,accuracy_pct,30,29,1,70.6896551724138,27.90761044179077,0,1,
3.5__MountainCar-v0__next-state__H30,MountainCar-v0,next-state,30,three_class_state_change_reanalysis,original_element_accuracy_pct,30,29,1,72.41379310344827,28.11983867293119,0,1,
3.5__MountainCar-v0__next-state__H30,MountainCar-v0,next-state,30,three_class_state_change_reanalysis,official_exact_match_pct,30,30,0,46.666666666666664,49.88876515698588,0,1,
3.5__MountainCar-v0__next-state__H30,MountainCar-v0,next-state,30,three_class_state_change_reanalysis,accuracy_pct,20,19,1,73.6842105263158,29.772917102591475,0,1,
3.5__MountainCar-v0__next-state__H30,MountainCar-v0,next-state,30,three_class_state_change_reanalysis,original_element_accuracy_pct,20,19,1,73.6842105263158,29.772917102591475,0,1,
3.5__MountainCar-v0__next-state__H30,MountainCar-v0,next-state,30,three_class_state_change_reanalysis,official_exact_match_pct,20,20,0,50.0,50.0,0,1,
3.5__MountainCar-v0__next-state__H30,MountainCar-v0,next-state,30,three_class_state_change_reanalysis,accuracy_pct,10,10,0,70.0,33.166247903554,0,0,
3.5__MountainCar-v0__next-state__H30,MountainCar-v0,next-state,30,three_class_state_change_reanalysis,original_element_accuracy_pct,10,10,0,70.0,33.166247903554,0,0,
3.5__MountainCar-v0__next-state__H30,MountainCar-v0,next-state,30,three_class_state_change_reanalysis,official_exact_match_pct,10,10,0,50.0,50.0,0,0,
3.5__MountainCar-v0__next-state__H5,MountainCar-v0,next-state,5,three_class_state_change_reanalysis,accuracy_pct,30,30,0,83.33333333333333,23.570226039551585,0,0,
3.5__MountainCar-v0__next-state__H5,MountainCar-v0,next-state,5,three_class_state_change_reanalysis,original_element_accuracy_pct,30,30,0,85.0,22.9128784747792,0,0,
3.5__MountainCar-v0__next-state__H5,MountainCar-v0,next-state,5,three_class_state_change_reanalysis,official_exact_match_pct,30,30,0,70.0,45.8257569495584,0,0,
3.5__MountainCar-v0__next-state__H5,MountainCar-v0,next-state,5,three_class_state_change_reanalysis,accuracy_pct,20,20,0,80.0,24.49489742783178,0,0,
3.5__MountainCar-v0__next-state__H5,MountainCar-v0,next-state,5,three_class_state_change_reanalysis,original_element_accuracy_pct,20,20,0,82.5,23.84848003542364,0,0,
3.5__MountainCar-v0__next-state__H5,MountainCar-v0,next-state,5,three_class_state_change_reanalysis,official_exact_match_pct,20,20,0,65.0,47.69696007084728,0,0,
3.5__MountainCar-v0__next-state__H5,MountainCar-v0,next-state,5,three_class_state_change_reanalysis,accuracy_pct,10,10,0,75.0,25.0,0,0,
3.5__MountainCar-v0__next-state__H5,MountainCar-v0,next-state,5,three_class_state_change_reanalysis,original_element_accuracy_pct,10,10,0,80.0,24.49489742783178,0,0,
3.5__MountainCar-v0__next-state__H5,MountainCar-v0,next-state,5,three_class_state_change_reanalysis,official_exact_match_pct,10,10,0,60.0,48.98979485566356,0,0,
3.5__Pendulum-v1__last-action__H10,Pendulum-v1,last-action,10,direct_bin_action_match,accuracy_pct,30,30,0,10.0,30.0,0,9,
3.5__Pendulum-v1__last-action__H10,Pendulum-v1,last-action,10,direct_bin_action_match,original_element_accuracy_pct,30,0,30,,,0,9,state_only_metric
3.5__Pendulum-v1__last-action__H10,Pendulum-v1,last-action,10,direct_bin_action_match,official_exact_match_pct,30,30,0,10.0,30.0,0,9,
3.5__Pendulum-v1__last-action__H10,Pendulum-v1,last-action,10,direct_bin_action_match,accuracy_pct,20,20,0,10.0,30.0,0,8,
3.5__Pendulum-v1__last-action__H10,Pendulum-v1,last-action,10,direct_bin_action_match,original_element_accuracy_pct,20,0,20,,,0,8,state_only_metric
3.5__Pendulum-v1__last-action__H10,Pendulum-v1,last-action,10,direct_bin_action_match,official_exact_match_pct,20,20,0,10.0,30.0,0,8,
3.5__Pendulum-v1__last-action__H10,Pendulum-v1,last-action,10,direct_bin_action_match,accuracy_pct,10,10,0,10.0,30.0,0,3,
3.5__Pendulum-v1__last-action__H10,Pendulum-v1,last-action,10,direct_bin_action_match,original_element_accuracy_pct,10,0,10,,,0,3,state_only_metric
3.5__Pendulum-v1__last-action__H10,Pendulum-v1,last-action,10,direct_bin_action_match,official_exact_match_pct,10,10,0,10.0,30.0,0,3,
3.5__Pendulum-v1__last-action__H20,Pendulum-v1,last-action,20,direct_bin_action_match,accuracy_pct,30,30,0,16.666666666666668,37.26779962499649,0,2,
3.5__Pendulum-v1__last-action__H20,Pendulum-v1,last-action,20,direct_bin_action_match,original_element_accuracy_pct,30,0,30,,,0,2,state_only_metric
3.5__Pendulum-v1__last-action__H20,Pendulum-v1,last-action,20,direct_bin_action_match,official_exact_match_pct,30,30,0,16.666666666666668,37.26779962499649,0,2,
3.5__Pendulum-v1__last-action__H20,Pendulum-v1,last-action,20,direct_bin_action_match,accuracy_pct,20,20,0,25.0,43.30127018922193,0,0,
3.5__Pendulum-v1__last-action__H20,Pendulum-v1,last-action,20,direct_bin_action_match,original_element_accuracy_pct,20,0,20,,,0,0,state_only_metric
3.5__Pendulum-v1__last-action__H20,Pendulum-v1,last-action,20,direct_bin_action_match,official_exact_match_pct,20,20,0,25.0,43.30127018922193,0,0,
3.5__Pendulum-v1__last-action__H20,Pendulum-v1,last-action,20,direct_bin_action_match,accuracy_pct,10,10,0,20.0,40.0,0,0,
3.5__Pendulum-v1__last-action__H20,Pendulum-v1,last-action,20,direct_bin_action_match,original_element_accuracy_pct,10,0,10,,,0,0,state_only_metric
3.5__Pendulum-v1__last-action__H20,Pendulum-v1,last-action,20,direct_bin_action_match,official_exact_match_pct,10,10,0,20.0,40.0,0,0,
3.5__Pendulum-v1__last-action__H30,Pendulum-v1,last-action,30,direct_bin_action_match,accuracy_pct,30,30,0,13.333333333333334,33.9934634239519,0,4,
3.5__Pendulum-v1__last-action__H30,Pendulum-v1,last-action,30,direct_bin_action_match,original_element_accuracy_pct,30,0,30,,,0,4,state_only_metric
3.5__Pendulum-v1__last-action__H30,Pendulum-v1,last-action,30,direct_bin_action_match,official_exact_match_pct,30,30,0,13.333333333333334,33.9934634239519,0,4,
3.5__Pendulum-v1__last-action__H30,Pendulum-v1,last-action,30,direct_bin_action_match,accuracy_pct,20,20,0,20.0,40.0,0,4,
3.5__Pendulum-v1__last-action__H30,Pendulum-v1,last-action,30,direct_bin_action_match,original_element_accuracy_pct,20,0,20,,,0,4,state_only_metric
3.5__Pendulum-v1__last-action__H30,Pendulum-v1,last-action,30,direct_bin_action_match,official_exact_match_pct,20,20,0,20.0,40.0,0,4,
3.5__Pendulum-v1__last-action__H30,Pendulum-v1,last-action,30,direct_bin_action_match,accuracy_pct,10,10,0,20.0,40.0,0,3,
3.5__Pendulum-v1__last-action__H30,Pendulum-v1,last-action,30,direct_bin_action_match,original_element_accuracy_pct,10,0,10,,,0,3,state_only_metric
3.5__Pendulum-v1__last-action__H30,Pendulum-v1,last-action,30,direct_bin_action_match,official_exact_match_pct,10,10,0,20.0,40.0,0,3,
3.5__Pendulum-v1__last-action__H5,Pendulum-v1,last-action,5,direct_bin_action_match,accuracy_pct,30,30,0,10.0,30.0,0,4,
3.5__Pendulum-v1__last-action__H5,Pendulum-v1,last-action,5,direct_bin_action_match,original_element_accuracy_pct,30,0,30,,,0,4,state_only_metric
3.5__Pendulum-v1__last-action__H5,Pendulum-v1,last-action,5,direct_bin_action_match,official_exact_match_pct,30,30,0,10.0,30.0,0,4,
3.5__Pendulum-v1__last-action__H5,Pendulum-v1,last-action,5,direct_bin_action_match,accuracy_pct,20,20,0,5.0,21.79449471770337,0,4,
3.5__Pendulum-v1__last-action__H5,Pendulum-v1,last-action,5,direct_bin_action_match,original_element_accuracy_pct,20,0,20,,,0,4,state_only_metric
3.5__Pendulum-v1__last-action__H5,Pendulum-v1,last-action,5,direct_bin_action_match,official_exact_match_pct,20,20,0,5.0,21.79449471770337,0,4,
3.5__Pendulum-v1__last-action__H5,Pendulum-v1,last-action,5,direct_bin_action_match,accuracy_pct,10,10,0,0.0,0.0,0,1,
3.5__Pendulum-v1__last-action__H5,Pendulum-v1,last-action,5,direct_bin_action_match,original_element_accuracy_pct,10,0,10,,,0,1,state_only_metric
3.5__Pendulum-v1__last-action__H5,Pendulum-v1,last-action,5,direct_bin_action_match,official_exact_match_pct,10,10,0,0.0,0.0,0,1,
3.5__Pendulum-v1__last-state__H10,Pendulum-v1,last-state,10,three_class_state_change_reanalysis,accuracy_pct,30,28,2,45.238095238095234,18.288442256830017,0,2,
3.5__Pendulum-v1__last-state__H10,Pendulum-v1,last-state,10,three_class_state_change_reanalysis,original_element_accuracy_pct,30,28,2,52.38095238095237,16.495721976846447,0,2,
3.5__Pendulum-v1__last-state__H10,Pendulum-v1,last-state,10,three_class_state_change_reanalysis,official_exact_match_pct,30,30,0,0.0,0.0,0,2,
3.5__Pendulum-v1__last-state__H10,Pendulum-v1,last-state,10,three_class_state_change_reanalysis,accuracy_pct,20,19,1,43.859649122807014,18.895315112752645,0,1,
3.5__Pendulum-v1__last-state__H10,Pendulum-v1,last-state,10,three_class_state_change_reanalysis,original_element_accuracy_pct,20,19,1,54.3859649122807,16.079212964757332,0,1,
3.5__Pendulum-v1__last-state__H10,Pendulum-v1,last-state,10,three_class_state_change_reanalysis,official_exact_match_pct,20,20,0,0.0,0.0,0,1,
3.5__Pendulum-v1__last-state__H10,Pendulum-v1,last-state,10,three_class_state_change_reanalysis,accuracy_pct,10,10,0,39.99999999999999,19.999999999999996,0,0,
3.5__Pendulum-v1__last-state__H10,Pendulum-v1,last-state,10,three_class_state_change_reanalysis,original_element_accuracy_pct,10,10,0,53.33333333333333,16.329931618554518,0,0,
3.5__Pendulum-v1__last-state__H10,Pendulum-v1,last-state,10,three_class_state_change_reanalysis,official_exact_match_pct,10,10,0,0.0,0.0,0,0,
3.5__Pendulum-v1__last-state__H20,Pendulum-v1,last-state,20,three_class_state_change_reanalysis,accuracy_pct,30,28,2,48.8095238095238,16.62409529020112,0,2,
3.5__Pendulum-v1__last-state__H20,Pendulum-v1,last-state,20,three_class_state_change_reanalysis,original_element_accuracy_pct,30,28,2,54.76190476190475,15.971914124998495,0,2,
3.5__Pendulum-v1__last-state__H20,Pendulum-v1,last-state,20,three_class_state_change_reanalysis,official_exact_match_pct,30,30,0,0.0,0.0,0,2,
3.5__Pendulum-v1__last-state__H20,Pendulum-v1,last-state,20,three_class_state_change_reanalysis,accuracy_pct,20,19,1,49.122807017543856,16.643566632465152,0,1,
3.5__Pendulum-v1__last-state__H20,Pendulum-v1,last-state,20,three_class_state_change_reanalysis,original_element_accuracy_pct,20,19,1,50.87719298245613,16.643566632465152,0,1,
3.5__Pendulum-v1__last-state__H20,Pendulum-v1,last-state,20,three_class_state_change_reanalysis,official_exact_match_pct,20,20,0,0.0,0.0,0,1,
3.5__Pendulum-v1__last-state__H20,Pendulum-v1,last-state,20,three_class_state_change_reanalysis,accuracy_pct,10,9,1,48.14814814814814,16.56346649999844,0,1,
3.5__Pendulum-v1__last-state__H20,Pendulum-v1,last-state,20,three_class_state_change_reanalysis,original_element_accuracy_pct,10,9,1,48.14814814814814,16.56346649999844,0,1,
3.5__Pendulum-v1__last-state__H20,Pendulum-v1,last-state,20,three_class_state_change_reanalysis,official_exact_match_pct,10,10,0,0.0,0.0,0,1,
3.5__Pendulum-v1__last-state__H30,Pendulum-v1,last-state,30,three_class_state_change_reanalysis,accuracy_pct,30,30,0,46.66666666666666,22.110831935702663,0,0,
3.5__Pendulum-v1__last-state__H30,Pendulum-v1,last-state,30,three_class_state_change_reanalysis,original_element_accuracy_pct,30,30,0,52.222222222222214,18.625616238044678,0,0,
3.5__Pendulum-v1__last-state__H30,Pendulum-v1,last-state,30,three_class_state_change_reanalysis,official_exact_match_pct,30,30,0,3.3333333333333335,17.950549357115012,0,0,
3.5__Pendulum-v1__last-state__H30,Pendulum-v1,last-state,30,three_class_state_change_reanalysis,accuracy_pct,20,20,0,44.99999999999999,19.075871903765993,0,0,
3.5__Pendulum-v1__last-state__H30,Pendulum-v1,last-state,30,three_class_state_change_reanalysis,original_element_accuracy_pct,20,20,0,49.99999999999999,16.666666666666664,0,0,
3.5__Pendulum-v1__last-state__H30,Pendulum-v1,last-state,30,three_class_state_change_reanalysis,official_exact_match_pct,20,20,0,0.0,0.0,0,0,
3.5__Pendulum-v1__last-state__H30,Pendulum-v1,last-state,30,three_class_state_change_reanalysis,accuracy_pct,10,10,0,43.33333333333333,21.343747458109494,0,0,
3.5__Pendulum-v1__last-state__H30,Pendulum-v1,last-state,30,three_class_state_change_reanalysis,original_element_accuracy_pct,10,10,0,49.99999999999999,16.666666666666664,0,0,
3.5__Pendulum-v1__last-state__H30,Pendulum-v1,last-state,30,three_class_state_change_reanalysis,official_exact_match_pct,10,10,0,0.0,0.0,0,0,
3.5__Pendulum-v1__last-state__H5,Pendulum-v1,last-state,5,three_class_state_change_reanalysis,accuracy_pct,30,29,1,47.12643678160919,18.60507362786051,0,1,
3.5__Pendulum-v1__last-state__H5,Pendulum-v1,last-state,5,three_class_state_change_reanalysis,original_element_accuracy_pct,30,29,1,52.87356321839079,18.60507362786051,0,1,
3.5__Pendulum-v1__last-state__H5,Pendulum-v1,last-state,5,three_class_state_change_reanalysis,official_exact_match_pct,30,30,0,3.3333333333333335,17.950549357115012,0,1,
3.5__Pendulum-v1__last-state__H5,Pendulum-v1,last-state,5,three_class_state_change_reanalysis,accuracy_pct,20,19,1,43.859649122807014,18.895315112752645,0,1,
3.5__Pendulum-v1__last-state__H5,Pendulum-v1,last-state,5,three_class_state_change_reanalysis,original_element_accuracy_pct,20,19,1,50.87719298245613,16.643566632465152,0,1,
3.5__Pendulum-v1__last-state__H5,Pendulum-v1,last-state,5,three_class_state_change_reanalysis,official_exact_match_pct,20,20,0,0.0,0.0,0,1,
3.5__Pendulum-v1__last-state__H5,Pendulum-v1,last-state,5,three_class_state_change_reanalysis,accuracy_pct,10,9,1,44.444444444444436,15.71348402636772,0,1,
3.5__Pendulum-v1__last-state__H5,Pendulum-v1,last-state,5,three_class_state_change_reanalysis,original_element_accuracy_pct,10,9,1,48.14814814814814,16.56346649999844,0,1,
3.5__Pendulum-v1__last-state__H5,Pendulum-v1,last-state,5,three_class_state_change_reanalysis,official_exact_match_pct,10,10,0,0.0,0.0,0,1,
3.5__Pendulum-v1__next-action__H10,Pendulum-v1,next-action,10,direct_bin_action_match,accuracy_pct,30,30,0,13.333333333333334,33.9934634239519,0,3,
3.5__Pendulum-v1__next-action__H10,Pendulum-v1,next-action,10,direct_bin_action_match,original_element_accuracy_pct,30,0,30,,,0,3,state_only_metric
3.5__Pendulum-v1__next-action__H10,Pendulum-v1,next-action,10,direct_bin_action_match,official_exact_match_pct,30,30,0,13.333333333333334,33.9934634239519,0,3,
3.5__Pendulum-v1__next-action__H10,Pendulum-v1,next-action,10,direct_bin_action_match,accuracy_pct,20,20,0,15.0,35.70714214271425,0,3,
3.5__Pendulum-v1__next-action__H10,Pendulum-v1,next-action,10,direct_bin_action_match,original_element_accuracy_pct,20,0,20,,,0,3,state_only_metric
3.5__Pendulum-v1__next-action__H10,Pendulum-v1,next-action,10,direct_bin_action_match,official_exact_match_pct,20,20,0,15.0,35.70714214271425,0,3,
3.5__Pendulum-v1__next-action__H10,Pendulum-v1,next-action,10,direct_bin_action_match,accuracy_pct,10,10,0,10.0,30.0,0,2,
3.5__Pendulum-v1__next-action__H10,Pendulum-v1,next-action,10,direct_bin_action_match,original_element_accuracy_pct,10,0,10,,,0,2,state_only_metric
3.5__Pendulum-v1__next-action__H10,Pendulum-v1,next-action,10,direct_bin_action_match,official_exact_match_pct,10,10,0,10.0,30.0,0,2,
3.5__Pendulum-v1__next-action__H20,Pendulum-v1,next-action,20,direct_bin_action_match,accuracy_pct,30,30,0,13.333333333333334,33.9934634239519,0,1,
3.5__Pendulum-v1__next-action__H20,Pendulum-v1,next-action,20,direct_bin_action_match,original_element_accuracy_pct,30,0,30,,,0,1,state_only_metric
3.5__Pendulum-v1__next-action__H20,Pendulum-v1,next-action,20,direct_bin_action_match,official_exact_match_pct,30,30,0,13.333333333333334,33.9934634239519,0,1,
3.5__Pendulum-v1__next-action__H20,Pendulum-v1,next-action,20,direct_bin_action_match,accuracy_pct,20,20,0,10.0,30.0,0,1,
3.5__Pendulum-v1__next-action__H20,Pendulum-v1,next-action,20,direct_bin_action_match,original_element_accuracy_pct,20,0,20,,,0,1,state_only_metric
3.5__Pendulum-v1__next-action__H20,Pendulum-v1,next-action,20,direct_bin_action_match,official_exact_match_pct,20,20,0,10.0,30.0,0,1,
3.5__Pendulum-v1__next-action__H20,Pendulum-v1,next-action,20,direct_bin_action_match,accuracy_pct,10,10,0,20.0,40.0,0,1,
3.5__Pendulum-v1__next-action__H20,Pendulum-v1,next-action,20,direct_bin_action_match,original_element_accuracy_pct,10,0,10,,,0,1,state_only_metric
3.5__Pendulum-v1__next-action__H20,Pendulum-v1,next-action,20,direct_bin_action_match,official_exact_match_pct,10,10,0,20.0,40.0,0,1,
3.5__Pendulum-v1__next-action__H30,Pendulum-v1,next-action,30,direct_bin_action_match,accuracy_pct,30,30,0,23.333333333333332,42.295258468165066,0,1,
3.5__Pendulum-v1__next-action__H30,Pendulum-v1,next-action,30,direct_bin_action_match,original_element_accuracy_pct,30,0,30,,,0,1,state_only_metric
3.5__Pendulum-v1__next-action__H30,Pendulum-v1,next-action,30,direct_bin_action_match,official_exact_match_pct,30,30,0,23.333333333333332,42.295258468165066,0,1,
3.5__Pendulum-v1__next-action__H30,Pendulum-v1,next-action,30,direct_bin_action_match,accuracy_pct,20,20,0,20.0,40.0,0,0,
3.5__Pendulum-v1__next-action__H30,Pendulum-v1,next-action,30,direct_bin_action_match,original_element_accuracy_pct,20,0,20,,,0,0,state_only_metric
3.5__Pendulum-v1__next-action__H30,Pendulum-v1,next-action,30,direct_bin_action_match,official_exact_match_pct,20,20,0,20.0,40.0,0,0,
3.5__Pendulum-v1__next-action__H30,Pendulum-v1,next-action,30,direct_bin_action_match,accuracy_pct,10,10,0,20.0,40.0,0,0,
3.5__Pendulum-v1__next-action__H30,Pendulum-v1,next-action,30,direct_bin_action_match,original_element_accuracy_pct,10,0,10,,,0,0,state_only_metric
3.5__Pendulum-v1__next-action__H30,Pendulum-v1,next-action,30,direct_bin_action_match,official_exact_match_pct,10,10,0,20.0,40.0,0,0,
3.5__Pendulum-v1__next-action__H5,Pendulum-v1,next-action,5,direct_bin_action_match,accuracy_pct,30,30,0,16.666666666666668,37.26779962499649,0,4,
3.5__Pendulum-v1__next-action__H5,Pendulum-v1,next-action,5,direct_bin_action_match,original_element_accuracy_pct,30,0,30,,,0,4,state_only_metric
3.5__Pendulum-v1__next-action__H5,Pendulum-v1,next-action,5,direct_bin_action_match,official_exact_match_pct,30,30,0,16.666666666666668,37.26779962499649,0,4,
3.5__Pendulum-v1__next-action__H5,Pendulum-v1,next-action,5,direct_bin_action_match,accuracy_pct,20,20,0,15.0,35.70714214271425,0,2,
3.5__Pendulum-v1__next-action__H5,Pendulum-v1,next-action,5,direct_bin_action_match,original_element_accuracy_pct,20,0,20,,,0,2,state_only_metric
3.5__Pendulum-v1__next-action__H5,Pendulum-v1,next-action,5,direct_bin_action_match,official_exact_match_pct,20,20,0,15.0,35.70714214271425,0,2,
3.5__Pendulum-v1__next-action__H5,Pendulum-v1,next-action,5,direct_bin_action_match,accuracy_pct,10,10,0,20.0,40.0,0,1,
3.5__Pendulum-v1__next-action__H5,Pendulum-v1,next-action,5,direct_bin_action_match,original_element_accuracy_pct,10,0,10,,,0,1,state_only_metric
3.5__Pendulum-v1__next-action__H5,Pendulum-v1,next-action,5,direct_bin_action_match,official_exact_match_pct,10,10,0,20.0,40.0,0,1,
3.5__Pendulum-v1__next-state__H10,Pendulum-v1,next-state,10,three_class_state_change_reanalysis,accuracy_pct,30,27,3,48.14814814814814,22.83116297395917,0,3,
3.5__Pendulum-v1__next-state__H10,Pendulum-v1,next-state,10,three_class_state_change_reanalysis,original_element_accuracy_pct,30,27,3,55.55555555555555,22.22222222222222,0,3,
3.5__Pendulum-v1__next-state__H10,Pendulum-v1,next-state,10,three_class_state_change_reanalysis,official_exact_match_pct,30,30,0,6.666666666666667,24.94438257849294,0,3,
3.5__Pendulum-v1__next-state__H10,Pendulum-v1,next-state,10,three_class_state_change_reanalysis,accuracy_pct,20,17,3,52.94117647058823,19.996154955265823,0,3,
3.5__Pendulum-v1__next-state__H10,Pendulum-v1,next-state,10,three_class_state_change_reanalysis,original_element_accuracy_pct,20,17,3,58.823529411764696,18.183565677442555,0,3,
3.5__Pendulum-v1__next-state__H10,Pendulum-v1,next-state,10,three_class_state_change_reanalysis,official_exact_match_pct,20,20,0,5.0,21.79449471770337,0,3,
3.5__Pendulum-v1__next-state__H10,Pendulum-v1,next-state,10,three_class_state_change_reanalysis,accuracy_pct,10,10,0,63.33333333333333,17.950549357115015,0,0,
3.5__Pendulum-v1__next-state__H10,Pendulum-v1,next-state,10,three_class_state_change_reanalysis,original_element_accuracy_pct,10,10,0,66.66666666666666,14.9071198499986,0,0,
3.5__Pendulum-v1__next-state__H10,Pendulum-v1,next-state,10,three_class_state_change_reanalysis,official_exact_match_pct,10,10,0,10.0,30.0,0,0,
3.5__Pendulum-v1__next-state__H20,Pendulum-v1,next-state,20,three_class_state_change_reanalysis,accuracy_pct,30,26,4,44.87179487179487,20.55284556651461,0,4,
3.5__Pendulum-v1__next-state__H20,Pendulum-v1,next-state,20,three_class_state_change_reanalysis,original_element_accuracy_pct,30,26,4,49.99999999999999,21.182963643408083,0,4,
3.5__Pendulum-v1__next-state__H20,Pendulum-v1,next-state,20,three_class_state_change_reanalysis,official_exact_match_pct,30,30,0,0.0,0.0,0,4,
3.5__Pendulum-v1__next-state__H20,Pendulum-v1,next-state,20,three_class_state_change_reanalysis,accuracy_pct,20,18,2,48.14814814814814,19.9450548412389,0,2,
3.5__Pendulum-v1__next-state__H20,Pendulum-v1,next-state,20,three_class_state_change_reanalysis,original_element_accuracy_pct,20,18,2,53.703703703703695,19.685455208767866,0,2,
3.5__Pendulum-v1__next-state__H20,Pendulum-v1,next-state,20,three_class_state_change_reanalysis,official_exact_match_pct,20,20,0,0.0,0.0,0,2,
3.5__Pendulum-v1__next-state__H20,Pendulum-v1,next-state,20,three_class_state_change_reanalysis,accuracy_pct,10,9,1,51.85185185185185,16.56346649999844,0,1,
3.5__Pendulum-v1__next-state__H20,Pendulum-v1,next-state,20,three_class_state_change_reanalysis,original_element_accuracy_pct,10,9,1,51.85185185185185,16.56346649999844,0,1,
3.5__Pendulum-v1__next-state__H20,Pendulum-v1,next-state,20,three_class_state_change_reanalysis,official_exact_match_pct,10,10,0,0.0,0.0,0,1,
3.5__Pendulum-v1__next-state__H30,Pendulum-v1,next-state,30,three_class_state_change_reanalysis,accuracy_pct,30,29,1,41.37931034482758,20.81697732905153,0,1,
3.5__Pendulum-v1__next-state__H30,Pendulum-v1,next-state,30,three_class_state_change_reanalysis,original_element_accuracy_pct,30,29,1,48.27586206896551,16.57724724351259,0,1,
3.5__Pendulum-v1__next-state__H30,Pendulum-v1,next-state,30,three_class_state_change_reanalysis,official_exact_match_pct,30,30,0,0.0,0.0,0,1,
3.5__Pendulum-v1__next-state__H30,Pendulum-v1,next-state,30,three_class_state_change_reanalysis,accuracy_pct,20,19,1,42.10526315789473,23.79764906359743,0,1,
3.5__Pendulum-v1__next-state__H30,Pendulum-v1,next-state,30,three_class_state_change_reanalysis,original_element_accuracy_pct,20,19,1,49.122807017543856,16.643566632465152,0,1,
3.5__Pendulum-v1__next-state__H30,Pendulum-v1,next-state,30,three_class_state_change_reanalysis,official_exact_match_pct,20,20,0,0.0,0.0,0,1,
3.5__Pendulum-v1__next-state__H30,Pendulum-v1,next-state,30,three_class_state_change_reanalysis,accuracy_pct,10,10,0,39.99999999999999,29.05932629027115,0,0,
3.5__Pendulum-v1__next-state__H30,Pendulum-v1,next-state,30,three_class_state_change_reanalysis,original_element_accuracy_pct,10,10,0,49.99999999999999,16.666666666666664,0,0,
3.5__Pendulum-v1__next-state__H30,Pendulum-v1,next-state,30,three_class_state_change_reanalysis,official_exact_match_pct,10,10,0,0.0,0.0,0,0,
3.5__Pendulum-v1__next-state__H5,Pendulum-v1,next-state,5,three_class_state_change_reanalysis,accuracy_pct,30,29,1,47.12643678160919,20.56154462068772,0,1,
3.5__Pendulum-v1__next-state__H5,Pendulum-v1,next-state,5,three_class_state_change_reanalysis,original_element_accuracy_pct,30,29,1,52.87356321839079,18.60507362786051,0,1,
3.5__Pendulum-v1__next-state__H5,Pendulum-v1,next-state,5,three_class_state_change_reanalysis,official_exact_match_pct,30,30,0,3.3333333333333335,17.950549357115012,0,1,
3.5__Pendulum-v1__next-state__H5,Pendulum-v1,next-state,5,three_class_state_change_reanalysis,accuracy_pct,20,20,0,44.99999999999999,19.075871903765993,0,0,
3.5__Pendulum-v1__next-state__H5,Pendulum-v1,next-state,5,three_class_state_change_reanalysis,original_element_accuracy_pct,20,20,0,53.33333333333333,16.329931618554518,0,0,
3.5__Pendulum-v1__next-state__H5,Pendulum-v1,next-state,5,three_class_state_change_reanalysis,official_exact_match_pct,20,20,0,0.0,0.0,0,0,
3.5__Pendulum-v1__next-state__H5,Pendulum-v1,next-state,5,three_class_state_change_reanalysis,accuracy_pct,10,10,0,39.99999999999999,13.333333333333332,0,0,
3.5__Pendulum-v1__next-state__H5,Pendulum-v1,next-state,5,three_class_state_change_reanalysis,original_element_accuracy_pct,10,10,0,49.99999999999999,16.666666666666664,0,0,
3.5__Pendulum-v1__next-state__H5,Pendulum-v1,next-state,5,three_class_state_change_reanalysis,official_exact_match_pct,10,10,0,0.0,0.0,0,0,
