condition_id,task,metric,H,evaluation_kind,dimension,subset_n,N,missing_count,mean,std,std_ddof
3.5__MountainCar-v0__last-state__H10,MountainCar-v0,last-state,10,three_class_state_change_reanalysis,0,30,30,0,70.0,45.8257569495584,0
3.5__MountainCar-v0__last-state__H10,MountainCar-v0,last-state,10,three_class_state_change_reanalysis,1,30,30,0,40.0,48.98979485566356,0
3.5__MountainCar-v0__last-state__H10,MountainCar-v0,last-state,10,three_class_state_change_reanalysis,0,20,20,0,75.0,43.30127018922193,0
3.5__MountainCar-v0__last-state__H10,MountainCar-v0,last-state,10,three_class_state_change_reanalysis,1,20,20,0,40.0,48.98979485566356,0
3.5__MountainCar-v0__last-state__H10,MountainCar-v0,last-state,10,three_class_state_change_reanalysis,0,10,10,0,50.0,50.0,0
3.5__MountainCar-v0__last-state__H10,MountainCar-v0,last-state,10,three_class_state_change_reanalysis,1,10,10,0,30.0,45.8257569495584,0
3.5__MountainCar-v0__last-state__H20,MountainCar-v0,last-state,20,three_class_state_change_reanalysis,0,30,30,0,80.0,40.0,0
3.5__MountainCar-v0__last-state__H20,MountainCar-v0,last-state,20,three_class_state_change_reanalysis,1,30,30,0,50.0,50.0,0
3.5__MountainCar-v0__last-state__H20,MountainCar-v0,last-state,20,three_class_state_change_reanalysis,0,20,20,0,80.0,40.0,0
3.5__MountainCar-v0__last-state__H20,MountainCar-v0,last-state,20,three_class_state_change_reanalysis,1,20,20,0,40.0,48.98979485566356,0
3.5__MountainCar-v0__last-state__H20,MountainCar-v0,last-state,20,three_class_state_change_reanalysis,0,10,10,0,70.0,45.8257569495584,0
3.5__MountainCar-v0__last-state__H20,MountainCar-v0,last-state,20,three_class_state_change_reanalysis,1,10,10,0,40.0,48.98979485566356,0
3.5__MountainCar-v0__last-state__H30,MountainCar-v0,last-state,30,three_class_state_change_reanalysis,0,30,30,0,56.666666666666664,49.55356249106168,0
3.5__MountainCar-v0__last-state__H30,MountainCar-v0,last-state,30,three_class_state_change_reanalysis,1,30,30,0,40.0,48.98979485566356,0
3.5__MountainCar-v0__last-state__H30,MountainCar-v0,last-state,30,three_class_state_change_reanalysis,0,20,20,0,60.0,48.98979485566356,0
3.5__MountainCar-v0__last-state__H30,MountainCar-v0,last-state,30,three_class_state_change_reanalysis,1,20,20,0,30.0,45.8257569495584,0
3.5__MountainCar-v0__last-state__H30,MountainCar-v0,last-state,30,three_class_state_change_reanalysis,0,10,10,0,50.0,50.0,0
3.5__MountainCar-v0__last-state__H30,MountainCar-v0,last-state,30,three_class_state_change_reanalysis,1,10,10,0,30.0,45.8257569495584,0
3.5__MountainCar-v0__last-state__H5,MountainCar-v0,last-state,5,three_class_state_change_reanalysis,0,30,29,1,72.41379310344827,44.694763437295585,0
3.5__MountainCar-v0__last-state__H5,MountainCar-v0,last-state,5,three_class_state_change_reanalysis,1,30,29,1,68.96551724137932,46.26347539654737,0
3.5__MountainCar-v0__last-state__H5,MountainCar-v0,last-state,5,three_class_state_change_reanalysis,0,20,19,1,73.6842105263158,44.034738238635555,0
3.5__MountainCar-v0__last-state__H5,MountainCar-v0,last-state,5,three_class_state_change_reanalysis,1,20,19,1,68.42105263157895,46.4829519280413,0
3.5__MountainCar-v0__last-state__H5,MountainCar-v0,last-state,5,three_class_state_change_reanalysis,0,10,9,1,77.77777777777777,41.5739709641549,0
3.5__MountainCar-v0__last-state__H5,MountainCar-v0,last-state,5,three_class_state_change_reanalysis,1,10,9,1,66.66666666666667,47.14045207910317,0
3.5__MountainCar-v0__next-state__H10,MountainCar-v0,next-state,10,three_class_state_change_reanalysis,0,30,30,0,76.66666666666667,42.295258468165066,0
3.5__MountainCar-v0__next-state__H10,MountainCar-v0,next-state,10,three_class_state_change_reanalysis,1,30,30,0,70.0,45.8257569495584,0
3.5__MountainCar-v0__next-state__H10,MountainCar-v0,next-state,10,three_class_state_change_reanalysis,0,20,20,0,80.0,40.0,0
3.5__MountainCar-v0__next-state__H10,MountainCar-v0,next-state,10,three_class_state_change_reanalysis,1,20,20,0,70.0,45.8257569495584,0
3.5__MountainCar-v0__next-state__H10,MountainCar-v0,next-state,10,three_class_state_change_reanalysis,0,10,10,0,90.0,30.0,0
3.5__MountainCar-v0__next-state__H10,MountainCar-v0,next-state,10,three_class_state_change_reanalysis,1,10,10,0,50.0,50.0,0
3.5__MountainCar-v0__next-state__H20,MountainCar-v0,next-state,20,three_class_state_change_reanalysis,0,30,30,0,80.0,40.0,0
3.5__MountainCar-v0__next-state__H20,MountainCar-v0,next-state,20,three_class_state_change_reanalysis,1,30,30,0,46.666666666666664,49.88876515698588,0
3.5__MountainCar-v0__next-state__H20,MountainCar-v0,next-state,20,three_class_state_change_reanalysis,0,20,20,0,80.0,40.0,0
3.5__MountainCar-v0__next-state__H20,MountainCar-v0,next-state,20,three_class_state_change_reanalysis,1,20,20,0,30.0,45.8257569495584,0
3.5__MountainCar-v0__next-state__H20,MountainCar-v0,next-state,20,three_class_state_change_reanalysis,0,10,10,0,90.0,30.0,0
3.5__MountainCar-v0__next-state__H20,MountainCar-v0,next-state,20,three_class_state_change_reanalysis,1,10,10,0,30.0,45.8257569495584,0
3.5__MountainCar-v0__next-state__H30,MountainCar-v0,next-state,30,three_class_state_change_reanalysis,0,30,29,1,86.20689655172414,34.48275862068966,0
3.5__MountainCar-v0__next-state__H30,MountainCar-v0,next-state,30,three_class_state_change_reanalysis,1,30,29,1,55.172413793103445,49.731741730537784,0
3.5__MountainCar-v0__next-state__H30,MountainCar-v0,next-state,30,three_class_state_change_reanalysis,0,20,19,1,78.94736842105263,40.76824574955176,0
3.5__MountainCar-v0__next-state__H30,MountainCar-v0,next-state,30,three_class_state_change_reanalysis,1,20,19,1,68.42105263157895,46.4829519280413,0
3.5__MountainCar-v0__next-state__H30,MountainCar-v0,next-state,30,three_class_state_change_reanalysis,0,10,10,0,70.0,45.8257569495584,0
3.5__MountainCar-v0__next-state__H30,MountainCar-v0,next-state,30,three_class_state_change_reanalysis,1,10,10,0,70.0,45.8257569495584,0
3.5__MountainCar-v0__next-state__H5,MountainCar-v0,next-state,5,three_class_state_change_reanalysis,0,30,30,0,80.0,40.0,0
3.5__MountainCar-v0__next-state__H5,MountainCar-v0,next-state,5,three_class_state_change_reanalysis,1,30,30,0,86.66666666666667,33.9934634239519,0
3.5__MountainCar-v0__next-state__H5,MountainCar-v0,next-state,5,three_class_state_change_reanalysis,0,20,20,0,75.0,43.30127018922193,0
3.5__MountainCar-v0__next-state__H5,MountainCar-v0,next-state,5,three_class_state_change_reanalysis,1,20,20,0,85.0,35.70714214271425,0
3.5__MountainCar-v0__next-state__H5,MountainCar-v0,next-state,5,three_class_state_change_reanalysis,0,10,10,0,80.0,40.0,0
3.5__MountainCar-v0__next-state__H5,MountainCar-v0,next-state,5,three_class_state_change_reanalysis,1,10,10,0,70.0,45.8257569495584,0
3.5__Pendulum-v1__last-state__H10,Pendulum-v1,last-state,10,three_class_state_change_reanalysis,0,30,28,2,35.714285714285715,47.915742374995496,0
3.5__Pendulum-v1__last-state__H10,Pendulum-v1,last-state,10,three_class_state_change_reanalysis,1,30,28,2,39.285714285714285,48.83855118277623,0
3.5__Pendulum-v1__last-state__H10,Pendulum-v1,last-state,10,three_class_state_change_reanalysis,2,30,28,2,60.714285714285715,48.83855118277623,0
3.5__Pendulum-v1__last-state__H10,Pendulum-v1,last-state,10,three_class_state_change_reanalysis,0,20,19,1,36.8421052631579,48.237638894272,0
3.5__Pendulum-v1__last-state__H10,Pendulum-v1,last-state,10,three_class_state_change_reanalysis,1,20,19,1,36.8421052631579,48.237638894272,0
3.5__Pendulum-v1__last-state__H10,Pendulum-v1,last-state,10,three_class_state_change_reanalysis,2,20,19,1,57.89473684210526,49.37279747182557,0
3.5__Pendulum-v1__last-state__H10,Pendulum-v1,last-state,10,three_class_state_change_reanalysis,0,10,10,0,30.0,45.8257569495584,0
3.5__Pendulum-v1__last-state__H10,Pendulum-v1,last-state,10,three_class_state_change_reanalysis,1,10,10,0,40.0,48.98979485566356,0
3.5__Pendulum-v1__last-state__H10,Pendulum-v1,last-state,10,three_class_state_change_reanalysis,2,10,10,0,50.0,50.0,0
3.5__Pendulum-v1__last-state__H20,Pendulum-v1,last-state,20,three_class_state_change_reanalysis,0,30,28,2,46.42857142857143,49.87228587060336,0
3.5__Pendulum-v1__last-state__H20,Pendulum-v1,last-state,20,three_class_state_change_reanalysis,1,30,28,2,39.285714285714285,48.83855118277623,0
3.5__Pendulum-v1__last-state__H20,Pendulum-v1,last-state,20,three_class_state_change_reanalysis,2,30,28,2,60.714285714285715,48.83855118277623,0
3.5__Pendulum-v1__last-state__H20,Pendulum-v1,last-state,20,three_class_state_change_reanalysis,0,20,19,1,57.89473684210526,49.37279747182557,0
3.5__Pendulum-v1__last-state__H20,Pendulum-v1,last-state,20,three_class_state_change_reanalysis,1,20,19,1,36.8421052631579,48.237638894272,0
3.5__Pendulum-v1__last-state__H20,Pendulum-v1,last-state,20,three_class_state_change_reanalysis,2,20,19,1,52.63157894736842,49.93069989739546,0
3.5__Pendulum-v1__last-state__H20,Pendulum-v1,last-state,20,three_class_state_change_reanalysis,0,10,9,1,66.66666666666667,47.14045207910317,0
3.5__Pendulum-v1__last-state__H20,Pendulum-v1,last-state,20,three_class_state_change_reanalysis,1,10,9,1,33.333333333333336,47.14045207910317,0
3.5__Pendulum-v1__last-state__H20,Pendulum-v1,last-state,20,three_class_state_change_reanalysis,2,10,9,1,44.44444444444444,49.69039949999533,0
3.5__Pendulum-v1__last-state__H30,Pendulum-v1,last-state,30,three_class_state_change_reanalysis,0,30,30,0,33.333333333333336,47.14045207910317,0
3.5__Pendulum-v1__last-state__H30,Pendulum-v1,last-state,30,three_class_state_change_reanalysis,1,30,30,0,46.666666666666664,49.88876515698588,0
3.5__Pendulum-v1__last-state__H30,Pendulum-v1,last-state,30,three_class_state_change_reanalysis,2,30,30,0,60.0,48.98979485566356,0
3.5__Pendulum-v1__last-state__H30,Pendulum-v1,last-state,30,three_class_state_change_reanalysis,0,20,20,0,30.0,45.8257569495584,0
3.5__Pendulum-v1__last-state__H30,Pendulum-v1,last-state,30,three_class_state_change_reanalysis,1,20,20,0,45.0,49.749371855331,0
3.5__Pendulum-v1__last-state__H30,Pendulum-v1,last-state,30,three_class_state_change_reanalysis,2,20,20,0,60.0,48.98979485566356,0
3.5__Pendulum-v1__last-state__H30,Pendulum-v1,last-state,30,three_class_state_change_reanalysis,0,10,10,0,10.0,30.0,0
3.5__Pendulum-v1__last-state__H30,Pendulum-v1,last-state,30,three_class_state_change_reanalysis,1,10,10,0,60.0,48.98979485566356,0
3.5__Pendulum-v1__last-state__H30,Pendulum-v1,last-state,30,three_class_state_change_reanalysis,2,10,10,0,60.0,48.98979485566356,0
3.5__Pendulum-v1__last-state__H5,Pendulum-v1,last-state,5,three_class_state_change_reanalysis,0,30,29,1,34.48275862068966,47.531202593414555,0
3.5__Pendulum-v1__last-state__H5,Pendulum-v1,last-state,5,three_class_state_change_reanalysis,1,30,29,1,48.275862068965516,49.97026464203255,0
3.5__Pendulum-v1__last-state__H5,Pendulum-v1,last-state,5,three_class_state_change_reanalysis,2,30,29,1,58.62068965517241,49.25123054167483,0
3.5__Pendulum-v1__last-state__H5,Pendulum-v1,last-state,5,three_class_state_change_reanalysis,0,20,19,1,31.57894736842105,46.4829519280413,0
3.5__Pendulum-v1__last-state__H5,Pendulum-v1,last-state,5,three_class_state_change_reanalysis,1,20,19,1,42.10526315789474,49.37279747182557,0
3.5__Pendulum-v1__last-state__H5,Pendulum-v1,last-state,5,three_class_state_change_reanalysis,2,20,19,1,57.89473684210526,49.37279747182557,0
3.5__Pendulum-v1__last-state__H5,Pendulum-v1,last-state,5,three_class_state_change_reanalysis,0,10,9,1,33.333333333333336,47.14045207910317,0
3.5__Pendulum-v1__last-state__H5,Pendulum-v1,last-state,5,three_class_state_change_reanalysis,1,10,9,1,33.333333333333336,47.14045207910317,0
3.5__Pendulum-v1__last-state__H5,Pendulum-v1,last-state,5,three_class_state_change_reanalysis,2,10,9,1,66.66666666666667,47.14045207910317,0
3.5__Pendulum-v1__next-state__H10,Pendulum-v1,next-state,10,three_class_state_change_reanalysis,0,30,27,3,25.925925925925927,43.822813208145305,0
3.5__Pendulum-v1__next-state__H10,Pendulum-v1,next-state,10,three_class_state_change_reanalysis,1,30,27,3,66.66666666666667,47.14045207910317,0
3.5__Pendulum-v1__next-state__H10,Pendulum-v1,next-state,10,three_class_state_change_reanalysis,2,30,27,3,51.851851851851855,49.96569467863719,0
3.5__Pendulum-v1__next-state__H10,Pendulum-v1,next-state,10,three_class_state_change_reanalysis,0,20,17,3,35.294117647058826,47.788461203740944,0
3.5__Pendulum-v1__next-state__H10,Pendulum-v1,next-state,10,three_class_state_change_reanalysis,1,20,17,3,64.70588235294117,47.788461203740944,0
3.5__Pendulum-v1__next-state__H10,Pendulum-v1,next-state,10,three_class_state_change_reanalysis,2,20,17,3,58.8235294117647,49.21529567847503,0
3.5__Pendulum-v1__next-state__H10,Pendulum-v1,next-state,10,three_class_state_change_reanalysis,0,10,10,0,50.0,50.0,0
3.5__Pendulum-v1__next-state__H10,Pendulum-v1,next-state,10,three_class_state_change_reanalysis,1,10,10,0,60.0,48.98979485566356,0
3.5__Pendulum-v1__next-state__H10,Pendulum-v1,next-state,10,three_class_state_change_reanalysis,2,10,10,0,80.0,40.0,0
3.5__Pendulum-v1__next-state__H20,Pendulum-v1,next-state,20,three_class_state_change_reanalysis,0,30,26,4,42.30769230769231,49.40474068717357,0
3.5__Pendulum-v1__next-state__H20,Pendulum-v1,next-state,20,three_class_state_change_reanalysis,1,30,26,4,42.30769230769231,49.40474068717357,0
3.5__Pendulum-v1__next-state__H20,Pendulum-v1,next-state,20,three_class_state_change_reanalysis,2,30,26,4,50.0,50.0,0
3.5__Pendulum-v1__next-state__H20,Pendulum-v1,next-state,20,three_class_state_change_reanalysis,0,20,18,2,44.44444444444444,49.69039949999533,0
3.5__Pendulum-v1__next-state__H20,Pendulum-v1,next-state,20,three_class_state_change_reanalysis,1,20,18,2,44.44444444444444,49.69039949999533,0
3.5__Pendulum-v1__next-state__H20,Pendulum-v1,next-state,20,three_class_state_change_reanalysis,2,20,18,2,55.55555555555556,49.69039949999533,0
3.5__Pendulum-v1__next-state__H20,Pendulum-v1,next-state,20,three_class_state_change_reanalysis,0,10,9,1,66.66666666666667,47.14045207910317,0
3.5__Pendulum-v1__next-state__H20,Pendulum-v1,next-state,20,three_class_state_change_reanalysis,1,10,9,1,33.333333333333336,47.14045207910317,0
3.5__Pendulum-v1__next-state__H20,Pendulum-v1,next-state,20,three_class_state_change_reanalysis,2,10,9,1,55.55555555555556,49.69039949999533,0
3.5__Pendulum-v1__next-state__H30,Pendulum-v1,next-state,30,three_class_state_change_reanalysis,0,30,29,1,37.93103448275862,48.521542343000995,0
3.5__Pendulum-v1__next-state__H30,Pendulum-v1,next-state,30,three_class_state_change_reanalysis,1,30,29,1,44.827586206896555,49.731741730537784,0
3.5__Pendulum-v1__next-state__H30,Pendulum-v1,next-state,30,three_class_state_change_reanalysis,2,30,29,1,41.37931034482759,49.25123054167483,0
3.5__Pendulum-v1__next-state__H30,Pendulum-v1,next-state,30,three_class_state_change_reanalysis,0,20,19,1,36.8421052631579,48.237638894272,0
3.5__Pendulum-v1__next-state__H30,Pendulum-v1,next-state,30,three_class_state_change_reanalysis,1,20,19,1,47.36842105263158,49.93069989739546,0
3.5__Pendulum-v1__next-state__H30,Pendulum-v1,next-state,30,three_class_state_change_reanalysis,2,20,19,1,42.10526315789474,49.37279747182557,0
3.5__Pendulum-v1__next-state__H30,Pendulum-v1,next-state,30,three_class_state_change_reanalysis,0,10,10,0,40.0,48.98979485566356,0
3.5__Pendulum-v1__next-state__H30,Pendulum-v1,next-state,30,three_class_state_change_reanalysis,1,10,10,0,40.0,48.98979485566356,0
3.5__Pendulum-v1__next-state__H30,Pendulum-v1,next-state,30,three_class_state_change_reanalysis,2,10,10,0,40.0,48.98979485566356,0
3.5__Pendulum-v1__next-state__H5,Pendulum-v1,next-state,5,three_class_state_change_reanalysis,0,30,29,1,27.586206896551722,44.694763437295585,0
3.5__Pendulum-v1__next-state__H5,Pendulum-v1,next-state,5,three_class_state_change_reanalysis,1,30,29,1,62.06896551724138,48.521542343000995,0
3.5__Pendulum-v1__next-state__H5,Pendulum-v1,next-state,5,three_class_state_change_reanalysis,2,30,29,1,51.724137931034484,49.97026464203255,0
3.5__Pendulum-v1__next-state__H5,Pendulum-v1,next-state,5,three_class_state_change_reanalysis,0,20,20,0,20.0,40.0,0
3.5__Pendulum-v1__next-state__H5,Pendulum-v1,next-state,5,three_class_state_change_reanalysis,1,20,20,0,65.0,47.69696007084728,0
3.5__Pendulum-v1__next-state__H5,Pendulum-v1,next-state,5,three_class_state_change_reanalysis,2,20,20,0,50.0,50.0,0
3.5__Pendulum-v1__next-state__H5,Pendulum-v1,next-state,5,three_class_state_change_reanalysis,0,10,10,0,20.0,40.0,0
3.5__Pendulum-v1__next-state__H5,Pendulum-v1,next-state,5,three_class_state_change_reanalysis,1,10,10,0,60.0,48.98979485566356,0
3.5__Pendulum-v1__next-state__H5,Pendulum-v1,next-state,5,three_class_state_change_reanalysis,2,10,10,0,40.0,48.98979485566356,0
