condition_id,model_alias,H,history_start,shots,reward_present,planned,responses,parsed_bins,matches,bin_accuracy,match_rate_all_planned,action_mae,action_mae_n,parse_or_empty,unattempted,unresolved
terra__H5__t0__shots0__reward1,terra,5,0,0,True,3,3,3,3,1.0,1.0,0.302274227142334,3,0,0,0
terra__H5__t0__shots0__reward0,terra,5,0,0,False,3,3,3,3,1.0,1.0,0.302274227142334,3,0,0,0
terra__H5__t0__shots4__reward1,terra,5,0,4,True,3,3,3,3,1.0,1.0,0.302274227142334,3,0,0,0
terra__H5__t0__shots4__reward0,terra,5,0,4,False,3,3,3,3,1.0,1.0,0.302274227142334,3,0,0,0
terra__H5__t100__shots0__reward1,terra,5,100,0,True,3,3,3,1,0.3333333333333333,0.3333333333333333,0.5453386386235556,3,0,0,0
terra__H5__t100__shots0__reward0,terra,5,100,0,False,3,3,3,0,0.0,0.0,0.9793492492039998,3,0,0,0
terra__H5__t100__shots4__reward1,terra,5,100,4,True,3,3,3,2,0.6666666666666666,0.6666666666666666,0.19466136137644452,3,0,0,0
terra__H5__t100__shots4__reward0,terra,5,100,4,False,3,3,3,2,0.6666666666666666,0.6666666666666666,0.3473174174626668,3,0,0,0
terra__H20__t0__shots0__reward1,terra,20,0,0,True,3,3,3,1,0.3333333333333333,0.3333333333333333,1.4779461065928141,3,0,0,0
terra__H20__t0__shots0__reward0,terra,20,0,0,False,3,3,3,1,0.3333333333333333,0.3333333333333333,1.4704264799753826,3,0,0,0
terra__H20__t0__shots4__reward1,terra,20,0,4,True,3,3,3,1,0.3333333333333333,0.3333333333333333,0.4012794399261475,3,0,0,0
terra__H20__t0__shots4__reward0,terra,20,0,4,False,3,3,3,1,0.3333333333333333,0.3333333333333333,0.39461277325948085,3,0,0,0
terra__H20__t100__shots0__reward1,terra,20,100,0,True,3,3,3,0,0.0,0.0,0.27408205638329186,3,0,0,0
terra__H20__t100__shots0__reward0,terra,20,100,0,False,3,3,3,0,0.0,0.0,0.4240820563832919,3,0,0,0
terra__H20__t100__shots4__reward1,terra,20,100,4,True,3,3,3,0,0.0,0.0,0.4474153897166252,3,0,0,0
terra__H20__t100__shots4__reward0,terra,20,100,4,False,3,3,3,0,0.0,0.0,0.2674153897166252,3,0,0,0
luna__H5__t0__shots0__reward1,luna,5,0,0,True,3,3,3,1,0.3333333333333333,0.3333333333333333,2.565908590952555,3,0,0,0
luna__H5__t0__shots0__reward0,luna,5,0,0,False,3,3,3,0,0.0,0.0,3.697725772857666,3,0,0,0
luna__H5__t0__shots4__reward1,luna,5,0,4,True,3,3,3,3,1.0,1.0,0.302274227142334,3,0,0,0
luna__H5__t0__shots4__reward0,luna,5,0,4,False,3,3,3,3,1.0,1.0,0.302274227142334,3,0,0,0
luna__H5__t100__shots0__reward1,luna,5,100,0,True,3,3,3,0,0.0,0.0,0.23601591587066648,3,0,0,0
luna__H5__t100__shots0__reward0,luna,5,100,0,False,3,3,3,0,0.0,0.0,1.0193492492039997,3,0,0,0
luna__H5__t100__shots4__reward1,luna,5,100,4,True,3,3,3,0,0.0,0.0,0.6426825825373332,3,0,0,0
luna__H5__t100__shots4__reward0,luna,5,100,4,False,3,3,3,1,0.3333333333333333,0.3333333333333333,0.5986719719568889,3,0,0,0
luna__H20__t0__shots0__reward1,luna,20,0,0,True,3,3,3,0,0.0,0.0,2.744612773259481,3,0,0,0
luna__H20__t0__shots0__reward0,luna,20,0,0,False,3,3,3,0,0.0,0.0,3.9112794399261475,3,0,0,0
luna__H20__t0__shots4__reward1,luna,20,0,4,True,3,3,3,0,0.0,0.0,3.9112794399261475,3,0,0,0
luna__H20__t0__shots4__reward0,luna,20,0,4,False,3,3,3,0,0.0,0.0,3.9112794399261475,3,0,0,0
luna__H20__t100__shots0__reward1,luna,20,100,0,True,3,3,3,0,0.0,0.0,0.4140820563832919,3,0,0,0
luna__H20__t100__shots0__reward0,luna,20,100,0,False,3,3,3,0,0.0,0.0,0.3274153897166252,3,0,0,0
luna__H20__t100__shots4__reward1,luna,20,100,4,True,3,3,3,0,0.0,0.0,0.6540820563832919,3,0,0,0
luna__H20__t100__shots4__reward0,luna,20,100,4,False,3,3,3,0,0.0,0.0,0.31074872304995854,3,0,0,0
