model_alias,H,history_start,shots,all_responses_received,bin_accuracy_off_minus_on,action_mae_off_minus_on
terra,5,0,0,True,0.0,0.0
terra,5,0,4,True,0.0,0.0
terra,5,100,0,True,-0.3333333333333333,0.4340106105804442
terra,5,100,4,True,0.0,0.1526560560862223
terra,20,0,0,True,0.0,-0.007519626617431552
terra,20,0,4,True,0.0,-0.006666666666666654
terra,20,100,0,True,0.0,0.15000000000000002
terra,20,100,4,True,0.0,-0.18
luna,5,0,0,True,-0.3333333333333333,1.1318171819051108
luna,5,0,4,True,0.0,0.0
luna,5,100,0,True,0.0,0.7833333333333332
luna,5,100,4,True,0.3333333333333333,-0.04401061058044431
luna,20,0,0,True,0.0,1.1666666666666665
luna,20,0,4,True,0.0,0.0
luna,20,100,0,True,0.0,-0.08666666666666667
luna,20,100,4,True,0.0,-0.3433333333333333
