model,shots,H,reward,start,n,matches,accuracy_pct,action_mae,reasoning_mean
pooled,0,5,0,0,6,3,50.0,2.0,2.1666666666666665
pooled,0,5,0,100,6,0,0,0.9993492492039998,2.6666666666666665
pooled,0,5,1,0,6,4,66.66666666666666,1.4340914090474446,2
pooled,0,5,1,100,6,1,16.666666666666664,0.390677277247111,2.5
pooled,0,20,0,0,6,1,16.666666666666664,2.690852959950765,2.3333333333333335
pooled,0,20,0,100,6,0,0,0.37574872304995854,3
pooled,0,20,1,0,6,1,16.666666666666664,2.1112794399261476,2.5
pooled,0,20,1,100,6,0,0,0.34408205638329187,2.6666666666666665
pooled,4,5,0,0,6,6,100,0.302274227142334,2.1666666666666665
pooled,4,5,0,100,6,3,50.0,0.47299469470977784,2
pooled,4,5,1,0,6,6,100,0.302274227142334,2
pooled,4,5,1,100,6,2,33.33333333333333,0.4186719719568889,2.6666666666666665
pooled,4,20,0,0,6,1,16.666666666666664,2.152946106592814,2.3333333333333335
pooled,4,20,0,100,6,0,0,0.2890820563832919,2.5
pooled,4,20,1,0,6,1,16.666666666666664,2.1562794399261476,2.6666666666666665
pooled,4,20,1,100,6,0,0,0.5507487230499586,2.1666666666666665
luna,0,5,0,0,3,0,0,3.697725772857666,2
luna,0,5,0,100,3,0,0,1.0193492492039997,2.6666666666666665
luna,0,5,1,0,3,1,33.33333333333333,2.565908590952555,2
luna,0,5,1,100,3,0,0,0.23601591587066648,3
luna,0,20,0,0,3,0,0,3.9112794399261475,2
luna,0,20,0,100,3,0,0,0.3274153897166252,3
luna,0,20,1,0,3,0,0,2.744612773259481,2.6666666666666665
luna,0,20,1,100,3,0,0,0.4140820563832919,2.3333333333333335
luna,4,5,0,0,3,3,100,0.302274227142334,2.3333333333333335
luna,4,5,0,100,3,1,33.33333333333333,0.5986719719568889,2.3333333333333335
luna,4,5,1,0,3,3,100,0.302274227142334,2
luna,4,5,1,100,3,0,0,0.6426825825373332,2.6666666666666665
luna,4,20,0,0,3,0,0,3.9112794399261475,2
luna,4,20,0,100,3,0,0,0.31074872304995854,2.3333333333333335
luna,4,20,1,0,3,0,0,3.9112794399261475,2
luna,4,20,1,100,3,0,0,0.6540820563832919,2.3333333333333335
terra,0,5,0,0,3,3,100,0.302274227142334,2.3333333333333335
terra,0,5,0,100,3,0,0,0.9793492492039998,2.6666666666666665
terra,0,5,1,0,3,3,100,0.302274227142334,2
terra,0,5,1,100,3,1,33.33333333333333,0.5453386386235556,2
terra,0,20,0,0,3,1,33.33333333333333,1.4704264799753826,2.6666666666666665
terra,0,20,0,100,3,0,0,0.4240820563832919,3
terra,0,20,1,0,3,1,33.33333333333333,1.4779461065928141,2.3333333333333335
terra,0,20,1,100,3,0,0,0.27408205638329186,3
terra,4,5,0,0,3,3,100,0.302274227142334,2
terra,4,5,0,100,3,2,66.66666666666666,0.3473174174626668,1.6666666666666667
terra,4,5,1,0,3,3,100,0.302274227142334,2
terra,4,5,1,100,3,2,66.66666666666666,0.19466136137644452,2.6666666666666665
terra,4,20,0,0,3,1,33.33333333333333,0.39461277325948085,2.6666666666666665
terra,4,20,0,100,3,0,0,0.2674153897166252,2.6666666666666665
terra,4,20,1,0,3,1,33.33333333333333,0.4012794399261475,3.3333333333333335
terra,4,20,1,100,3,0,0,0.4474153897166252,2
