task,view,metric,experiment,model,pattern,shots,n,valid_n,base_conditions,mean,correct,missing
MountainCar-v0,all,accuracy,07,3.5,,,20,20,2,0.7,14,0
MountainCar-v0,all,mae,07,3.5,,,20,20,2,0.44999999999999996,14,0
MountainCar-v0,all,reasoning_score,07,3.5,,,20,20,2,2.3,14,0
MountainCar-v0,all,accuracy,07,sol,,,20,20,2,0.9,18,0
MountainCar-v0,all,mae,07,sol,,,20,20,2,0.1,18,0
MountainCar-v0,all,reasoning_score,07,sol,,,20,20,2,2.6,18,0
MountainCar-v0,all,accuracy,07,terra,,,20,20,2,0.85,17,0
MountainCar-v0,all,mae,07,terra,,,20,20,2,0.15,17,0
MountainCar-v0,all,reasoning_score,07,terra,,,20,20,2,2.5,17,0
MountainCar-v0,all,accuracy,07,luna,,,20,20,2,0.5,10,0
MountainCar-v0,all,mae,07,luna,,,20,14,2,0.3666666666666667,10,6
MountainCar-v0,all,reasoning_score,07,luna,,,20,20,2,2.3,10,0
MountainCar-v0,all,accuracy,08,terra,pattern1,4,6,6,2,0.8333333333333333,5,0
MountainCar-v0,all,mae,08,terra,pattern1,4,6,6,2,0.16666666666666666,5,0
MountainCar-v0,all,reasoning_score,08,terra,pattern1,4,6,6,2,3.0,5,0
MountainCar-v0,all,accuracy,08,terra,pattern2,4,6,6,2,1.0,6,0
MountainCar-v0,all,mae,08,terra,pattern2,4,6,6,2,0.0,6,0
MountainCar-v0,all,reasoning_score,08,terra,pattern2,4,6,6,2,3.0,6,0
MountainCar-v0,all,accuracy,08,terra,pattern1,8,6,6,2,1.0,6,0
MountainCar-v0,all,mae,08,terra,pattern1,8,6,6,2,0.0,6,0
MountainCar-v0,all,reasoning_score,08,terra,pattern1,8,6,6,2,3.0,6,0
MountainCar-v0,all,accuracy,08,terra,pattern2,8,6,6,2,1.0,6,0
MountainCar-v0,all,mae,08,terra,pattern2,8,6,6,2,0.0,6,0
MountainCar-v0,all,reasoning_score,08,terra,pattern2,8,6,6,2,3.0,6,0
MountainCar-v0,all,accuracy,08,terra,pattern1,12,6,6,2,1.0,6,0
MountainCar-v0,all,mae,08,terra,pattern1,12,6,6,2,0.0,6,0
MountainCar-v0,all,reasoning_score,08,terra,pattern1,12,6,6,2,3.0,6,0
MountainCar-v0,all,accuracy,08,terra,pattern2,12,6,6,2,1.0,6,0
MountainCar-v0,all,mae,08,terra,pattern2,12,6,6,2,0.0,6,0
MountainCar-v0,all,reasoning_score,08,terra,pattern2,12,6,6,2,3.0,6,0
MountainCar-v0,all,accuracy,08,luna,pattern1,4,6,6,2,0.6666666666666666,4,0
MountainCar-v0,all,mae,08,luna,pattern1,4,6,6,2,0.6666666666666666,4,0
MountainCar-v0,all,reasoning_score,08,luna,pattern1,4,6,6,2,3.0,4,0
MountainCar-v0,all,accuracy,08,luna,pattern2,4,6,6,2,0.8333333333333333,5,0
MountainCar-v0,all,mae,08,luna,pattern2,4,6,6,2,0.3333333333333333,5,0
MountainCar-v0,all,reasoning_score,08,luna,pattern2,4,6,6,2,3.0,5,0
MountainCar-v0,all,accuracy,08,luna,pattern1,8,6,6,2,0.6666666666666666,4,0
MountainCar-v0,all,mae,08,luna,pattern1,8,6,6,2,0.6666666666666666,4,0
MountainCar-v0,all,reasoning_score,08,luna,pattern1,8,6,6,2,3.0,4,0
MountainCar-v0,all,accuracy,08,luna,pattern2,8,6,6,2,1.0,6,0
MountainCar-v0,all,mae,08,luna,pattern2,8,6,6,2,0.0,6,0
MountainCar-v0,all,reasoning_score,08,luna,pattern2,8,6,6,2,3.0,6,0
MountainCar-v0,all,accuracy,08,luna,pattern1,12,6,6,2,0.8333333333333333,5,0
MountainCar-v0,all,mae,08,luna,pattern1,12,6,6,2,0.3333333333333333,5,0
MountainCar-v0,all,reasoning_score,08,luna,pattern1,12,6,6,2,2.666666666666667,5,0
MountainCar-v0,all,accuracy,08,luna,pattern2,12,6,6,2,1.0,6,0
MountainCar-v0,all,mae,08,luna,pattern2,12,6,6,2,0.0,6,0
MountainCar-v0,all,reasoning_score,08,luna,pattern2,12,6,6,2,2.833333333333333,6,0
MountainCar-v0,pool_shots,accuracy,07,3.5,,,20,20,2,0.7,14,0
MountainCar-v0,pool_shots,mae,07,3.5,,,20,20,2,0.44999999999999996,14,0
MountainCar-v0,pool_shots,reasoning_score,07,3.5,,,20,20,2,2.3,14,0
MountainCar-v0,pool_shots,accuracy,07,sol,,,20,20,2,0.9,18,0
MountainCar-v0,pool_shots,mae,07,sol,,,20,20,2,0.1,18,0
MountainCar-v0,pool_shots,reasoning_score,07,sol,,,20,20,2,2.6,18,0
MountainCar-v0,pool_shots,accuracy,07,terra,,,20,20,2,0.85,17,0
MountainCar-v0,pool_shots,mae,07,terra,,,20,20,2,0.15,17,0
MountainCar-v0,pool_shots,reasoning_score,07,terra,,,20,20,2,2.5,17,0
MountainCar-v0,pool_shots,accuracy,07,luna,,,20,20,2,0.5,10,0
MountainCar-v0,pool_shots,mae,07,luna,,,20,14,2,0.3666666666666667,10,6
MountainCar-v0,pool_shots,reasoning_score,07,luna,,,20,20,2,2.3,10,0
MountainCar-v0,pool_shots,accuracy,08,terra,pattern1,,18,18,6,0.9444444444444443,17,0
MountainCar-v0,pool_shots,mae,08,terra,pattern1,,18,18,6,0.05555555555555555,17,0
MountainCar-v0,pool_shots,reasoning_score,08,terra,pattern1,,18,18,6,3.0,17,0
MountainCar-v0,pool_shots,accuracy,08,terra,pattern2,,18,18,6,1.0,18,0
MountainCar-v0,pool_shots,mae,08,terra,pattern2,,18,18,6,0.0,18,0
MountainCar-v0,pool_shots,reasoning_score,08,terra,pattern2,,18,18,6,3.0,18,0
MountainCar-v0,pool_shots,accuracy,08,luna,pattern1,,18,18,6,0.7222222222222223,13,0
MountainCar-v0,pool_shots,mae,08,luna,pattern1,,18,18,6,0.5555555555555555,13,0
MountainCar-v0,pool_shots,reasoning_score,08,luna,pattern1,,18,18,6,2.8888888888888893,13,0
MountainCar-v0,pool_shots,accuracy,08,luna,pattern2,,18,18,6,0.9444444444444443,17,0
MountainCar-v0,pool_shots,mae,08,luna,pattern2,,18,18,6,0.1111111111111111,17,0
MountainCar-v0,pool_shots,reasoning_score,08,luna,pattern2,,18,18,6,2.9444444444444446,17,0
MountainCar-v0,pool_pattern,accuracy,07,3.5,,,20,20,2,0.7,14,0
MountainCar-v0,pool_pattern,mae,07,3.5,,,20,20,2,0.44999999999999996,14,0
MountainCar-v0,pool_pattern,reasoning_score,07,3.5,,,20,20,2,2.3,14,0
MountainCar-v0,pool_pattern,accuracy,07,sol,,,20,20,2,0.9,18,0
MountainCar-v0,pool_pattern,mae,07,sol,,,20,20,2,0.1,18,0
MountainCar-v0,pool_pattern,reasoning_score,07,sol,,,20,20,2,2.6,18,0
MountainCar-v0,pool_pattern,accuracy,07,terra,,,20,20,2,0.85,17,0
MountainCar-v0,pool_pattern,mae,07,terra,,,20,20,2,0.15,17,0
MountainCar-v0,pool_pattern,reasoning_score,07,terra,,,20,20,2,2.5,17,0
MountainCar-v0,pool_pattern,accuracy,07,luna,,,20,20,2,0.5,10,0
MountainCar-v0,pool_pattern,mae,07,luna,,,20,14,2,0.3666666666666667,10,6
MountainCar-v0,pool_pattern,reasoning_score,07,luna,,,20,20,2,2.3,10,0
MountainCar-v0,pool_pattern,accuracy,08,terra,,4,12,12,4,0.9166666666666666,11,0
MountainCar-v0,pool_pattern,mae,08,terra,,4,12,12,4,0.08333333333333333,11,0
MountainCar-v0,pool_pattern,reasoning_score,08,terra,,4,12,12,4,3.0,11,0
MountainCar-v0,pool_pattern,accuracy,08,terra,,8,12,12,4,1.0,12,0
MountainCar-v0,pool_pattern,mae,08,terra,,8,12,12,4,0.0,12,0
MountainCar-v0,pool_pattern,reasoning_score,08,terra,,8,12,12,4,3.0,12,0
MountainCar-v0,pool_pattern,accuracy,08,terra,,12,12,12,4,1.0,12,0
MountainCar-v0,pool_pattern,mae,08,terra,,12,12,12,4,0.0,12,0
MountainCar-v0,pool_pattern,reasoning_score,08,terra,,12,12,12,4,3.0,12,0
MountainCar-v0,pool_pattern,accuracy,08,luna,,4,12,12,4,0.75,9,0
MountainCar-v0,pool_pattern,mae,08,luna,,4,12,12,4,0.5,9,0
MountainCar-v0,pool_pattern,reasoning_score,08,luna,,4,12,12,4,3.0,9,0
MountainCar-v0,pool_pattern,accuracy,08,luna,,8,12,12,4,0.8333333333333334,10,0
MountainCar-v0,pool_pattern,mae,08,luna,,8,12,12,4,0.3333333333333333,10,0
MountainCar-v0,pool_pattern,reasoning_score,08,luna,,8,12,12,4,3.0,10,0
MountainCar-v0,pool_pattern,accuracy,08,luna,,12,12,12,4,0.9166666666666666,11,0
MountainCar-v0,pool_pattern,mae,08,luna,,12,12,12,4,0.16666666666666666,11,0
MountainCar-v0,pool_pattern,reasoning_score,08,luna,,12,12,12,4,2.75,11,0
MountainCar-v0,pool_all,accuracy,07,terra,,,20,20,2,0.85,17,0
MountainCar-v0,pool_all,mae,07,terra,,,20,20,2,0.15,17,0
MountainCar-v0,pool_all,reasoning_score,07,terra,,,20,20,2,2.5,17,0
MountainCar-v0,pool_all,accuracy,08,terra,,,36,36,12,0.9722222222222222,35,0
MountainCar-v0,pool_all,mae,08,terra,,,36,36,12,0.027777777777777776,35,0
MountainCar-v0,pool_all,reasoning_score,08,terra,,,36,36,12,3.0,35,0
MountainCar-v0,pool_all,accuracy,07,luna,,,20,20,2,0.5,10,0
MountainCar-v0,pool_all,mae,07,luna,,,20,14,2,0.3666666666666667,10,6
MountainCar-v0,pool_all,reasoning_score,07,luna,,,20,20,2,2.3,10,0
MountainCar-v0,pool_all,accuracy,08,luna,,,36,36,12,0.8333333333333331,30,0
MountainCar-v0,pool_all,mae,08,luna,,,36,36,12,0.3333333333333333,30,0
MountainCar-v0,pool_all,reasoning_score,08,luna,,,36,36,12,2.9166666666666665,30,0
Pendulum-v1,all,accuracy,07,3.5,,,20,20,2,0.05,1,0
Pendulum-v1,all,mae,07,3.5,,,20,20,2,1.537504374459386,1,0
Pendulum-v1,all,reasoning_score,07,3.5,,,20,20,2,1.8,1,0
Pendulum-v1,all,accuracy,07,sol,,,20,20,2,0.45,9,0
Pendulum-v1,all,mae,07,sol,,,20,20,2,0.5476184268444776,9,0
Pendulum-v1,all,reasoning_score,07,sol,,,20,20,2,2.25,9,0
Pendulum-v1,all,accuracy,07,terra,,,20,20,2,0.3,6,0
Pendulum-v1,all,mae,07,terra,,,20,20,2,0.5316829321831464,6,0
Pendulum-v1,all,reasoning_score,07,terra,,,20,20,2,2.3499999999999996,6,0
Pendulum-v1,all,accuracy,07,luna,,,20,20,2,0.30000000000000004,6,0
Pendulum-v1,all,mae,07,luna,,,20,20,2,0.779032239243388,6,0
Pendulum-v1,all,reasoning_score,07,luna,,,20,20,2,2.2,6,0
Pendulum-v1,all,accuracy,08,terra,pattern1,4,6,6,2,0.8333333333333333,5,0
Pendulum-v1,all,mae,08,terra,pattern1,4,6,6,2,0.2535021543502808,5,0
Pendulum-v1,all,reasoning_score,08,terra,pattern1,4,6,6,2,3.0,5,0
Pendulum-v1,all,accuracy,08,terra,pattern2,4,6,6,2,0.8333333333333333,5,0
Pendulum-v1,all,mae,08,terra,pattern2,4,6,6,2,0.1986501693725586,5,0
Pendulum-v1,all,reasoning_score,08,terra,pattern2,4,6,6,2,2.5,5,0
Pendulum-v1,all,accuracy,08,terra,pattern1,8,6,6,2,1.0,6,0
Pendulum-v1,all,mae,08,terra,pattern1,8,6,6,2,0.1104648510615031,6,0
Pendulum-v1,all,reasoning_score,08,terra,pattern1,8,6,6,2,3.0,6,0
Pendulum-v1,all,accuracy,08,terra,pattern2,8,6,6,2,1.0,6,0
Pendulum-v1,all,mae,08,terra,pattern2,8,6,6,2,0.15350215435028075,6,0
Pendulum-v1,all,reasoning_score,08,terra,pattern2,8,6,6,2,2.833333333333333,6,0
Pendulum-v1,all,accuracy,08,terra,pattern1,12,6,6,2,0.8333333333333333,5,0
Pendulum-v1,all,mae,08,terra,pattern1,12,6,6,2,0.21531683603922525,5,0
Pendulum-v1,all,reasoning_score,08,terra,pattern1,12,6,6,2,3.166666666666667,5,0
Pendulum-v1,all,accuracy,08,terra,pattern2,12,6,6,2,0.8333333333333333,5,0
Pendulum-v1,all,mae,08,terra,pattern2,12,6,6,2,0.22850215435028076,5,0
Pendulum-v1,all,reasoning_score,08,terra,pattern2,12,6,6,2,2.6666666666666665,5,0
Pendulum-v1,all,accuracy,08,luna,pattern1,4,6,6,2,0.6666666666666666,4,0
Pendulum-v1,all,mae,08,luna,pattern1,4,6,6,2,0.2951688210169474,4,0
Pendulum-v1,all,reasoning_score,08,luna,pattern1,4,6,6,2,3.0,4,0
Pendulum-v1,all,accuracy,08,luna,pattern2,4,6,6,2,0.6666666666666666,4,0
Pendulum-v1,all,mae,08,luna,pattern2,4,6,6,2,0.2951688210169474,4,0
Pendulum-v1,all,reasoning_score,08,luna,pattern2,4,6,6,2,2.833333333333333,4,0
Pendulum-v1,all,accuracy,08,luna,pattern1,8,6,6,2,0.8333333333333333,5,0
Pendulum-v1,all,mae,08,luna,pattern1,8,6,6,2,0.25350215435028073,5,0
Pendulum-v1,all,reasoning_score,08,luna,pattern1,8,6,6,2,3.6666666666666665,5,0
Pendulum-v1,all,accuracy,08,luna,pattern2,8,6,6,2,0.8333333333333333,5,0
Pendulum-v1,all,mae,08,luna,pattern2,8,6,6,2,0.2368354876836141,5,0
Pendulum-v1,all,reasoning_score,08,luna,pattern2,8,6,6,2,3.0,5,0
Pendulum-v1,all,accuracy,08,luna,pattern1,12,6,6,2,0.6666666666666666,4,0
Pendulum-v1,all,mae,08,luna,pattern1,12,6,6,2,0.3001688210169474,4,0
Pendulum-v1,all,reasoning_score,08,luna,pattern1,12,6,6,2,3.166666666666667,4,0
Pendulum-v1,all,accuracy,08,luna,pattern2,12,6,6,2,0.8333333333333333,5,0
Pendulum-v1,all,mae,08,luna,pattern2,12,6,6,2,0.26016882101694744,5,0
Pendulum-v1,all,reasoning_score,08,luna,pattern2,12,6,6,2,2.833333333333333,5,0
Pendulum-v1,pool_shots,accuracy,07,3.5,,,20,20,2,0.05,1,0
Pendulum-v1,pool_shots,mae,07,3.5,,,20,20,2,1.537504374459386,1,0
Pendulum-v1,pool_shots,reasoning_score,07,3.5,,,20,20,2,1.8,1,0
Pendulum-v1,pool_shots,accuracy,07,sol,,,20,20,2,0.45,9,0
Pendulum-v1,pool_shots,mae,07,sol,,,20,20,2,0.5476184268444776,9,0
Pendulum-v1,pool_shots,reasoning_score,07,sol,,,20,20,2,2.25,9,0
Pendulum-v1,pool_shots,accuracy,07,terra,,,20,20,2,0.3,6,0
Pendulum-v1,pool_shots,mae,07,terra,,,20,20,2,0.5316829321831464,6,0
Pendulum-v1,pool_shots,reasoning_score,07,terra,,,20,20,2,2.3499999999999996,6,0
Pendulum-v1,pool_shots,accuracy,07,luna,,,20,20,2,0.30000000000000004,6,0
Pendulum-v1,pool_shots,mae,07,luna,,,20,20,2,0.779032239243388,6,0
Pendulum-v1,pool_shots,reasoning_score,07,luna,,,20,20,2,2.2,6,0
Pendulum-v1,pool_shots,accuracy,08,terra,pattern1,,18,18,6,0.8888888888888888,16,0
Pendulum-v1,pool_shots,mae,08,terra,pattern1,,18,18,6,0.19309461381700307,16,0
Pendulum-v1,pool_shots,reasoning_score,08,terra,pattern1,,18,18,6,3.055555555555556,16,0
Pendulum-v1,pool_shots,accuracy,08,terra,pattern2,,18,18,6,0.8888888888888888,16,0
Pendulum-v1,pool_shots,mae,08,terra,pattern2,,18,18,6,0.19355149269104002,16,0
Pendulum-v1,pool_shots,reasoning_score,08,terra,pattern2,,18,18,6,2.6666666666666665,16,0
Pendulum-v1,pool_shots,accuracy,08,luna,pattern1,,18,18,6,0.7222222222222222,13,0
Pendulum-v1,pool_shots,mae,08,luna,pattern1,,18,18,6,0.28294659879472517,13,0
Pendulum-v1,pool_shots,reasoning_score,08,luna,pattern1,,18,18,6,3.277777777777778,13,0
Pendulum-v1,pool_shots,accuracy,08,luna,pattern2,,18,18,6,0.7777777777777777,14,0
Pendulum-v1,pool_shots,mae,08,luna,pattern2,,18,18,6,0.2640577099058363,14,0
Pendulum-v1,pool_shots,reasoning_score,08,luna,pattern2,,18,18,6,2.888888888888889,14,0
Pendulum-v1,pool_pattern,accuracy,07,3.5,,,20,20,2,0.05,1,0
Pendulum-v1,pool_pattern,mae,07,3.5,,,20,20,2,1.537504374459386,1,0
Pendulum-v1,pool_pattern,reasoning_score,07,3.5,,,20,20,2,1.8,1,0
Pendulum-v1,pool_pattern,accuracy,07,sol,,,20,20,2,0.45,9,0
Pendulum-v1,pool_pattern,mae,07,sol,,,20,20,2,0.5476184268444776,9,0
Pendulum-v1,pool_pattern,reasoning_score,07,sol,,,20,20,2,2.25,9,0
Pendulum-v1,pool_pattern,accuracy,07,terra,,,20,20,2,0.3,6,0
Pendulum-v1,pool_pattern,mae,07,terra,,,20,20,2,0.5316829321831464,6,0
Pendulum-v1,pool_pattern,reasoning_score,07,terra,,,20,20,2,2.3499999999999996,6,0
Pendulum-v1,pool_pattern,accuracy,07,luna,,,20,20,2,0.30000000000000004,6,0
Pendulum-v1,pool_pattern,mae,07,luna,,,20,20,2,0.779032239243388,6,0
Pendulum-v1,pool_pattern,reasoning_score,07,luna,,,20,20,2,2.2,6,0
Pendulum-v1,pool_pattern,accuracy,08,terra,,4,12,12,4,0.8333333333333333,10,0
Pendulum-v1,pool_pattern,mae,08,terra,,4,12,12,4,0.22607616186141968,10,0
Pendulum-v1,pool_pattern,reasoning_score,08,terra,,4,12,12,4,2.75,10,0
Pendulum-v1,pool_pattern,accuracy,08,terra,,8,12,12,4,1.0,12,0
Pendulum-v1,pool_pattern,mae,08,terra,,8,12,12,4,0.13198350270589193,12,0
Pendulum-v1,pool_pattern,reasoning_score,08,terra,,8,12,12,4,2.9166666666666665,12,0
Pendulum-v1,pool_pattern,accuracy,08,terra,,12,12,12,4,0.8333333333333333,10,0
Pendulum-v1,pool_pattern,mae,08,terra,,12,12,12,4,0.22190949519475298,10,0
Pendulum-v1,pool_pattern,reasoning_score,08,terra,,12,12,12,4,2.9166666666666665,10,0
Pendulum-v1,pool_pattern,accuracy,08,luna,,4,12,12,4,0.6666666666666666,8,0
Pendulum-v1,pool_pattern,mae,08,luna,,4,12,12,4,0.2951688210169474,8,0
Pendulum-v1,pool_pattern,reasoning_score,08,luna,,4,12,12,4,2.9166666666666665,8,0
Pendulum-v1,pool_pattern,accuracy,08,luna,,8,12,12,4,0.8333333333333333,10,0
Pendulum-v1,pool_pattern,mae,08,luna,,8,12,12,4,0.24516882101694742,10,0
Pendulum-v1,pool_pattern,reasoning_score,08,luna,,8,12,12,4,3.333333333333333,10,0
Pendulum-v1,pool_pattern,accuracy,08,luna,,12,12,12,4,0.75,9,0
Pendulum-v1,pool_pattern,mae,08,luna,,12,12,12,4,0.28016882101694746,9,0
Pendulum-v1,pool_pattern,reasoning_score,08,luna,,12,12,12,4,3.0,9,0
Pendulum-v1,pool_all,accuracy,07,terra,,,20,20,2,0.3,6,0
Pendulum-v1,pool_all,mae,07,terra,,,20,20,2,0.5316829321831464,6,0
Pendulum-v1,pool_all,reasoning_score,07,terra,,,20,20,2,2.3499999999999996,6,0
Pendulum-v1,pool_all,accuracy,08,terra,,,36,36,12,0.8888888888888888,32,0
Pendulum-v1,pool_all,mae,08,terra,,,36,36,12,0.19332305325402152,32,0
Pendulum-v1,pool_all,reasoning_score,08,terra,,,36,36,12,2.861111111111111,32,0
Pendulum-v1,pool_all,accuracy,07,luna,,,20,20,2,0.30000000000000004,6,0
Pendulum-v1,pool_all,mae,07,luna,,,20,20,2,0.779032239243388,6,0
Pendulum-v1,pool_all,reasoning_score,07,luna,,,20,20,2,2.2,6,0
Pendulum-v1,pool_all,accuracy,08,luna,,,36,36,12,0.75,27,0
Pendulum-v1,pool_all,mae,08,luna,,,36,36,12,0.2735021543502808,27,0
Pendulum-v1,pool_all,reasoning_score,08,luna,,,36,36,12,3.0833333333333335,27,0
