experiment,query_id,task,model,H,shots,score_pattern,ordinal,episode_path,episode_sha256,query_index,correct,status,prediction,ground_truth,absolute_error,old_reasoning_score,reasoning_score,response_available,reasoning_available
07,23e4fe5bab0c683270bcadee8a3f4860301113831e241c0bc407af91fffddc7d,MountainCar-v0,sol,5,0,zero,0,data/llmx_data/offline_data/physics_data/raw_transitions/MountainCar-v0/episodes/episode_0.npz,c91b3e277decddff587601790c381096c5bab98fc726af94dba76d924e0ffa5b,5,1,match,2,2,0.0,3,2,True,True
07,ffc4c5f124cadce47e6d7d151dd1059899efdcd39a5e317924e53b7b4f7429d2,MountainCar-v0,sol,5,0,zero,1,data/llmx_data/offline_data/physics_data/raw_transitions/MountainCar-v0/episodes/episode_0.npz,c91b3e277decddff587601790c381096c5bab98fc726af94dba76d924e0ffa5b,6,1,match,2,2,0.0,3,2,True,True
07,58175cbf93f16dd43ed9726a11d4605782a2cfd1767cafb8102bec08142bd44d,MountainCar-v0,sol,5,0,zero,2,data/llmx_data/offline_data/physics_data/raw_transitions/MountainCar-v0/episodes/episode_0.npz,c91b3e277decddff587601790c381096c5bab98fc726af94dba76d924e0ffa5b,7,1,match,2,2,0.0,3,2,True,True
07,284abbbd6d4a50a530968a6a44ce77aa7fb77f486422e9ec33c1f39636978854,MountainCar-v0,sol,5,0,zero,3,data/llmx_data/offline_data/physics_data/raw_transitions/MountainCar-v0/episodes/episode_0.npz,c91b3e277decddff587601790c381096c5bab98fc726af94dba76d924e0ffa5b,8,1,match,2,2,0.0,3,2,True,True
07,934e25514e944445e1cac4dac77eb0fd746612a2c0d6e691c298f9206da85cc3,MountainCar-v0,sol,5,0,zero,4,data/llmx_data/offline_data/physics_data/raw_transitions/MountainCar-v0/episodes/episode_0.npz,c91b3e277decddff587601790c381096c5bab98fc726af94dba76d924e0ffa5b,9,0,mismatch,2,1,1.0,3,2,True,True
07,a4a73abbf21e3e90457f19b64d586c90c491d04089e4e2f812f0d81b01fffc30,MountainCar-v0,sol,5,0,zero,5,data/llmx_data/offline_data/physics_data/raw_transitions/MountainCar-v0/episodes/episode_0.npz,c91b3e277decddff587601790c381096c5bab98fc726af94dba76d924e0ffa5b,10,1,match,1,1,0.0,2,3,True,True
07,37f20c13dd0299e88c0311376d858b355008bea62889ecfb29d67f141e6317b0,MountainCar-v0,sol,5,0,zero,6,data/llmx_data/offline_data/physics_data/raw_transitions/MountainCar-v0/episodes/episode_0.npz,c91b3e277decddff587601790c381096c5bab98fc726af94dba76d924e0ffa5b,11,1,match,1,1,0.0,2,3,True,True
07,f34c7624b6f82c22c1ebe50949286239325f18d448b9629120c2e89a3b2240c1,MountainCar-v0,sol,5,0,zero,7,data/llmx_data/offline_data/physics_data/raw_transitions/MountainCar-v0/episodes/episode_0.npz,c91b3e277decddff587601790c381096c5bab98fc726af94dba76d924e0ffa5b,12,0,mismatch,1,0,1.0,2,3,True,True
07,bd0a7d944ed19691ed5c7c26c8879d28792def8a54dd0c43730b7d51a6b70deb,MountainCar-v0,sol,5,0,zero,8,data/llmx_data/offline_data/physics_data/raw_transitions/MountainCar-v0/episodes/episode_0.npz,c91b3e277decddff587601790c381096c5bab98fc726af94dba76d924e0ffa5b,13,1,match,0,0,0.0,2,3,True,True
07,e7358f60f2646c27708e272518fe779f76b1601bba92f0fe876f039ef28a86c7,MountainCar-v0,sol,5,0,zero,9,data/llmx_data/offline_data/physics_data/raw_transitions/MountainCar-v0/episodes/episode_0.npz,c91b3e277decddff587601790c381096c5bab98fc726af94dba76d924e0ffa5b,14,1,match,0,0,0.0,2,3,True,True
07,7e1636b635236ddf835c37f6587038f9b3f45feddc118c58423710bce7e7cca6,MountainCar-v0,sol,20,0,zero,0,data/llmx_data/offline_data/physics_data/raw_transitions/MountainCar-v0/episodes/episode_0.npz,c91b3e277decddff587601790c381096c5bab98fc726af94dba76d924e0ffa5b,20,1,match,0,0,0.0,2,3,True,True
07,4ff00bc845212e9d4eb2a73e887580ead4ac1e47e25f5e43ea6d30298631b077,MountainCar-v0,sol,20,0,zero,1,data/llmx_data/offline_data/physics_data/raw_transitions/MountainCar-v0/episodes/episode_0.npz,c91b3e277decddff587601790c381096c5bab98fc726af94dba76d924e0ffa5b,21,1,match,0,0,0.0,2,3,True,True
07,749a7e593210f38899907877769c41b064116226c3f86b95e94a7a66908c9942,MountainCar-v0,sol,20,0,zero,2,data/llmx_data/offline_data/physics_data/raw_transitions/MountainCar-v0/episodes/episode_0.npz,c91b3e277decddff587601790c381096c5bab98fc726af94dba76d924e0ffa5b,22,1,match,0,0,0.0,2,3,True,True
07,00544d2fa24b14d166aa2d3e7811bc2b48114aceca44e5cb3d17329ce06e7f90,MountainCar-v0,sol,20,0,zero,3,data/llmx_data/offline_data/physics_data/raw_transitions/MountainCar-v0/episodes/episode_0.npz,c91b3e277decddff587601790c381096c5bab98fc726af94dba76d924e0ffa5b,23,1,match,0,0,0.0,2,3,True,True
07,01211544f84d95491582728cbe2125d08672d26a37e2dd022429c10916fb7a7f,MountainCar-v0,sol,20,0,zero,4,data/llmx_data/offline_data/physics_data/raw_transitions/MountainCar-v0/episodes/episode_0.npz,c91b3e277decddff587601790c381096c5bab98fc726af94dba76d924e0ffa5b,24,1,match,0,0,0.0,3,2,True,True
07,46d67e3e59f906c8a9b9cb028560db9080ef80a23157f79528f2e01257e09776,MountainCar-v0,sol,20,0,zero,5,data/llmx_data/offline_data/physics_data/raw_transitions/MountainCar-v0/episodes/episode_0.npz,c91b3e277decddff587601790c381096c5bab98fc726af94dba76d924e0ffa5b,25,1,match,0,0,0.0,2,3,True,True
07,7bab4dbce82f7d510fb661a505065c67bfb2ff0dc867023716b8ff48e7398159,MountainCar-v0,sol,20,0,zero,6,data/llmx_data/offline_data/physics_data/raw_transitions/MountainCar-v0/episodes/episode_0.npz,c91b3e277decddff587601790c381096c5bab98fc726af94dba76d924e0ffa5b,26,1,match,0,0,0.0,2,3,True,True
07,7453a1429448ddd55af3b424b5f318b521db08a7cbfac3eecafc0d5bec7e73fd,MountainCar-v0,sol,20,0,zero,7,data/llmx_data/offline_data/physics_data/raw_transitions/MountainCar-v0/episodes/episode_0.npz,c91b3e277decddff587601790c381096c5bab98fc726af94dba76d924e0ffa5b,27,1,match,0,0,0.0,3,2,True,True
07,eeae290a60eb894d93ae7ce3106ac67861c1b13cb26eaa8122113b8ee9a8db49,MountainCar-v0,sol,20,0,zero,8,data/llmx_data/offline_data/physics_data/raw_transitions/MountainCar-v0/episodes/episode_0.npz,c91b3e277decddff587601790c381096c5bab98fc726af94dba76d924e0ffa5b,28,1,match,0,0,0.0,3,2,True,True
07,2cdeb8356280673bdd1b9ed62018d4307c21f38c6d6e8ed9950b02951491f21f,MountainCar-v0,sol,20,0,zero,9,data/llmx_data/offline_data/physics_data/raw_transitions/MountainCar-v0/episodes/episode_0.npz,c91b3e277decddff587601790c381096c5bab98fc726af94dba76d924e0ffa5b,29,1,match,0,0,0.0,2,3,True,True
07,25161d2798fe58286909c9c987e5ca38c0e834fbd51e5fa4b9780a3a087cda2a,Pendulum-v1,sol,5,0,zero,0,data/llmx_data/offline_data/physics_data/raw_transitions/Pendulum-v1/episodes/episode_0.npz,09c3c01c27f0a19af5d18bd6f5c70cbc8dd1b88eb8f3c70d2bbaac03ecf32fce,5,1,match,[0],[0],0.2419278621673584,3,2,True,True
07,f95de71282d7b1da3f47abf273f2ab459b2f8beef327ed5b76baae6df500d509,Pendulum-v1,sol,5,0,zero,1,data/llmx_data/offline_data/physics_data/raw_transitions/Pendulum-v1/episodes/episode_0.npz,09c3c01c27f0a19af5d18bd6f5c70cbc8dd1b88eb8f3c70d2bbaac03ecf32fce,6,1,match,[1],[1],0.10243053436279292,3,2,True,True
07,d02d041b4d706e25189260a5ff00491aaa889cff1df203b4cd86a52207f356e7,Pendulum-v1,sol,5,0,zero,2,data/llmx_data/offline_data/physics_data/raw_transitions/Pendulum-v1/episodes/episode_0.npz,09c3c01c27f0a19af5d18bd6f5c70cbc8dd1b88eb8f3c70d2bbaac03ecf32fce,7,1,match,[2],[2],0.29590187072753904,3,2,True,True
07,f3b4df245b5ab0fabf0a7fcfdc6a3d8f7fed36605361a7f70b3608e157379fae,Pendulum-v1,sol,5,0,zero,3,data/llmx_data/offline_data/physics_data/raw_transitions/Pendulum-v1/episodes/episode_0.npz,09c3c01c27f0a19af5d18bd6f5c70cbc8dd1b88eb8f3c70d2bbaac03ecf32fce,8,0,mismatch,[2],[0],1.05,3,2,True,True
07,9fa4b38694dc1f2be2a3c5929da54105e367cd9f9ca0c92f44c4759237f4d4df,Pendulum-v1,sol,5,0,zero,4,data/llmx_data/offline_data/physics_data/raw_transitions/Pendulum-v1/episodes/episode_0.npz,09c3c01c27f0a19af5d18bd6f5c70cbc8dd1b88eb8f3c70d2bbaac03ecf32fce,9,1,match,[9],[9],0.3825606107711792,4,1,True,True
07,37f52606a7a016b5dd64a17c0c6228433f12fe81a4cc4664dd04999a466ed731,Pendulum-v1,sol,5,0,zero,5,data/llmx_data/offline_data/physics_data/raw_transitions/Pendulum-v1/episodes/episode_0.npz,09c3c01c27f0a19af5d18bd6f5c70cbc8dd1b88eb8f3c70d2bbaac03ecf32fce,10,1,match,[9],[9],0.19008123874664307,2,3,True,True
07,1d67503437cd33e37390065577fd7fbc36f16d0e98b7e5e08f1869870fe6ec56,Pendulum-v1,sol,5,0,zero,6,data/llmx_data/offline_data/physics_data/raw_transitions/Pendulum-v1/episodes/episode_0.npz,09c3c01c27f0a19af5d18bd6f5c70cbc8dd1b88eb8f3c70d2bbaac03ecf32fce,11,0,mismatch,[8],[4],1.6191149830818177,2,3,True,True
07,76beda9c493e342f92174c224e526d56965d5e442dc27eea632e938f7d85aa81,Pendulum-v1,sol,5,0,zero,7,data/llmx_data/offline_data/physics_data/raw_transitions/Pendulum-v1/episodes/episode_0.npz,09c3c01c27f0a19af5d18bd6f5c70cbc8dd1b88eb8f3c70d2bbaac03ecf32fce,12,0,mismatch,[9],[8],0.20887004852294933,3,2,True,True
07,430d2eafdf6d44e838ce78eca3f1702b38361500d99403596da1aea9cf1da864,Pendulum-v1,sol,5,0,zero,8,data/llmx_data/offline_data/physics_data/raw_transitions/Pendulum-v1/episodes/episode_0.npz,09c3c01c27f0a19af5d18bd6f5c70cbc8dd1b88eb8f3c70d2bbaac03ecf32fce,13,0,mismatch,[5],[1],1.6800720596313476,4,1,True,True
07,212be5fb01c8a9ede441b1a8c3cad947dccb85a2c831c595963292c0ba558273,Pendulum-v1,sol,5,0,zero,9,data/llmx_data/offline_data/physics_data/raw_transitions/Pendulum-v1/episodes/episode_0.npz,09c3c01c27f0a19af5d18bd6f5c70cbc8dd1b88eb8f3c70d2bbaac03ecf32fce,14,0,mismatch,[8],[9],0.25929098129272465,2,3,True,True
07,aa75e7afee88bb4655bc98f532dc93526417b54ddd373a18e4d8c303d3b55563,Pendulum-v1,sol,20,0,zero,0,data/llmx_data/offline_data/physics_data/raw_transitions/Pendulum-v1/episodes/episode_0.npz,09c3c01c27f0a19af5d18bd6f5c70cbc8dd1b88eb8f3c70d2bbaac03ecf32fce,20,0,mismatch,[6],[5],0.5311707732081413,3,2,True,True
07,099ac3f92ad6428b229808ab52f19e1f835539e1b64b58e338f404503a0eb69f,Pendulum-v1,sol,20,0,zero,1,data/llmx_data/offline_data/physics_data/raw_transitions/Pendulum-v1/episodes/episode_0.npz,09c3c01c27f0a19af5d18bd6f5c70cbc8dd1b88eb8f3c70d2bbaac03ecf32fce,21,1,match,[6],[6],0.19348626136779784,3,2,True,True
07,909ed98ac5b2065e5d0c2fad89546859b47bbdd829f9e3cf2e222aef1f62f6ea,Pendulum-v1,sol,20,0,zero,2,data/llmx_data/offline_data/physics_data/raw_transitions/Pendulum-v1/episodes/episode_0.npz,09c3c01c27f0a19af5d18bd6f5c70cbc8dd1b88eb8f3c70d2bbaac03ecf32fce,22,0,mismatch,[5],[2],1.2871518850326538,3,2,True,True
07,09bd3472bca22c09a681750560ac0bdb1c5c26ba61fed2290765ba59099d14bf,Pendulum-v1,sol,20,0,zero,3,data/llmx_data/offline_data/physics_data/raw_transitions/Pendulum-v1/episodes/episode_0.npz,09c3c01c27f0a19af5d18bd6f5c70cbc8dd1b88eb8f3c70d2bbaac03ecf32fce,23,0,mismatch,[7],[8],0.5213020801544189,3,2,True,True
07,337fc2a62d367e0e14ca4df32af52a1e94b4bae094f9335101383d6a74d1858d,Pendulum-v1,sol,20,0,zero,4,data/llmx_data/offline_data/physics_data/raw_transitions/Pendulum-v1/episodes/episode_0.npz,09c3c01c27f0a19af5d18bd6f5c70cbc8dd1b88eb8f3c70d2bbaac03ecf32fce,24,0,mismatch,[2],[5],1.3344773650169373,2,3,True,True
07,5b04e7d66ad2213b2a33b84f2b67d010d2b0128b1b94fa3d20ab8381859889bf,Pendulum-v1,sol,20,0,zero,5,data/llmx_data/offline_data/physics_data/raw_transitions/Pendulum-v1/episodes/episode_0.npz,09c3c01c27f0a19af5d18bd6f5c70cbc8dd1b88eb8f3c70d2bbaac03ecf32fce,25,1,match,[3],[3],0.09220545172691341,2,3,True,True
07,96a0ab90e587ba397df5efe55effcd6f9216cdb2f834431e7c1d87600efcedeb,Pendulum-v1,sol,20,0,zero,6,data/llmx_data/offline_data/physics_data/raw_transitions/Pendulum-v1/episodes/episode_0.npz,09c3c01c27f0a19af5d18bd6f5c70cbc8dd1b88eb8f3c70d2bbaac03ecf32fce,26,1,match,[6],[6],0.02513555288314817,2,3,True,True
07,558c2f524a403bf42e3ad94ddf68af1ed4881d319deb0bd5aec5fd91a9a32185,Pendulum-v1,sol,20,0,zero,7,data/llmx_data/offline_data/physics_data/raw_transitions/Pendulum-v1/episodes/episode_0.npz,09c3c01c27f0a19af5d18bd6f5c70cbc8dd1b88eb8f3c70d2bbaac03ecf32fce,27,0,mismatch,[5],[6],0.4845479249954224,3,2,True,True
07,6c1fedcde25d9466c8070e7c67414222c196400c85f299bc4072c7266f6d47d6,Pendulum-v1,sol,20,0,zero,8,data/llmx_data/offline_data/physics_data/raw_transitions/Pendulum-v1/episodes/episode_0.npz,09c3c01c27f0a19af5d18bd6f5c70cbc8dd1b88eb8f3c70d2bbaac03ecf32fce,28,1,match,[1],[1],0.02484717369079581,3,2,True,True
07,feb575cd42bbc0732bd597acfe2c9e030729ae963021edb32b45f00069eae49c,Pendulum-v1,sol,20,0,zero,9,data/llmx_data/offline_data/physics_data/raw_transitions/Pendulum-v1/episodes/episode_0.npz,09c3c01c27f0a19af5d18bd6f5c70cbc8dd1b88eb8f3c70d2bbaac03ecf32fce,29,0,mismatch,[8],[9],0.4277938795089722,2,3,True,True
07,56522ded63627d1d0f9f66f12261f64ff71eea8b5a68540d867caac93d4e52de,MountainCar-v0,terra,5,0,zero,0,data/llmx_data/offline_data/physics_data/raw_transitions/MountainCar-v0/episodes/episode_0.npz,c91b3e277decddff587601790c381096c5bab98fc726af94dba76d924e0ffa5b,5,1,match,2,2,0.0,3,2,True,True
07,9276ee01a296f01e9b7954f9f4c0245899f1be5550d99b337ddc65e4eb0e47d0,MountainCar-v0,terra,5,0,zero,1,data/llmx_data/offline_data/physics_data/raw_transitions/MountainCar-v0/episodes/episode_0.npz,c91b3e277decddff587601790c381096c5bab98fc726af94dba76d924e0ffa5b,6,1,match,2,2,0.0,3,2,True,True
07,c3c12519c29c5cdee0b655f238279357bc921e8ea1e2b3b00e1f6fd8ec40eb83,MountainCar-v0,terra,5,0,zero,2,data/llmx_data/offline_data/physics_data/raw_transitions/MountainCar-v0/episodes/episode_0.npz,c91b3e277decddff587601790c381096c5bab98fc726af94dba76d924e0ffa5b,7,1,match,2,2,0.0,2,3,True,True
07,4fc8eca9abf0a9e133f62392dc07a1a708e5bba36c4d2f6edcda0ec6e1aa362e,MountainCar-v0,terra,5,0,zero,3,data/llmx_data/offline_data/physics_data/raw_transitions/MountainCar-v0/episodes/episode_0.npz,c91b3e277decddff587601790c381096c5bab98fc726af94dba76d924e0ffa5b,8,1,match,2,2,0.0,3,2,True,True
07,7f73d4b94967fa1fc48b69bf704d89f7509c99f84dc09eda8a617d17a030710c,MountainCar-v0,terra,5,0,zero,4,data/llmx_data/offline_data/physics_data/raw_transitions/MountainCar-v0/episodes/episode_0.npz,c91b3e277decddff587601790c381096c5bab98fc726af94dba76d924e0ffa5b,9,0,mismatch,2,1,1.0,3,2,True,True
07,969611850b7fe20793966c4756ad32bef8e5d85566f815141fc660f4e2346cc3,MountainCar-v0,terra,5,0,zero,5,data/llmx_data/offline_data/physics_data/raw_transitions/MountainCar-v0/episodes/episode_0.npz,c91b3e277decddff587601790c381096c5bab98fc726af94dba76d924e0ffa5b,10,0,mismatch,2,1,1.0,2,3,True,True
07,88975afe4cd3359342cd6594262aca1e12381e9fc55b7dc573de23a7b19f963c,MountainCar-v0,terra,5,0,zero,6,data/llmx_data/offline_data/physics_data/raw_transitions/MountainCar-v0/episodes/episode_0.npz,c91b3e277decddff587601790c381096c5bab98fc726af94dba76d924e0ffa5b,11,1,match,1,1,0.0,2,3,True,True
07,e2458d4431080942a208d8f70f64529eee4c4e80fecc728b70153efb156b2ac9,MountainCar-v0,terra,5,0,zero,7,data/llmx_data/offline_data/physics_data/raw_transitions/MountainCar-v0/episodes/episode_0.npz,c91b3e277decddff587601790c381096c5bab98fc726af94dba76d924e0ffa5b,12,0,mismatch,1,0,1.0,2,3,True,True
07,e3fdc1bfe537adef061893835e7f751f2506b90e6b074d28870dfa4075cbcfa7,MountainCar-v0,terra,5,0,zero,8,data/llmx_data/offline_data/physics_data/raw_transitions/MountainCar-v0/episodes/episode_0.npz,c91b3e277decddff587601790c381096c5bab98fc726af94dba76d924e0ffa5b,13,1,match,0,0,0.0,2,3,True,True
07,2d986bbe974381731a1eedf256fec3adeb7e97ff408e3854164fa90047e40195,MountainCar-v0,terra,5,0,zero,9,data/llmx_data/offline_data/physics_data/raw_transitions/MountainCar-v0/episodes/episode_0.npz,c91b3e277decddff587601790c381096c5bab98fc726af94dba76d924e0ffa5b,14,1,match,0,0,0.0,2,3,True,True
07,2bd5c6f230cc417a1fdbc54ec13ae14b61fb2ac9fdbd02f21692bb57a9f76f5c,MountainCar-v0,terra,20,0,zero,0,data/llmx_data/offline_data/physics_data/raw_transitions/MountainCar-v0/episodes/episode_0.npz,c91b3e277decddff587601790c381096c5bab98fc726af94dba76d924e0ffa5b,20,1,match,0,0,0.0,2,3,True,True
07,b0a1f4b0c813a8c6505222a14cc751a5f1950da66cc6b48a5106f624ba24f043,MountainCar-v0,terra,20,0,zero,1,data/llmx_data/offline_data/physics_data/raw_transitions/MountainCar-v0/episodes/episode_0.npz,c91b3e277decddff587601790c381096c5bab98fc726af94dba76d924e0ffa5b,21,1,match,0,0,0.0,3,2,True,True
07,ed65034c7e46bd7034d05e9323bb569956eed68ccf5b78a2a73a8494a9d780fa,MountainCar-v0,terra,20,0,zero,2,data/llmx_data/offline_data/physics_data/raw_transitions/MountainCar-v0/episodes/episode_0.npz,c91b3e277decddff587601790c381096c5bab98fc726af94dba76d924e0ffa5b,22,1,match,0,0,0.0,3,2,True,True
07,290c956cb7484ba6c1f0db3cf125cb18784687b20af719cebe891b1a6a372e7b,MountainCar-v0,terra,20,0,zero,3,data/llmx_data/offline_data/physics_data/raw_transitions/MountainCar-v0/episodes/episode_0.npz,c91b3e277decddff587601790c381096c5bab98fc726af94dba76d924e0ffa5b,23,1,match,0,0,0.0,3,2,True,True
07,332382d91346ce45f5ce43b2f9cfb165ec8c8176d6a842e7637d2a4a502567b3,MountainCar-v0,terra,20,0,zero,4,data/llmx_data/offline_data/physics_data/raw_transitions/MountainCar-v0/episodes/episode_0.npz,c91b3e277decddff587601790c381096c5bab98fc726af94dba76d924e0ffa5b,24,1,match,0,0,0.0,3,2,True,True
07,4d3fcd2b9b7dc1516b35a3aee53e6e24d5c8d85051b1aff929a87f454bcd5f89,MountainCar-v0,terra,20,0,zero,5,data/llmx_data/offline_data/physics_data/raw_transitions/MountainCar-v0/episodes/episode_0.npz,c91b3e277decddff587601790c381096c5bab98fc726af94dba76d924e0ffa5b,25,1,match,0,0,0.0,3,2,True,True
07,81d61b6edf73fe88e14077581fcd89f3e50cc534a39cde5e9ddce17f3d4dcaa4,MountainCar-v0,terra,20,0,zero,6,data/llmx_data/offline_data/physics_data/raw_transitions/MountainCar-v0/episodes/episode_0.npz,c91b3e277decddff587601790c381096c5bab98fc726af94dba76d924e0ffa5b,26,1,match,0,0,0.0,2,3,True,True
07,b5083dd36523fc20b25f6c04fa54cb1399bcc5bf79b21e4ec94d3b1e05ea887f,MountainCar-v0,terra,20,0,zero,7,data/llmx_data/offline_data/physics_data/raw_transitions/MountainCar-v0/episodes/episode_0.npz,c91b3e277decddff587601790c381096c5bab98fc726af94dba76d924e0ffa5b,27,1,match,0,0,0.0,2,3,True,True
07,0b44ef65d59c64f748932d24a75504451865780383fd6b68291016621a3945fb,MountainCar-v0,terra,20,0,zero,8,data/llmx_data/offline_data/physics_data/raw_transitions/MountainCar-v0/episodes/episode_0.npz,c91b3e277decddff587601790c381096c5bab98fc726af94dba76d924e0ffa5b,28,1,match,0,0,0.0,2,3,True,True
07,5f5a018e8159be122d36f2e5090a5b5e9221edac44a8993509087734d14bc7c6,MountainCar-v0,terra,20,0,zero,9,data/llmx_data/offline_data/physics_data/raw_transitions/MountainCar-v0/episodes/episode_0.npz,c91b3e277decddff587601790c381096c5bab98fc726af94dba76d924e0ffa5b,29,1,match,0,0,0.0,3,2,True,True
07,e53ab3835fc2352e4247b41d1f02399334bec1796155b12890a875dd9c58a4d6,Pendulum-v1,terra,5,0,zero,0,data/llmx_data/offline_data/physics_data/raw_transitions/Pendulum-v1/episodes/episode_0.npz,09c3c01c27f0a19af5d18bd6f5c70cbc8dd1b88eb8f3c70d2bbaac03ecf32fce,5,1,match,[0],[0],0.2419278621673584,3,2,True,True
07,1b310af855fc97a13b0771bb1959935a78cdd89e69345ff643f92916ea62a3e6,Pendulum-v1,terra,5,0,zero,1,data/llmx_data/offline_data/physics_data/raw_transitions/Pendulum-v1/episodes/episode_0.npz,09c3c01c27f0a19af5d18bd6f5c70cbc8dd1b88eb8f3c70d2bbaac03ecf32fce,6,1,match,[1],[1],0.202430534362793,3,2,True,True
07,c228fe1eeff5428af461d301c93c5f1d1ce6491d2147a40907bb0372bed728db,Pendulum-v1,terra,5,0,zero,2,data/llmx_data/offline_data/physics_data/raw_transitions/Pendulum-v1/episodes/episode_0.npz,09c3c01c27f0a19af5d18bd6f5c70cbc8dd1b88eb8f3c70d2bbaac03ecf32fce,7,1,match,[2],[2],0.29590187072753904,3,2,True,True
07,38a4c0cbe39039a67b261a33c846d1fb000bb20194879b1a90f1e7fc8ece7ec8,Pendulum-v1,terra,5,0,zero,3,data/llmx_data/offline_data/physics_data/raw_transitions/Pendulum-v1/episodes/episode_0.npz,09c3c01c27f0a19af5d18bd6f5c70cbc8dd1b88eb8f3c70d2bbaac03ecf32fce,8,0,mismatch,[2],[0],1.1,2,3,True,True
07,acb3525776652a94264d5d051d999fba0852e0f5d41bb6a94204d9e870eae2f5,Pendulum-v1,terra,5,0,zero,4,data/llmx_data/offline_data/physics_data/raw_transitions/Pendulum-v1/episodes/episode_0.npz,09c3c01c27f0a19af5d18bd6f5c70cbc8dd1b88eb8f3c70d2bbaac03ecf32fce,9,1,match,[9],[9],0.3825606107711792,4,1,True,True
07,00136b8334c907429e2cbd6b348c82024fe410f269ac5fafa05f3851dfa204e3,Pendulum-v1,terra,5,0,zero,5,data/llmx_data/offline_data/physics_data/raw_transitions/Pendulum-v1/episodes/episode_0.npz,09c3c01c27f0a19af5d18bd6f5c70cbc8dd1b88eb8f3c70d2bbaac03ecf32fce,10,0,mismatch,[8],[9],0.45991876125335684,2,3,True,True
07,52e0e32a78fea08700d5cb11667a410ea15ffafc29878b5505599a825a204144,Pendulum-v1,terra,5,0,zero,6,data/llmx_data/offline_data/physics_data/raw_transitions/Pendulum-v1/episodes/episode_0.npz,09c3c01c27f0a19af5d18bd6f5c70cbc8dd1b88eb8f3c70d2bbaac03ecf32fce,11,0,mismatch,[6],[4],1.0391149830818176,2,3,True,True
07,6d0a820eaf3c90a30a3d4559080883a127256a8cfc680cf22b753e6d9d9afc0d,Pendulum-v1,terra,5,0,zero,7,data/llmx_data/offline_data/physics_data/raw_transitions/Pendulum-v1/episodes/episode_0.npz,09c3c01c27f0a19af5d18bd6f5c70cbc8dd1b88eb8f3c70d2bbaac03ecf32fce,12,0,mismatch,[9],[8],0.23887004852294913,2,3,True,True
07,68d34bbc532c5290da08f6031c0a458e0c32933f7675fc21895c33e191e49868,Pendulum-v1,terra,5,0,zero,8,data/llmx_data/offline_data/physics_data/raw_transitions/Pendulum-v1/episodes/episode_0.npz,09c3c01c27f0a19af5d18bd6f5c70cbc8dd1b88eb8f3c70d2bbaac03ecf32fce,13,0,mismatch,[5],[1],1.6900720596313477,3,2,True,True
07,aa7954b8fe5839cd8c1cb0113f457d19d3904309e579b3b8a835bb4c6ce33263,Pendulum-v1,terra,5,0,zero,9,data/llmx_data/offline_data/physics_data/raw_transitions/Pendulum-v1/episodes/episode_0.npz,09c3c01c27f0a19af5d18bd6f5c70cbc8dd1b88eb8f3c70d2bbaac03ecf32fce,14,1,match,[9],[9],0.04070901870727539,3,2,True,True
07,6ba91638cc87a4c69a3150e9c3109875b07552c3f925e89ec7e5d139703d420a,Pendulum-v1,terra,20,0,zero,0,data/llmx_data/offline_data/physics_data/raw_transitions/Pendulum-v1/episodes/episode_0.npz,09c3c01c27f0a19af5d18bd6f5c70cbc8dd1b88eb8f3c70d2bbaac03ecf32fce,20,0,mismatch,[6],[5],0.46117077320814137,3,2,True,True
07,6ffe0e3fc9b51ab391239af1e7045eef8394a6961b68758181cf44fce426ced4,Pendulum-v1,terra,20,0,zero,1,data/llmx_data/offline_data/physics_data/raw_transitions/Pendulum-v1/episodes/episode_0.npz,09c3c01c27f0a19af5d18bd6f5c70cbc8dd1b88eb8f3c70d2bbaac03ecf32fce,21,0,mismatch,[5],[6],0.2934862613677979,3,2,True,True
07,85f2457e17749e287737102a615a4314d74c823022266f2317110cff7cc05acf,Pendulum-v1,terra,20,0,zero,2,data/llmx_data/offline_data/physics_data/raw_transitions/Pendulum-v1/episodes/episode_0.npz,09c3c01c27f0a19af5d18bd6f5c70cbc8dd1b88eb8f3c70d2bbaac03ecf32fce,22,0,mismatch,[3],[2],0.5371518850326538,3,2,True,True
07,41900605be5dfd28003a1076f8fbe52c4cecaad25c58c5e2769d0d60a0d35db2,Pendulum-v1,terra,20,0,zero,3,data/llmx_data/offline_data/physics_data/raw_transitions/Pendulum-v1/episodes/episode_0.npz,09c3c01c27f0a19af5d18bd6f5c70cbc8dd1b88eb8f3c70d2bbaac03ecf32fce,23,0,mismatch,[7],[8],0.5213020801544189,3,2,True,True
07,fcb03313df583e210ddbcd9dd32325e03f2a2d2bc0879bfaac4279e53d9d7a41,Pendulum-v1,terra,20,0,zero,4,data/llmx_data/offline_data/physics_data/raw_transitions/Pendulum-v1/episodes/episode_0.npz,09c3c01c27f0a19af5d18bd6f5c70cbc8dd1b88eb8f3c70d2bbaac03ecf32fce,24,0,mismatch,[3],[5],1.0844773650169373,2,3,True,True
07,579723da3aea87ecc2999a9cba0737dda15b33ca17caa94da0b82426ca2cae16,Pendulum-v1,terra,20,0,zero,5,data/llmx_data/offline_data/physics_data/raw_transitions/Pendulum-v1/episodes/episode_0.npz,09c3c01c27f0a19af5d18bd6f5c70cbc8dd1b88eb8f3c70d2bbaac03ecf32fce,25,0,mismatch,[2],[3],0.5122054517269135,3,2,True,True
07,55a7dd757ed368d7d45a9dafdbf0e322906d7f8f6375a5876054281abb647a53,Pendulum-v1,terra,20,0,zero,6,data/llmx_data/offline_data/physics_data/raw_transitions/Pendulum-v1/episodes/episode_0.npz,09c3c01c27f0a19af5d18bd6f5c70cbc8dd1b88eb8f3c70d2bbaac03ecf32fce,26,1,match,[6],[6],0.024864447116851762,2,3,True,True
07,181bb36b66b1cf45f7561c24c9ac63dd60a61fb63c4bfdd4363f2b5b2128f992,Pendulum-v1,terra,20,0,zero,7,data/llmx_data/offline_data/physics_data/raw_transitions/Pendulum-v1/episodes/episode_0.npz,09c3c01c27f0a19af5d18bd6f5c70cbc8dd1b88eb8f3c70d2bbaac03ecf32fce,27,0,mismatch,[5],[6],0.5445479249954224,2,3,True,True
07,916477c30498d313ed0f71baf49ed3d7b9c5b6d670feff21ab5efab4a71480f4,Pendulum-v1,terra,20,0,zero,8,data/llmx_data/offline_data/physics_data/raw_transitions/Pendulum-v1/episodes/episode_0.npz,09c3c01c27f0a19af5d18bd6f5c70cbc8dd1b88eb8f3c70d2bbaac03ecf32fce,28,0,mismatch,[2],[1],0.4751528263092041,3,2,True,True
07,88163557c9daa47093270beebb9be1f894ee251b958193283ca44e2c41dc6443,Pendulum-v1,terra,20,0,zero,9,data/llmx_data/offline_data/physics_data/raw_transitions/Pendulum-v1/episodes/episode_0.npz,09c3c01c27f0a19af5d18bd6f5c70cbc8dd1b88eb8f3c70d2bbaac03ecf32fce,29,0,mismatch,[8],[9],0.48779387950897224,2,3,True,True
07,b01a53b2594a5a173f6ad08eae43d3ffa9915c8f93563629c3545d50b7b0a7cf,MountainCar-v0,luna,5,0,zero,0,data/llmx_data/offline_data/physics_data/raw_transitions/MountainCar-v0/episodes/episode_0.npz,c91b3e277decddff587601790c381096c5bab98fc726af94dba76d924e0ffa5b,5,1,match,2,2,0.0,3,2,True,True
07,51149e445403b64b2a15f3152a65f8ff9b36b04d96c7a80740cc8d2b109910c6,MountainCar-v0,luna,5,0,zero,1,data/llmx_data/offline_data/physics_data/raw_transitions/MountainCar-v0/episodes/episode_0.npz,c91b3e277decddff587601790c381096c5bab98fc726af94dba76d924e0ffa5b,6,1,match,2,2,0.0,3,2,True,True
07,e471d35b3e01899a791710bb1605d00e25b155303b12bcd8c31329401aac38d6,MountainCar-v0,luna,5,0,zero,2,data/llmx_data/offline_data/physics_data/raw_transitions/MountainCar-v0/episodes/episode_0.npz,c91b3e277decddff587601790c381096c5bab98fc726af94dba76d924e0ffa5b,7,1,match,2,2,0.0,3,2,True,True
07,28009064a28ecec71748172c657a551a551fbdfbd3224d54d192c77571ceabfc,MountainCar-v0,luna,5,0,zero,3,data/llmx_data/offline_data/physics_data/raw_transitions/MountainCar-v0/episodes/episode_0.npz,c91b3e277decddff587601790c381096c5bab98fc726af94dba76d924e0ffa5b,8,1,match,2,2,0.0,3,2,True,True
07,18e589297ae30f26db8a36e18c04da5d3eae06617f9ed19bbf613c42464ea7e0,MountainCar-v0,luna,5,0,zero,4,data/llmx_data/offline_data/physics_data/raw_transitions/MountainCar-v0/episodes/episode_0.npz,c91b3e277decddff587601790c381096c5bab98fc726af94dba76d924e0ffa5b,9,0,mismatch,2,1,1.0,3,2,True,True
07,5f07aa4a469b249c833c16e5200d3280cbd3a7a9e75b41a6da3903814daca546,MountainCar-v0,luna,5,0,zero,5,data/llmx_data/offline_data/physics_data/raw_transitions/MountainCar-v0/episodes/episode_0.npz,c91b3e277decddff587601790c381096c5bab98fc726af94dba76d924e0ffa5b,10,0,mismatch,0,1,1.0,4,1,True,True
07,73f8d2189e4f32cfce1bafa1739aeab8369f8419cfaff701bd41c22a634c4629,MountainCar-v0,luna,5,0,zero,6,data/llmx_data/offline_data/physics_data/raw_transitions/MountainCar-v0/episodes/episode_0.npz,c91b3e277decddff587601790c381096c5bab98fc726af94dba76d924e0ffa5b,11,1,match,1,1,0.0,2,3,True,True
07,59b5a751b42bff953980d58bfe1c310a6d026b7f86e94acae3db7ddc26ce067c,MountainCar-v0,luna,5,0,zero,7,data/llmx_data/offline_data/physics_data/raw_transitions/MountainCar-v0/episodes/episode_0.npz,c91b3e277decddff587601790c381096c5bab98fc726af94dba76d924e0ffa5b,12,0,mismatch,1,0,1.0,2,3,True,True
07,3715854bf99d6b1d81e2dbea2d074907c0cdcfb90528eb5b55e353eac4810394,MountainCar-v0,luna,5,0,zero,8,data/llmx_data/offline_data/physics_data/raw_transitions/MountainCar-v0/episodes/episode_0.npz,c91b3e277decddff587601790c381096c5bab98fc726af94dba76d924e0ffa5b,13,0,ignored,,0,,2,3,True,True
07,621587d81c093c4bec4a1be986772cb42f3e03b5cc42a24637a71643a5044956,MountainCar-v0,luna,5,0,zero,9,data/llmx_data/offline_data/physics_data/raw_transitions/MountainCar-v0/episodes/episode_0.npz,c91b3e277decddff587601790c381096c5bab98fc726af94dba76d924e0ffa5b,14,1,match,0,0,0.0,2,3,True,True
07,1b1f388a2d92d6b665e33e4f5152608832c7f1d947d0add4eaea6348ae176a7a,MountainCar-v0,luna,20,0,zero,0,data/llmx_data/offline_data/physics_data/raw_transitions/MountainCar-v0/episodes/episode_0.npz,c91b3e277decddff587601790c381096c5bab98fc726af94dba76d924e0ffa5b,20,0,ignored,,0,,2,3,True,True
07,2483f00e7d529d1aad4e46640ef464b9610477d5d94ce2ad5b0c5be35eefa3d6,MountainCar-v0,luna,20,0,zero,1,data/llmx_data/offline_data/physics_data/raw_transitions/MountainCar-v0/episodes/episode_0.npz,c91b3e277decddff587601790c381096c5bab98fc726af94dba76d924e0ffa5b,21,1,match,0,0,0.0,3,2,True,True
07,1ceb898e0c62d2f51fc4abe4c77959ea1794c7c0446120f41eb54e80ba00fdd6,MountainCar-v0,luna,20,0,zero,2,data/llmx_data/offline_data/physics_data/raw_transitions/MountainCar-v0/episodes/episode_0.npz,c91b3e277decddff587601790c381096c5bab98fc726af94dba76d924e0ffa5b,22,0,ignored,,0,,3,2,True,True
07,9859fb05817e0f3ab1fbefb72d285bef5763b3332ce09ce7153ecc9c0c96cbc3,MountainCar-v0,luna,20,0,zero,3,data/llmx_data/offline_data/physics_data/raw_transitions/MountainCar-v0/episodes/episode_0.npz,c91b3e277decddff587601790c381096c5bab98fc726af94dba76d924e0ffa5b,23,0,ignored,,0,,2,3,True,True
07,ddc9d41bdf10e6477fa15405539141872bfbc9ce58a08ce7f0e745087bb02ff9,MountainCar-v0,luna,20,0,zero,4,data/llmx_data/offline_data/physics_data/raw_transitions/MountainCar-v0/episodes/episode_0.npz,c91b3e277decddff587601790c381096c5bab98fc726af94dba76d924e0ffa5b,24,1,match,0,0,0.0,3,2,True,True
07,628582cd6f31529d68b067764bbc14d6e57a4812db545aaefdc91b16e0a67e51,MountainCar-v0,luna,20,0,zero,5,data/llmx_data/offline_data/physics_data/raw_transitions/MountainCar-v0/episodes/episode_0.npz,c91b3e277decddff587601790c381096c5bab98fc726af94dba76d924e0ffa5b,25,0,mismatch,2,0,2.0,3,2,True,True
07,75581059f0b50b3794fa399e322d3ef605070b9f13ef5ed44eca5521b370b24e,MountainCar-v0,luna,20,0,zero,6,data/llmx_data/offline_data/physics_data/raw_transitions/MountainCar-v0/episodes/episode_0.npz,c91b3e277decddff587601790c381096c5bab98fc726af94dba76d924e0ffa5b,26,0,ignored,,0,,3,2,True,True
07,8171baa71e4567d7fbc550b962911fccaa774c0251f109daabb1ce14e6e5e82c,MountainCar-v0,luna,20,0,zero,7,data/llmx_data/offline_data/physics_data/raw_transitions/MountainCar-v0/episodes/episode_0.npz,c91b3e277decddff587601790c381096c5bab98fc726af94dba76d924e0ffa5b,27,1,match,0,0,0.0,2,3,True,True
07,ff26ddb6cb633a4a5e5de2f9b8efadbf3f4a677b4a163b16aef6c2361fd5ffe8,MountainCar-v0,luna,20,0,zero,8,data/llmx_data/offline_data/physics_data/raw_transitions/MountainCar-v0/episodes/episode_0.npz,c91b3e277decddff587601790c381096c5bab98fc726af94dba76d924e0ffa5b,28,1,match,0,0,0.0,3,2,True,True
07,2d3a77eaa182a3941ba3e4b8d3839eaa6302aeb87ec20c81922053392e48bac6,MountainCar-v0,luna,20,0,zero,9,data/llmx_data/offline_data/physics_data/raw_transitions/MountainCar-v0/episodes/episode_0.npz,c91b3e277decddff587601790c381096c5bab98fc726af94dba76d924e0ffa5b,29,0,ignored,,0,,3,2,True,True
07,ec237f399cf2f2cbd774d27ff88cb4949ddcf47d3578156f6c4d07d4b86a5aa7,Pendulum-v1,luna,5,0,zero,0,data/llmx_data/offline_data/physics_data/raw_transitions/Pendulum-v1/episodes/episode_0.npz,09c3c01c27f0a19af5d18bd6f5c70cbc8dd1b88eb8f3c70d2bbaac03ecf32fce,5,0,mismatch,[9],[0],3.7580721378326416,3,2,True,True
07,662b168126676df7d08fa5a21a22e92102ebc8b61795d0db0d5c370095c0d592,Pendulum-v1,luna,5,0,zero,1,data/llmx_data/offline_data/physics_data/raw_transitions/Pendulum-v1/episodes/episode_0.npz,09c3c01c27f0a19af5d18bd6f5c70cbc8dd1b88eb8f3c70d2bbaac03ecf32fce,6,1,match,[1],[1],0.0724305343627929,3,2,True,True
07,ead8d41faaf6b0bbaa1cf734682cce6330bf9033dd190655daba7a04d92655c4,Pendulum-v1,luna,5,0,zero,2,data/llmx_data/offline_data/physics_data/raw_transitions/Pendulum-v1/episodes/episode_0.npz,09c3c01c27f0a19af5d18bd6f5c70cbc8dd1b88eb8f3c70d2bbaac03ecf32fce,7,1,match,[2],[2],0.29590187072753904,3,2,True,True
07,e24385e7ee48d5554cb85f9635508b84f502f12ba8310b441f2f09cc4fe31eb4,Pendulum-v1,luna,5,0,zero,3,data/llmx_data/offline_data/physics_data/raw_transitions/Pendulum-v1/episodes/episode_0.npz,09c3c01c27f0a19af5d18bd6f5c70cbc8dd1b88eb8f3c70d2bbaac03ecf32fce,8,0,mismatch,[2],[0],1.1,3,2,True,True
07,fbdd888ed4f7daa07bac70940975c6c7eb10b9410e7118fea975dd7d83a4b014,Pendulum-v1,luna,5,0,zero,4,data/llmx_data/offline_data/physics_data/raw_transitions/Pendulum-v1/episodes/episode_0.npz,09c3c01c27f0a19af5d18bd6f5c70cbc8dd1b88eb8f3c70d2bbaac03ecf32fce,9,1,match,[9],[9],0.3825606107711792,3,2,True,True
07,edcdb07a9c8f2dc6e6f35dd01d88c2a4553ef3b3848c3fa16ca5223151dc9f93,Pendulum-v1,luna,5,0,zero,5,data/llmx_data/offline_data/physics_data/raw_transitions/Pendulum-v1/episodes/episode_0.npz,09c3c01c27f0a19af5d18bd6f5c70cbc8dd1b88eb8f3c70d2bbaac03ecf32fce,10,0,mismatch,[8],[9],0.5099187612533569,2,3,True,True
07,29ac0e14a711a26d66379026930285715038bf3c8682b5b667f0de7cb68a79e5,Pendulum-v1,luna,5,0,zero,6,data/llmx_data/offline_data/physics_data/raw_transitions/Pendulum-v1/episodes/episode_0.npz,09c3c01c27f0a19af5d18bd6f5c70cbc8dd1b88eb8f3c70d2bbaac03ecf32fce,11,0,mismatch,[8],[4],1.6191149830818177,2,3,True,True
07,e48c36a835527ae45f248380c91c440352c817b32489db7473eaf5c7ea0b7bbe,Pendulum-v1,luna,5,0,zero,7,data/llmx_data/offline_data/physics_data/raw_transitions/Pendulum-v1/episodes/episode_0.npz,09c3c01c27f0a19af5d18bd6f5c70cbc8dd1b88eb8f3c70d2bbaac03ecf32fce,12,0,mismatch,[5],[8],1.0611299514770507,4,1,True,True
07,6898e466dcc5967b9a20b7120ec33b7bca842687a7bf8dac8d5dd696944fc8bb,Pendulum-v1,luna,5,0,zero,8,data/llmx_data/offline_data/physics_data/raw_transitions/Pendulum-v1/episodes/episode_0.npz,09c3c01c27f0a19af5d18bd6f5c70cbc8dd1b88eb8f3c70d2bbaac03ecf32fce,13,0,mismatch,[5],[1],1.6900720596313477,3,2,True,True
07,eac208cdf03bcd7c71559a1e49a5ca592fe6f4af17e089a136ea49a27c767908,Pendulum-v1,luna,5,0,zero,9,data/llmx_data/offline_data/physics_data/raw_transitions/Pendulum-v1/episodes/episode_0.npz,09c3c01c27f0a19af5d18bd6f5c70cbc8dd1b88eb8f3c70d2bbaac03ecf32fce,14,1,match,[9],[9],0.0892909812927245,3,2,True,True
07,4552a91faa72303d60acd593c0208f95904cc77837fcad4affd0df89eba41462,Pendulum-v1,luna,20,0,zero,0,data/llmx_data/offline_data/physics_data/raw_transitions/Pendulum-v1/episodes/episode_0.npz,09c3c01c27f0a19af5d18bd6f5c70cbc8dd1b88eb8f3c70d2bbaac03ecf32fce,20,0,mismatch,[6],[5],0.31117077320814135,3,2,True,True
07,99023e6e517f3a7f52d1087d2e2d23cb9005cfb0f9c1bc62df96ec98ee85e1a9,Pendulum-v1,luna,20,0,zero,1,data/llmx_data/offline_data/physics_data/raw_transitions/Pendulum-v1/episodes/episode_0.npz,09c3c01c27f0a19af5d18bd6f5c70cbc8dd1b88eb8f3c70d2bbaac03ecf32fce,21,0,mismatch,[5],[6],0.39348626136779785,3,2,True,True
07,44078d329f7721cd5587cb54a149c5ddb5a7b62408d42235b375c0d99ac4a87d,Pendulum-v1,luna,20,0,zero,2,data/llmx_data/offline_data/physics_data/raw_transitions/Pendulum-v1/episodes/episode_0.npz,09c3c01c27f0a19af5d18bd6f5c70cbc8dd1b88eb8f3c70d2bbaac03ecf32fce,22,0,mismatch,[3],[2],0.6371518850326539,3,2,True,True
07,b73dd7348c66229d839d3a3f356d0b95a306bebc36e8ed5d80eb3893c3d5a285,Pendulum-v1,luna,20,0,zero,3,data/llmx_data/offline_data/physics_data/raw_transitions/Pendulum-v1/episodes/episode_0.npz,09c3c01c27f0a19af5d18bd6f5c70cbc8dd1b88eb8f3c70d2bbaac03ecf32fce,23,0,mismatch,[7],[8],0.571302080154419,3,2,True,True
07,a978510251a96f5567f726aeb5d3e2f4197625754898790fddf14501a9744bcf,Pendulum-v1,luna,20,0,zero,4,data/llmx_data/offline_data/physics_data/raw_transitions/Pendulum-v1/episodes/episode_0.npz,09c3c01c27f0a19af5d18bd6f5c70cbc8dd1b88eb8f3c70d2bbaac03ecf32fce,24,0,mismatch,[3],[5],1.0344773650169372,2,3,True,True
07,3a97b20bde0d69f30bbee571b4d0b429d63bc87de81e5c11dc94a5a0f602164c,Pendulum-v1,luna,20,0,zero,5,data/llmx_data/offline_data/physics_data/raw_transitions/Pendulum-v1/episodes/episode_0.npz,09c3c01c27f0a19af5d18bd6f5c70cbc8dd1b88eb8f3c70d2bbaac03ecf32fce,25,0,mismatch,[2],[3],0.5622054517269135,2,3,True,True
07,2555ec94bd4a7247f417ea1b9c471d8546a59baf7d44eb5b7fab8e1e13b4941f,Pendulum-v1,luna,20,0,zero,6,data/llmx_data/offline_data/physics_data/raw_transitions/Pendulum-v1/episodes/episode_0.npz,09c3c01c27f0a19af5d18bd6f5c70cbc8dd1b88eb8f3c70d2bbaac03ecf32fce,26,1,match,[6],[6],0.04486444711685178,3,2,True,True
07,75db5e2bf2b250047fb6e6dc0794e5ca68c6ba174d5b40d1066efe2523c9f0f4,Pendulum-v1,luna,20,0,zero,7,data/llmx_data/offline_data/physics_data/raw_transitions/Pendulum-v1/episodes/episode_0.npz,09c3c01c27f0a19af5d18bd6f5c70cbc8dd1b88eb8f3c70d2bbaac03ecf32fce,27,1,match,[6],[6],0.28454792499542236,3,2,True,True
07,55f4688bb6cc506607afef9e7946d348de74d4c720e63f55b4db0053bafd28c7,Pendulum-v1,luna,20,0,zero,8,data/llmx_data/offline_data/physics_data/raw_transitions/Pendulum-v1/episodes/episode_0.npz,09c3c01c27f0a19af5d18bd6f5c70cbc8dd1b88eb8f3c70d2bbaac03ecf32fce,28,0,mismatch,[3],[1],0.6751528263092041,3,2,True,True
07,bc56ca858b45de16bd1576a7d2855d6613d9fc1fda86d2772bd7d22fd5d49b6a,Pendulum-v1,luna,20,0,zero,9,data/llmx_data/offline_data/physics_data/raw_transitions/Pendulum-v1/episodes/episode_0.npz,09c3c01c27f0a19af5d18bd6f5c70cbc8dd1b88eb8f3c70d2bbaac03ecf32fce,29,0,mismatch,[8],[9],0.48779387950897224,2,3,True,True
07,97dbe00fb5d45c00fe12f82e0c5dcf7ce89dce47e5cae295b1fe6841c8890db4,MountainCar-v0,3.5,5,0,zero,0,data/llmx_data/offline_data/physics_data/raw_transitions/MountainCar-v0/episodes/episode_0.npz,c91b3e277decddff587601790c381096c5bab98fc726af94dba76d924e0ffa5b,5,1,match,2,2,0.0,3,2,True,True
07,a8ad006eb1e741de9d51f18e68c7f53d6a817cbff24bf61d56b06ddb89aa9c09,MountainCar-v0,3.5,5,0,zero,1,data/llmx_data/offline_data/physics_data/raw_transitions/MountainCar-v0/episodes/episode_0.npz,c91b3e277decddff587601790c381096c5bab98fc726af94dba76d924e0ffa5b,6,1,match,2,2,0.0,3,2,True,True
07,1221f252b8104e113fa6ad37c897edbf38299c2f6592b22065145bc5d0ac5568,MountainCar-v0,3.5,5,0,zero,2,data/llmx_data/offline_data/physics_data/raw_transitions/MountainCar-v0/episodes/episode_0.npz,c91b3e277decddff587601790c381096c5bab98fc726af94dba76d924e0ffa5b,7,1,match,2,2,0.0,3,2,True,True
07,3a24128ce4530a82a7de5fcf1461f0eac433c1699494a6a6dbb7e97744dbf809,MountainCar-v0,3.5,5,0,zero,3,data/llmx_data/offline_data/physics_data/raw_transitions/MountainCar-v0/episodes/episode_0.npz,c91b3e277decddff587601790c381096c5bab98fc726af94dba76d924e0ffa5b,8,1,match,2,2,0.0,3,2,True,True
07,12ed2d6f5ec52f693063feef7741a8494ab97eeb0fbd3af7374901784c536e2c,MountainCar-v0,3.5,5,0,zero,4,data/llmx_data/offline_data/physics_data/raw_transitions/MountainCar-v0/episodes/episode_0.npz,c91b3e277decddff587601790c381096c5bab98fc726af94dba76d924e0ffa5b,9,0,mismatch,2,1,1.0,3,2,True,True
07,e3929e7f9efcfc06d6c73c8089057a14f4c280e8bc753725b4e762af4c5ed914,MountainCar-v0,3.5,5,0,zero,5,data/llmx_data/offline_data/physics_data/raw_transitions/MountainCar-v0/episodes/episode_0.npz,c91b3e277decddff587601790c381096c5bab98fc726af94dba76d924e0ffa5b,10,0,mismatch,2,1,1.0,2,3,True,True
07,7febee3701fb74af105a6b6b84ba62c2407232abc597000282de6f1676d1b3a7,MountainCar-v0,3.5,5,0,zero,6,data/llmx_data/offline_data/physics_data/raw_transitions/MountainCar-v0/episodes/episode_0.npz,c91b3e277decddff587601790c381096c5bab98fc726af94dba76d924e0ffa5b,11,0,mismatch,2,1,1.0,3,2,True,True
07,ad95fa5e1296754a4382e89ebe955650aa8b3799e496ff1fdfb5d9d85de1307f,MountainCar-v0,3.5,5,0,zero,7,data/llmx_data/offline_data/physics_data/raw_transitions/MountainCar-v0/episodes/episode_0.npz,c91b3e277decddff587601790c381096c5bab98fc726af94dba76d924e0ffa5b,12,0,mismatch,2,0,2.0,2,3,True,True
07,6688f748c7a56ff8950190d41a0ec457687b6cdd023d5248efec2833515d5fd8,MountainCar-v0,3.5,5,0,zero,8,data/llmx_data/offline_data/physics_data/raw_transitions/MountainCar-v0/episodes/episode_0.npz,c91b3e277decddff587601790c381096c5bab98fc726af94dba76d924e0ffa5b,13,0,mismatch,2,0,2.0,2,3,True,True
07,3f1b68acb77464069a0a0013350371b899d29dfc7e2243f24aa22575606cb60f,MountainCar-v0,3.5,5,0,zero,9,data/llmx_data/offline_data/physics_data/raw_transitions/MountainCar-v0/episodes/episode_0.npz,c91b3e277decddff587601790c381096c5bab98fc726af94dba76d924e0ffa5b,14,1,match,0,0,0.0,2,3,True,True
07,5cc97e03d3877e4c9295f39fe5f549517900b8048a0a02a3fa0d130832347b76,MountainCar-v0,3.5,20,0,zero,0,data/llmx_data/offline_data/physics_data/raw_transitions/MountainCar-v0/episodes/episode_0.npz,c91b3e277decddff587601790c381096c5bab98fc726af94dba76d924e0ffa5b,20,1,match,0,0,0.0,3,2,True,True
07,24b1d7ccec9028e6714fe5f9acd5013092b6ba56516ff5a651fc46b3cae55ef0,MountainCar-v0,3.5,20,0,zero,1,data/llmx_data/offline_data/physics_data/raw_transitions/MountainCar-v0/episodes/episode_0.npz,c91b3e277decddff587601790c381096c5bab98fc726af94dba76d924e0ffa5b,21,1,match,0,0,0.0,3,2,True,True
07,7d3ff6c66702563a0a6f96dd0a4089e4d2c01d70c59c39e12b028274538fd86b,MountainCar-v0,3.5,20,0,zero,2,data/llmx_data/offline_data/physics_data/raw_transitions/MountainCar-v0/episodes/episode_0.npz,c91b3e277decddff587601790c381096c5bab98fc726af94dba76d924e0ffa5b,22,1,match,0,0,0.0,3,2,True,True
07,bb16494393458724b48e3cba638d1d4335989e981ea5f22d502761278e58a75b,MountainCar-v0,3.5,20,0,zero,3,data/llmx_data/offline_data/physics_data/raw_transitions/MountainCar-v0/episodes/episode_0.npz,c91b3e277decddff587601790c381096c5bab98fc726af94dba76d924e0ffa5b,23,0,mismatch,2,0,2.0,2,3,True,True
07,557f419b76da8fff3d3916ac124f9726ab139b0e170412e2d336bf93b68ab0b0,MountainCar-v0,3.5,20,0,zero,4,data/llmx_data/offline_data/physics_data/raw_transitions/MountainCar-v0/episodes/episode_0.npz,c91b3e277decddff587601790c381096c5bab98fc726af94dba76d924e0ffa5b,24,1,match,0,0,0.0,3,2,True,True
07,e2071ea55424bf3d8c330be7c278a71037eaf3f48cdd69748305ba2e97844b54,MountainCar-v0,3.5,20,0,zero,5,data/llmx_data/offline_data/physics_data/raw_transitions/MountainCar-v0/episodes/episode_0.npz,c91b3e277decddff587601790c381096c5bab98fc726af94dba76d924e0ffa5b,25,1,match,0,0,0.0,3,2,True,True
07,34d4ed83188d855ca725362e28c283b9ee5d75f13b22888937377e2d92edccd2,MountainCar-v0,3.5,20,0,zero,6,data/llmx_data/offline_data/physics_data/raw_transitions/MountainCar-v0/episodes/episode_0.npz,c91b3e277decddff587601790c381096c5bab98fc726af94dba76d924e0ffa5b,26,1,match,0,0,0.0,3,2,True,True
07,653ca0f56cecfe454daa9bb987fbc28acfebf7141af9067f7b8f11fb4ce7c70c,MountainCar-v0,3.5,20,0,zero,7,data/llmx_data/offline_data/physics_data/raw_transitions/MountainCar-v0/episodes/episode_0.npz,c91b3e277decddff587601790c381096c5bab98fc726af94dba76d924e0ffa5b,27,1,match,0,0,0.0,3,2,True,True
07,227066a2442ceddcd3a56929eaca83a63c56918544835e5f671357722e9f9d3a,MountainCar-v0,3.5,20,0,zero,8,data/llmx_data/offline_data/physics_data/raw_transitions/MountainCar-v0/episodes/episode_0.npz,c91b3e277decddff587601790c381096c5bab98fc726af94dba76d924e0ffa5b,28,1,match,0,0,0.0,3,2,True,True
07,7ed6850855d2c2c48233aebde35f4d1d13774271c4408a96b0d55956aca8d1d1,MountainCar-v0,3.5,20,0,zero,9,data/llmx_data/offline_data/physics_data/raw_transitions/MountainCar-v0/episodes/episode_0.npz,c91b3e277decddff587601790c381096c5bab98fc726af94dba76d924e0ffa5b,29,1,match,0,0,0.0,2,3,True,True
07,139a1459481ef57ae7dc67859fc7cb6259cd928fa9c15b15b5e21eac4b4aa962,Pendulum-v1,3.5,5,0,zero,0,data/llmx_data/offline_data/physics_data/raw_transitions/Pendulum-v1/episodes/episode_0.npz,09c3c01c27f0a19af5d18bd6f5c70cbc8dd1b88eb8f3c70d2bbaac03ecf32fce,5,0,mismatch,[6],[0],2.3580721378326417,4,1,True,True
07,ae83a85ca8b2a3883c6cb641ce037d05a3f31f43171e29941885892a6a1a3352,Pendulum-v1,3.5,5,0,zero,1,data/llmx_data/offline_data/physics_data/raw_transitions/Pendulum-v1/episodes/episode_0.npz,09c3c01c27f0a19af5d18bd6f5c70cbc8dd1b88eb8f3c70d2bbaac03ecf32fce,6,0,mismatch,[0],[1],0.652430534362793,3,2,True,True
07,049f6679db9f9745896034f55ba125da9beb657b1c7e097f06908ed29384444c,Pendulum-v1,3.5,5,0,zero,2,data/llmx_data/offline_data/physics_data/raw_transitions/Pendulum-v1/episodes/episode_0.npz,09c3c01c27f0a19af5d18bd6f5c70cbc8dd1b88eb8f3c70d2bbaac03ecf32fce,7,0,mismatch,[8],[2],2.795901870727539,4,1,True,True
07,e4f28e0c7972a571e491dd2813ec4aee4d0e678f2b49a2f200d9acc12a8c1230,Pendulum-v1,3.5,5,0,zero,3,data/llmx_data/offline_data/physics_data/raw_transitions/Pendulum-v1/episodes/episode_0.npz,09c3c01c27f0a19af5d18bd6f5c70cbc8dd1b88eb8f3c70d2bbaac03ecf32fce,8,0,mismatch,[4],[0],2.0,3,2,True,True
07,116ed643ab8db1feeceaa560b6eb156fe1b505e23bd5516ca8f3b1d3554dabc0,Pendulum-v1,3.5,5,0,zero,4,data/llmx_data/offline_data/physics_data/raw_transitions/Pendulum-v1/episodes/episode_0.npz,09c3c01c27f0a19af5d18bd6f5c70cbc8dd1b88eb8f3c70d2bbaac03ecf32fce,9,0,mismatch,[4],[9],2.617439389228821,3,2,True,True
07,0db8a47c71ed4da38c335889a09a8127cd2ff89ae7fce626066fab4ced373344,Pendulum-v1,3.5,5,0,zero,5,data/llmx_data/offline_data/physics_data/raw_transitions/Pendulum-v1/episodes/episode_0.npz,09c3c01c27f0a19af5d18bd6f5c70cbc8dd1b88eb8f3c70d2bbaac03ecf32fce,10,0,mismatch,[6],[9],1.2099187612533568,2,3,True,True
07,a6a1922a8af57e1b24178a0576513d4bb0f0311790d2212bc187008d0de27752,Pendulum-v1,3.5,5,0,zero,6,data/llmx_data/offline_data/physics_data/raw_transitions/Pendulum-v1/episodes/episode_0.npz,09c3c01c27f0a19af5d18bd6f5c70cbc8dd1b88eb8f3c70d2bbaac03ecf32fce,11,0,mismatch,[8],[4],1.5191149830818176,3,2,True,True
07,8b6779c6d52ae3dde216ed36c2b055f696acdf7e16c92bc3c5c704218df4b73f,Pendulum-v1,3.5,5,0,zero,7,data/llmx_data/offline_data/physics_data/raw_transitions/Pendulum-v1/episodes/episode_0.npz,09c3c01c27f0a19af5d18bd6f5c70cbc8dd1b88eb8f3c70d2bbaac03ecf32fce,12,0,mismatch,[4],[8],1.7111299514770508,2,3,True,True
07,72ab97380844371e32ce9dd63eaa242eeaca12c30f5606d6ac8ea90650e38f72,Pendulum-v1,3.5,5,0,zero,8,data/llmx_data/offline_data/physics_data/raw_transitions/Pendulum-v1/episodes/episode_0.npz,09c3c01c27f0a19af5d18bd6f5c70cbc8dd1b88eb8f3c70d2bbaac03ecf32fce,13,0,mismatch,[5],[1],1.8400720596313476,4,1,True,True
07,0dffd27ee8a8b5cf37f3b86f9437b06f8bfe9f65a2f35c481328f779f9cd2084,Pendulum-v1,3.5,5,0,zero,9,data/llmx_data/offline_data/physics_data/raw_transitions/Pendulum-v1/episodes/episode_0.npz,09c3c01c27f0a19af5d18bd6f5c70cbc8dd1b88eb8f3c70d2bbaac03ecf32fce,14,0,mismatch,[4],[9],3.1092909812927245,4,1,True,True
07,0e2929e552a8c430a3600f230ae3468afbb5ba5c92a42ad7cbcae6d8fa4bca4e,Pendulum-v1,3.5,20,0,zero,0,data/llmx_data/offline_data/physics_data/raw_transitions/Pendulum-v1/episodes/episode_0.npz,09c3c01c27f0a19af5d18bd6f5c70cbc8dd1b88eb8f3c70d2bbaac03ecf32fce,20,0,mismatch,[1],[5],1.0888292267918587,3,2,True,True
07,88c12360e8e8944f99b113e5900128029dd62d73eb48f1859f15a87e9842a7f4,Pendulum-v1,3.5,20,0,zero,1,data/llmx_data/offline_data/physics_data/raw_transitions/Pendulum-v1/episodes/episode_0.npz,09c3c01c27f0a19af5d18bd6f5c70cbc8dd1b88eb8f3c70d2bbaac03ecf32fce,21,0,mismatch,[4],[6],0.6434862613677979,3,2,True,True
07,5f2f7e9d6fcccbb52ab5512925ca3a0a29eb2ac11333df8ac01f306dd916711b,Pendulum-v1,3.5,20,0,zero,2,data/llmx_data/offline_data/physics_data/raw_transitions/Pendulum-v1/episodes/episode_0.npz,09c3c01c27f0a19af5d18bd6f5c70cbc8dd1b88eb8f3c70d2bbaac03ecf32fce,22,0,mismatch,[5],[2],1.0871518850326538,4,1,True,True
07,365aff119ac8b4453b3b72496b80578f255bb29f441cd27800cca1be7551a708,Pendulum-v1,3.5,20,0,zero,3,data/llmx_data/offline_data/physics_data/raw_transitions/Pendulum-v1/episodes/episode_0.npz,09c3c01c27f0a19af5d18bd6f5c70cbc8dd1b88eb8f3c70d2bbaac03ecf32fce,23,0,mismatch,[2],[8],2.621302080154419,3,2,True,True
07,82c5b30580390f62fbcd4597d2157463d81e95a8784592771850f880f4b6f738,Pendulum-v1,3.5,20,0,zero,4,data/llmx_data/offline_data/physics_data/raw_transitions/Pendulum-v1/episodes/episode_0.npz,09c3c01c27f0a19af5d18bd6f5c70cbc8dd1b88eb8f3c70d2bbaac03ecf32fce,24,0,mismatch,[6],[5],0.06552263498306277,3,2,True,True
07,8c7f80bd2a1cc283944d53f933bf6dd758b76fc32aa3dc63513482e56bcca637,Pendulum-v1,3.5,20,0,zero,5,data/llmx_data/offline_data/physics_data/raw_transitions/Pendulum-v1/episodes/episode_0.npz,09c3c01c27f0a19af5d18bd6f5c70cbc8dd1b88eb8f3c70d2bbaac03ecf32fce,25,0,mismatch,[6],[3],0.8877945482730866,3,2,True,True
07,765dab97e50b05eb608cbf7d1025541cc9c38092c6782604466a9a052fb61482,Pendulum-v1,3.5,20,0,zero,6,data/llmx_data/offline_data/physics_data/raw_transitions/Pendulum-v1/episodes/episode_0.npz,09c3c01c27f0a19af5d18bd6f5c70cbc8dd1b88eb8f3c70d2bbaac03ecf32fce,26,0,mismatch,[2],[6],1.6751355528831482,3,2,True,True
07,a44e17784ea82f5b61517c894b001115c688bda9b3d2ff9e7bfd05c7b0942023,Pendulum-v1,3.5,20,0,zero,7,data/llmx_data/offline_data/physics_data/raw_transitions/Pendulum-v1/episodes/episode_0.npz,09c3c01c27f0a19af5d18bd6f5c70cbc8dd1b88eb8f3c70d2bbaac03ecf32fce,27,1,match,[6],[6],0.38454792499542234,4,1,True,True
07,af519ecb0321985daa6cb5fbbc5da96c31fa11128f473ec721bb903fa2d29062,Pendulum-v1,3.5,20,0,zero,8,data/llmx_data/offline_data/physics_data/raw_transitions/Pendulum-v1/episodes/episode_0.npz,09c3c01c27f0a19af5d18bd6f5c70cbc8dd1b88eb8f3c70d2bbaac03ecf32fce,28,0,mismatch,[6],[1],1.775152826309204,3,2,True,True
07,18465e81018f8dc3d928f536ed3e661941800cdca0797027544bfa8db284bfff,Pendulum-v1,3.5,20,0,zero,9,data/llmx_data/offline_data/physics_data/raw_transitions/Pendulum-v1/episodes/episode_0.npz,09c3c01c27f0a19af5d18bd6f5c70cbc8dd1b88eb8f3c70d2bbaac03ecf32fce,29,0,mismatch,[8],[9],0.7077938795089722,3,2,True,True
08,b71d4e2ddcb25f1a42847039d8a895092186667cfa1e313bd271397b36d72785,MountainCar-v0,terra,5,4,pattern1,0,data/llmx_data/offline_data/physics_data/raw_transitions/MountainCar-v0/episodes/episode_1.npz,4f3fbf6997ec293ae7417fc721754d97f04ac20ab1731c30e3915ad8baaa2d29,20,1,match,0,0,0.0,,3,True,True
08,ed9e14d6422c5f8b1c98d7afe0fafeac4855986bb811f4367c254a39c34ef9b7,MountainCar-v0,terra,5,4,pattern1,1,data/llmx_data/offline_data/physics_data/raw_transitions/MountainCar-v0/episodes/episode_1.npz,4f3fbf6997ec293ae7417fc721754d97f04ac20ab1731c30e3915ad8baaa2d29,21,1,match,0,0,0.0,,3,True,True
08,d97f35a7c303ea463f0f518d7856fa915cf28bbbdaa916ca20fa4d38a8d69572,MountainCar-v0,terra,5,4,pattern1,2,data/llmx_data/offline_data/physics_data/raw_transitions/MountainCar-v0/episodes/episode_1.npz,4f3fbf6997ec293ae7417fc721754d97f04ac20ab1731c30e3915ad8baaa2d29,22,1,match,0,0,0.0,,3,True,True
08,a3003e08d46c2e3fda8a5f9bf90c98c4ad53157173c895d6e278b05a673ef48c,MountainCar-v0,terra,5,4,pattern2,0,data/llmx_data/offline_data/physics_data/raw_transitions/MountainCar-v0/episodes/episode_1.npz,4f3fbf6997ec293ae7417fc721754d97f04ac20ab1731c30e3915ad8baaa2d29,20,1,match,0,0,0.0,,3,True,True
08,fc20347ff906db5ff8640e958a150a810559784efc232df8bed6e6a53117531d,MountainCar-v0,terra,5,4,pattern2,1,data/llmx_data/offline_data/physics_data/raw_transitions/MountainCar-v0/episodes/episode_1.npz,4f3fbf6997ec293ae7417fc721754d97f04ac20ab1731c30e3915ad8baaa2d29,21,1,match,0,0,0.0,,3,True,True
08,336347cef3fa255b3815ca6bd046b85798e372777e10053263126c0fde35c541,MountainCar-v0,terra,5,4,pattern2,2,data/llmx_data/offline_data/physics_data/raw_transitions/MountainCar-v0/episodes/episode_1.npz,4f3fbf6997ec293ae7417fc721754d97f04ac20ab1731c30e3915ad8baaa2d29,22,1,match,0,0,0.0,,3,True,True
08,7170835c98ec5bd009e5782f1313671173cb1fa80f0957719b827f1c1aea3aad,MountainCar-v0,terra,5,8,pattern1,0,data/llmx_data/offline_data/physics_data/raw_transitions/MountainCar-v0/episodes/episode_1.npz,4f3fbf6997ec293ae7417fc721754d97f04ac20ab1731c30e3915ad8baaa2d29,20,1,match,0,0,0.0,,3,True,True
08,46124e4f917ab094b89522b8fbfcde868d16e4deccd5a768429636fc50aa6b85,MountainCar-v0,terra,5,8,pattern1,1,data/llmx_data/offline_data/physics_data/raw_transitions/MountainCar-v0/episodes/episode_1.npz,4f3fbf6997ec293ae7417fc721754d97f04ac20ab1731c30e3915ad8baaa2d29,21,1,match,0,0,0.0,,3,True,True
08,d1705b591a68a3c858f70a5181b3e7f8ed160ad9a4507c4abfb2c8694fa723bc,MountainCar-v0,terra,5,8,pattern1,2,data/llmx_data/offline_data/physics_data/raw_transitions/MountainCar-v0/episodes/episode_1.npz,4f3fbf6997ec293ae7417fc721754d97f04ac20ab1731c30e3915ad8baaa2d29,22,1,match,0,0,0.0,,3,True,True
08,bc90332500935f0573c5485aea9cc367293c67d89d08e20de5f0843864e6215a,MountainCar-v0,terra,5,8,pattern2,0,data/llmx_data/offline_data/physics_data/raw_transitions/MountainCar-v0/episodes/episode_1.npz,4f3fbf6997ec293ae7417fc721754d97f04ac20ab1731c30e3915ad8baaa2d29,20,1,match,0,0,0.0,,3,True,True
08,69be9b76dc792fed151b0bb5079083af3def88b6c2ff67e163b6dbb6d7e0fda9,MountainCar-v0,terra,5,8,pattern2,1,data/llmx_data/offline_data/physics_data/raw_transitions/MountainCar-v0/episodes/episode_1.npz,4f3fbf6997ec293ae7417fc721754d97f04ac20ab1731c30e3915ad8baaa2d29,21,1,match,0,0,0.0,,3,True,True
08,b69ea31e00ee15c5de8b1d8ecbbb2501f29fd93dbc527621a61e7d4d2a9fd14e,MountainCar-v0,terra,5,8,pattern2,2,data/llmx_data/offline_data/physics_data/raw_transitions/MountainCar-v0/episodes/episode_1.npz,4f3fbf6997ec293ae7417fc721754d97f04ac20ab1731c30e3915ad8baaa2d29,22,1,match,0,0,0.0,,3,True,True
08,47bf648add51dab395e468e2b4badcf40fa4c5352b2c3ca60ba17e5acfb4adf5,MountainCar-v0,terra,5,12,pattern1,0,data/llmx_data/offline_data/physics_data/raw_transitions/MountainCar-v0/episodes/episode_1.npz,4f3fbf6997ec293ae7417fc721754d97f04ac20ab1731c30e3915ad8baaa2d29,20,1,match,0,0,0.0,,3,True,True
08,81791de48440511fac1ff7e96499f148bc1e655f8fbb03da3aecc1356051cd59,MountainCar-v0,terra,5,12,pattern1,1,data/llmx_data/offline_data/physics_data/raw_transitions/MountainCar-v0/episodes/episode_1.npz,4f3fbf6997ec293ae7417fc721754d97f04ac20ab1731c30e3915ad8baaa2d29,21,1,match,0,0,0.0,,3,True,True
08,c5079703fd9832145d32390eb0269cb3acd0ed86a3c31de04c8d1586fb3190dd,MountainCar-v0,terra,5,12,pattern1,2,data/llmx_data/offline_data/physics_data/raw_transitions/MountainCar-v0/episodes/episode_1.npz,4f3fbf6997ec293ae7417fc721754d97f04ac20ab1731c30e3915ad8baaa2d29,22,1,match,0,0,0.0,,3,True,True
08,9c86454b64eff19815192ffc572b6bfca95e29625d50cda08cf44e76d44f8028,MountainCar-v0,terra,5,12,pattern2,0,data/llmx_data/offline_data/physics_data/raw_transitions/MountainCar-v0/episodes/episode_1.npz,4f3fbf6997ec293ae7417fc721754d97f04ac20ab1731c30e3915ad8baaa2d29,20,1,match,0,0,0.0,,3,True,True
08,f411e27950fbbebda77b689dc5ded105f2c61e24c14c4ace79e43952b6ee3424,MountainCar-v0,terra,5,12,pattern2,1,data/llmx_data/offline_data/physics_data/raw_transitions/MountainCar-v0/episodes/episode_1.npz,4f3fbf6997ec293ae7417fc721754d97f04ac20ab1731c30e3915ad8baaa2d29,21,1,match,0,0,0.0,,3,True,True
08,10ab8b57ba894366ff1f484b8ca9f049bb67fafde5169a83871cf6077605a084,MountainCar-v0,terra,5,12,pattern2,2,data/llmx_data/offline_data/physics_data/raw_transitions/MountainCar-v0/episodes/episode_1.npz,4f3fbf6997ec293ae7417fc721754d97f04ac20ab1731c30e3915ad8baaa2d29,22,1,match,0,0,0.0,,3,True,True
08,2f4065e27bbefd950f84368aa3a1a32b4bc689c726273ff942be61dd76c38b69,MountainCar-v0,terra,20,4,pattern1,0,data/llmx_data/offline_data/physics_data/raw_transitions/MountainCar-v0/episodes/episode_1.npz,4f3fbf6997ec293ae7417fc721754d97f04ac20ab1731c30e3915ad8baaa2d29,20,1,match,0,0,0.0,,3,True,True
08,52c416bbcae9deb21ce1f837650f1d7a4d67c712b3286d7c13a775afa8428a78,MountainCar-v0,terra,20,4,pattern1,1,data/llmx_data/offline_data/physics_data/raw_transitions/MountainCar-v0/episodes/episode_1.npz,4f3fbf6997ec293ae7417fc721754d97f04ac20ab1731c30e3915ad8baaa2d29,21,1,match,0,0,0.0,,3,True,True
08,8562b373de48666a09ea3455354cd0e3ad0f97f96d94b4be9cb01e81193438c9,MountainCar-v0,terra,20,4,pattern1,2,data/llmx_data/offline_data/physics_data/raw_transitions/MountainCar-v0/episodes/episode_1.npz,4f3fbf6997ec293ae7417fc721754d97f04ac20ab1731c30e3915ad8baaa2d29,22,0,mismatch,1,0,1.0,,3,True,True
08,c204126fe2cf83ee7b2ef2c37c3ff1b6451601d2475c76a3ab5cef4cc92c8e88,MountainCar-v0,terra,20,4,pattern2,0,data/llmx_data/offline_data/physics_data/raw_transitions/MountainCar-v0/episodes/episode_1.npz,4f3fbf6997ec293ae7417fc721754d97f04ac20ab1731c30e3915ad8baaa2d29,20,1,match,0,0,0.0,,3,True,True
08,9cd82038d72713b862523301b0f151181fbeb92496fa44ffd283c9612d3a7c94,MountainCar-v0,terra,20,4,pattern2,1,data/llmx_data/offline_data/physics_data/raw_transitions/MountainCar-v0/episodes/episode_1.npz,4f3fbf6997ec293ae7417fc721754d97f04ac20ab1731c30e3915ad8baaa2d29,21,1,match,0,0,0.0,,3,True,True
08,85e10b1ed544daaf63881a933bb6939b42de210b79946c874ebe88c9d777365b,MountainCar-v0,terra,20,4,pattern2,2,data/llmx_data/offline_data/physics_data/raw_transitions/MountainCar-v0/episodes/episode_1.npz,4f3fbf6997ec293ae7417fc721754d97f04ac20ab1731c30e3915ad8baaa2d29,22,1,match,0,0,0.0,,3,True,True
08,06d027b58bcbe6d2d8266f49445f2c9386eb23b7a441bb7cf56af0e3a0f55201,MountainCar-v0,terra,20,8,pattern1,0,data/llmx_data/offline_data/physics_data/raw_transitions/MountainCar-v0/episodes/episode_1.npz,4f3fbf6997ec293ae7417fc721754d97f04ac20ab1731c30e3915ad8baaa2d29,20,1,match,0,0,0.0,,3,True,True
08,4254d274587eb2a356578709fb11426698715cc58ed2d5338cfd2e70650de685,MountainCar-v0,terra,20,8,pattern1,1,data/llmx_data/offline_data/physics_data/raw_transitions/MountainCar-v0/episodes/episode_1.npz,4f3fbf6997ec293ae7417fc721754d97f04ac20ab1731c30e3915ad8baaa2d29,21,1,match,0,0,0.0,,3,True,True
08,1d1be6d438a86099879086934f5a51a1f18eb386159e6b73f0205e8d99f4dea0,MountainCar-v0,terra,20,8,pattern1,2,data/llmx_data/offline_data/physics_data/raw_transitions/MountainCar-v0/episodes/episode_1.npz,4f3fbf6997ec293ae7417fc721754d97f04ac20ab1731c30e3915ad8baaa2d29,22,1,match,0,0,0.0,,3,True,True
08,9618778f202b910cc06483230850c0202aed151b5f4ede26dddbc0b5224cc5d9,MountainCar-v0,terra,20,8,pattern2,0,data/llmx_data/offline_data/physics_data/raw_transitions/MountainCar-v0/episodes/episode_1.npz,4f3fbf6997ec293ae7417fc721754d97f04ac20ab1731c30e3915ad8baaa2d29,20,1,match,0,0,0.0,,3,True,True
08,febc7fc8dbcffff5deb9cd266d1fc66b2da59db7f0724fbe02c9767a8ba1e071,MountainCar-v0,terra,20,8,pattern2,1,data/llmx_data/offline_data/physics_data/raw_transitions/MountainCar-v0/episodes/episode_1.npz,4f3fbf6997ec293ae7417fc721754d97f04ac20ab1731c30e3915ad8baaa2d29,21,1,match,0,0,0.0,,3,True,True
08,a97330544916d346e83e3b22aba527449098f8aa49c00222f8122aece77603e9,MountainCar-v0,terra,20,8,pattern2,2,data/llmx_data/offline_data/physics_data/raw_transitions/MountainCar-v0/episodes/episode_1.npz,4f3fbf6997ec293ae7417fc721754d97f04ac20ab1731c30e3915ad8baaa2d29,22,1,match,0,0,0.0,,3,True,True
08,e316f54d943256b364a14bb59a225dc3a688aad553825b50d70fb84ab6e2d8b5,MountainCar-v0,terra,20,12,pattern1,0,data/llmx_data/offline_data/physics_data/raw_transitions/MountainCar-v0/episodes/episode_1.npz,4f3fbf6997ec293ae7417fc721754d97f04ac20ab1731c30e3915ad8baaa2d29,20,1,match,0,0,0.0,,3,True,True
08,2e9849b2bdc2b1f33445e09654af84f4bcb205df10f48d4956c93958f34e691e,MountainCar-v0,terra,20,12,pattern1,1,data/llmx_data/offline_data/physics_data/raw_transitions/MountainCar-v0/episodes/episode_1.npz,4f3fbf6997ec293ae7417fc721754d97f04ac20ab1731c30e3915ad8baaa2d29,21,1,match,0,0,0.0,,3,True,True
08,58d0a08967966eab0fa0a59f2d03763c6d9f23a8cd5bf3c1499b11804294bd88,MountainCar-v0,terra,20,12,pattern1,2,data/llmx_data/offline_data/physics_data/raw_transitions/MountainCar-v0/episodes/episode_1.npz,4f3fbf6997ec293ae7417fc721754d97f04ac20ab1731c30e3915ad8baaa2d29,22,1,match,0,0,0.0,,3,True,True
08,4e4b54d846cb6f66f1b12bdc126e3bb59b04731d4f9fad1f37a00e02237d9f84,MountainCar-v0,terra,20,12,pattern2,0,data/llmx_data/offline_data/physics_data/raw_transitions/MountainCar-v0/episodes/episode_1.npz,4f3fbf6997ec293ae7417fc721754d97f04ac20ab1731c30e3915ad8baaa2d29,20,1,match,0,0,0.0,,3,True,True
08,007e474dcef9a3cb4df2d7b1c176894baae2b3d53644819148428c51758139db,MountainCar-v0,terra,20,12,pattern2,1,data/llmx_data/offline_data/physics_data/raw_transitions/MountainCar-v0/episodes/episode_1.npz,4f3fbf6997ec293ae7417fc721754d97f04ac20ab1731c30e3915ad8baaa2d29,21,1,match,0,0,0.0,,3,True,True
08,85b2b6d7dc096e6d4e3975e70b0aa17869df831a2d44d894d39f7667992fe9e4,MountainCar-v0,terra,20,12,pattern2,2,data/llmx_data/offline_data/physics_data/raw_transitions/MountainCar-v0/episodes/episode_1.npz,4f3fbf6997ec293ae7417fc721754d97f04ac20ab1731c30e3915ad8baaa2d29,22,1,match,0,0,0.0,,3,True,True
08,d788d1348e14dcab582aa4ec847e730b8123cc7c7918b5033d45d3769521727c,Pendulum-v1,terra,5,4,pattern1,0,data/llmx_data/offline_data/physics_data/raw_transitions/Pendulum-v1/episodes/episode_1.npz,e3320a406e3fe8474ca64b240b2a60341b57135c9ac05ce51915888b2ba61c6e,20,1,match,[9],[9],0.0,,3,True,True
08,e3f437e1520bc748db699cc1dc0f0635cc75d77602e2d95d4e839c052d6fbf9c,Pendulum-v1,terra,5,4,pattern1,1,data/llmx_data/offline_data/physics_data/raw_transitions/Pendulum-v1/episodes/episode_1.npz,e3320a406e3fe8474ca64b240b2a60341b57135c9ac05ce51915888b2ba61c6e,21,1,match,[9],[9],0.3209505081176758,,3,True,True
08,14320a1065d4792ad35913ce34c0a5fec4ede3a06b0ce1e910516c001a0846ed,Pendulum-v1,terra,5,4,pattern1,2,data/llmx_data/offline_data/physics_data/raw_transitions/Pendulum-v1/episodes/episode_1.npz,e3320a406e3fe8474ca64b240b2a60341b57135c9ac05ce51915888b2ba61c6e,22,0,mismatch,[8],[9],0.6895559549331665,,3,True,True
08,8c65eb4738d8949d80815ca8e0c6746333ed8d27e79cdaedb35e332006246d13,Pendulum-v1,terra,5,4,pattern2,0,data/llmx_data/offline_data/physics_data/raw_transitions/Pendulum-v1/episodes/episode_1.npz,e3320a406e3fe8474ca64b240b2a60341b57135c9ac05ce51915888b2ba61c6e,20,1,match,[9],[9],0.0,,2,True,True
08,a67846078b115ce1f09332503aa2bb742561c107ef8dcbc7c28cb73bd26d0513,Pendulum-v1,terra,5,4,pattern2,1,data/llmx_data/offline_data/physics_data/raw_transitions/Pendulum-v1/episodes/episode_1.npz,e3320a406e3fe8474ca64b240b2a60341b57135c9ac05ce51915888b2ba61c6e,21,1,match,[9],[9],0.3209505081176758,,3,True,True
08,850948346418cc325d04bab3e05727e30d092260cf51c8acef66b07385485554,Pendulum-v1,terra,5,4,pattern2,2,data/llmx_data/offline_data/physics_data/raw_transitions/Pendulum-v1/episodes/episode_1.npz,e3320a406e3fe8474ca64b240b2a60341b57135c9ac05ce51915888b2ba61c6e,22,0,mismatch,[8],[9],0.5395559549331665,,3,True,True
08,3a5cd603c06eedd5256efb4dae3366154e1af9bb33739f7f32483ae6b1ec03c0,Pendulum-v1,terra,5,8,pattern1,0,data/llmx_data/offline_data/physics_data/raw_transitions/Pendulum-v1/episodes/episode_1.npz,e3320a406e3fe8474ca64b240b2a60341b57135c9ac05ce51915888b2ba61c6e,20,1,match,[9],[9],0.0,,3,True,True
08,5c9c957cbc094d69b17eb3aa54d8ff3667fb1f4bec961fa59722784182c62733,Pendulum-v1,terra,5,8,pattern1,1,data/llmx_data/offline_data/physics_data/raw_transitions/Pendulum-v1/episodes/episode_1.npz,e3320a406e3fe8474ca64b240b2a60341b57135c9ac05ce51915888b2ba61c6e,21,1,match,[9],[9],0.3209505081176758,,3,True,True
08,67a51cd3bce370d60cc692bd6f7a31f1a15bcff4605a6bbe6a52003ad5bb5a02,Pendulum-v1,terra,5,8,pattern1,2,data/llmx_data/offline_data/physics_data/raw_transitions/Pendulum-v1/episodes/episode_1.npz,e3320a406e3fe8474ca64b240b2a60341b57135c9ac05ce51915888b2ba61c6e,22,1,match,[9],[9],0.010444045066833496,,3,True,True
08,4566ae103b7173db471d6516e15a4bcb33cbc3b43a929e6c8cd689306bbca21b,Pendulum-v1,terra,5,8,pattern2,0,data/llmx_data/offline_data/physics_data/raw_transitions/Pendulum-v1/episodes/episode_1.npz,e3320a406e3fe8474ca64b240b2a60341b57135c9ac05ce51915888b2ba61c6e,20,1,match,[9],[9],0.0,,3,True,True
08,82fa4962932682efda35fdd63732ba90db92e83bb895c5d99b6ad8a4df8f28fa,Pendulum-v1,terra,5,8,pattern2,1,data/llmx_data/offline_data/physics_data/raw_transitions/Pendulum-v1/episodes/episode_1.npz,e3320a406e3fe8474ca64b240b2a60341b57135c9ac05ce51915888b2ba61c6e,21,1,match,[9],[9],0.3209505081176758,,3,True,True
08,d375ac031f174d8bb2cca2f94fc84e30af6df32fbddb30955e8459a36c1d5f65,Pendulum-v1,terra,5,8,pattern2,2,data/llmx_data/offline_data/physics_data/raw_transitions/Pendulum-v1/episodes/episode_1.npz,e3320a406e3fe8474ca64b240b2a60341b57135c9ac05ce51915888b2ba61c6e,22,1,match,[9],[9],0.18955595493316646,,3,True,True
08,8b0662443bfcb36bec5e310644b7e6de29e2a9c6b73a3b3f4ba960c639d44a85,Pendulum-v1,terra,5,12,pattern1,0,data/llmx_data/offline_data/physics_data/raw_transitions/Pendulum-v1/episodes/episode_1.npz,e3320a406e3fe8474ca64b240b2a60341b57135c9ac05ce51915888b2ba61c6e,20,1,match,[9],[9],0.0,,3,True,True
08,d0b33a98d0a055530886df9d5eed18e46e95457a16333cf7a31b34874b3dc2c9,Pendulum-v1,terra,5,12,pattern1,1,data/llmx_data/offline_data/physics_data/raw_transitions/Pendulum-v1/episodes/episode_1.npz,e3320a406e3fe8474ca64b240b2a60341b57135c9ac05ce51915888b2ba61c6e,21,1,match,[9],[9],0.3209505081176758,,3,True,True
08,64f24da9c92c186b0600559abe4081171411f452addf02af3892839da5b0085b,Pendulum-v1,terra,5,12,pattern1,2,data/llmx_data/offline_data/physics_data/raw_transitions/Pendulum-v1/episodes/episode_1.npz,e3320a406e3fe8474ca64b240b2a60341b57135c9ac05ce51915888b2ba61c6e,22,0,mismatch,[8],[9],0.6395559549331664,,4,True,True
08,1416777989591500296937c6da4ad3dcbe089b520fe3e2e4cd25992ac1899898,Pendulum-v1,terra,5,12,pattern2,0,data/llmx_data/offline_data/physics_data/raw_transitions/Pendulum-v1/episodes/episode_1.npz,e3320a406e3fe8474ca64b240b2a60341b57135c9ac05ce51915888b2ba61c6e,20,1,match,[9],[9],0.0,,3,True,True
08,6640e09c2405e6f5a80d69bd734751066d0e0e1fd0560c434845d97386790fa2,Pendulum-v1,terra,5,12,pattern2,1,data/llmx_data/offline_data/physics_data/raw_transitions/Pendulum-v1/episodes/episode_1.npz,e3320a406e3fe8474ca64b240b2a60341b57135c9ac05ce51915888b2ba61c6e,21,1,match,[9],[9],0.3209505081176758,,2,True,True
08,074aa5139f5b981667f466089f651e0160dde3bb53256d54ecb95ec61d12474e,Pendulum-v1,terra,5,12,pattern2,2,data/llmx_data/offline_data/physics_data/raw_transitions/Pendulum-v1/episodes/episode_1.npz,e3320a406e3fe8474ca64b240b2a60341b57135c9ac05ce51915888b2ba61c6e,22,0,mismatch,[8],[9],0.6395559549331664,,3,True,True
08,a28217ecf399f5011fd5a6fce30079608c35ff85bc9bcaae7cba8a04d0603b8e,Pendulum-v1,terra,20,4,pattern1,0,data/llmx_data/offline_data/physics_data/raw_transitions/Pendulum-v1/episodes/episode_1.npz,e3320a406e3fe8474ca64b240b2a60341b57135c9ac05ce51915888b2ba61c6e,20,1,match,[9],[9],0.0,,3,True,True
08,9ccc084439727666417a8e3e24ad3688194fc9058fd4ee46479556e048edd34d,Pendulum-v1,terra,20,4,pattern1,1,data/llmx_data/offline_data/physics_data/raw_transitions/Pendulum-v1/episodes/episode_1.npz,e3320a406e3fe8474ca64b240b2a60341b57135c9ac05ce51915888b2ba61c6e,21,1,match,[9],[9],0.3209505081176758,,3,True,True
08,728fec01a40ff64e36edee06efda73fde16d2b07cae75d9269b41f56024dd8b9,Pendulum-v1,terra,20,4,pattern1,2,data/llmx_data/offline_data/physics_data/raw_transitions/Pendulum-v1/episodes/episode_1.npz,e3320a406e3fe8474ca64b240b2a60341b57135c9ac05ce51915888b2ba61c6e,22,1,match,[9],[9],0.18955595493316646,,3,True,True
08,c3bd557dadd7ebeb16b201b73bc8cba29c17abcc0b992433985dae75f2bb56ce,Pendulum-v1,terra,20,4,pattern2,0,data/llmx_data/offline_data/physics_data/raw_transitions/Pendulum-v1/episodes/episode_1.npz,e3320a406e3fe8474ca64b240b2a60341b57135c9ac05ce51915888b2ba61c6e,20,1,match,[9],[9],0.0,,3,True,True
08,01101926ec5d7d6f42770c120c902449d448f910cfe0b75037ed5d4dc9e6cce1,Pendulum-v1,terra,20,4,pattern2,1,data/llmx_data/offline_data/physics_data/raw_transitions/Pendulum-v1/episodes/episode_1.npz,e3320a406e3fe8474ca64b240b2a60341b57135c9ac05ce51915888b2ba61c6e,21,1,match,[9],[9],0.3209505081176758,,2,True,True
08,6642d9ed84b810bd305e492a5e0a61a4606f5b6a8d94581c9b46f514b4def223,Pendulum-v1,terra,20,4,pattern2,2,data/llmx_data/offline_data/physics_data/raw_transitions/Pendulum-v1/episodes/episode_1.npz,e3320a406e3fe8474ca64b240b2a60341b57135c9ac05ce51915888b2ba61c6e,22,1,match,[9],[9],0.010444045066833496,,2,True,True
08,69423d58be5fe3694ad7fd8af551f331ebf4b12ffeedc7d20f997427d2390048,Pendulum-v1,terra,20,8,pattern1,0,data/llmx_data/offline_data/physics_data/raw_transitions/Pendulum-v1/episodes/episode_1.npz,e3320a406e3fe8474ca64b240b2a60341b57135c9ac05ce51915888b2ba61c6e,20,1,match,[9],[9],0.0,,3,True,True
08,891cd9a447f7cad212ea2b7e0ecc5ba4b34fdd29f583bd5f2ab580a3e1d4fcf1,Pendulum-v1,terra,20,8,pattern1,1,data/llmx_data/offline_data/physics_data/raw_transitions/Pendulum-v1/episodes/episode_1.npz,e3320a406e3fe8474ca64b240b2a60341b57135c9ac05ce51915888b2ba61c6e,21,1,match,[9],[9],0.3209505081176758,,3,True,True
08,be952f59bd49be50747ac56251320de2549e01f7b8a41cc4d4504eb7d34ca3a1,Pendulum-v1,terra,20,8,pattern1,2,data/llmx_data/offline_data/physics_data/raw_transitions/Pendulum-v1/episodes/episode_1.npz,e3320a406e3fe8474ca64b240b2a60341b57135c9ac05ce51915888b2ba61c6e,22,1,match,[9],[9],0.010444045066833496,,3,True,True
08,c2aeabff3ef986ff32752a4b852ac5169d4b35d6bf297bb7d1253f6f6c7d6e16,Pendulum-v1,terra,20,8,pattern2,0,data/llmx_data/offline_data/physics_data/raw_transitions/Pendulum-v1/episodes/episode_1.npz,e3320a406e3fe8474ca64b240b2a60341b57135c9ac05ce51915888b2ba61c6e,20,1,match,[9],[9],0.0,,3,True,True
08,99e60acdcc30322da16774ae4bb07ce345c79624003dd41f9d42f22dd628701d,Pendulum-v1,terra,20,8,pattern2,1,data/llmx_data/offline_data/physics_data/raw_transitions/Pendulum-v1/episodes/episode_1.npz,e3320a406e3fe8474ca64b240b2a60341b57135c9ac05ce51915888b2ba61c6e,21,1,match,[9],[9],0.3209505081176758,,2,True,True
08,ce2aaae1073325c5009868328fcd81e54f78b47ad225e2db37e32f63407b00a9,Pendulum-v1,terra,20,8,pattern2,2,data/llmx_data/offline_data/physics_data/raw_transitions/Pendulum-v1/episodes/episode_1.npz,e3320a406e3fe8474ca64b240b2a60341b57135c9ac05ce51915888b2ba61c6e,22,1,match,[9],[9],0.08955595493316659,,3,True,True
08,0e626b4b7f880384427a97ad48d45fda55ca9248108872897b079cc306865eb6,Pendulum-v1,terra,20,12,pattern1,0,data/llmx_data/offline_data/physics_data/raw_transitions/Pendulum-v1/episodes/episode_1.npz,e3320a406e3fe8474ca64b240b2a60341b57135c9ac05ce51915888b2ba61c6e,20,1,match,[9],[9],0.0,,3,True,True
08,8d498af2a109eb9b41e4ba3dada7f19adeeb7243a90e92f72a422e1d2c18a690,Pendulum-v1,terra,20,12,pattern1,1,data/llmx_data/offline_data/physics_data/raw_transitions/Pendulum-v1/episodes/episode_1.npz,e3320a406e3fe8474ca64b240b2a60341b57135c9ac05ce51915888b2ba61c6e,21,1,match,[9],[9],0.3209505081176758,,3,True,True
08,c2464fb2d9edd9a628deab3303ea2790c16786f8b7789eaa82fe0dcb9846f5d5,Pendulum-v1,terra,20,12,pattern1,2,data/llmx_data/offline_data/physics_data/raw_transitions/Pendulum-v1/episodes/episode_1.npz,e3320a406e3fe8474ca64b240b2a60341b57135c9ac05ce51915888b2ba61c6e,22,1,match,[9],[9],0.010444045066833496,,3,True,True
08,38db7a113fcfb7a13b0651dee823b07b0f68d689f606b9b24528a0088b346e1b,Pendulum-v1,terra,20,12,pattern2,0,data/llmx_data/offline_data/physics_data/raw_transitions/Pendulum-v1/episodes/episode_1.npz,e3320a406e3fe8474ca64b240b2a60341b57135c9ac05ce51915888b2ba61c6e,20,1,match,[9],[9],0.0,,3,True,True
08,48a7e10c83902b34f067210ab76c09150dbed960f20f6670fa2e46ba5014a610,Pendulum-v1,terra,20,12,pattern2,1,data/llmx_data/offline_data/physics_data/raw_transitions/Pendulum-v1/episodes/episode_1.npz,e3320a406e3fe8474ca64b240b2a60341b57135c9ac05ce51915888b2ba61c6e,21,1,match,[9],[9],0.3209505081176758,,2,True,True
08,62b04ece9f456196b301d769a09f84f3faa3851a007b77907bddc927a493cc92,Pendulum-v1,terra,20,12,pattern2,2,data/llmx_data/offline_data/physics_data/raw_transitions/Pendulum-v1/episodes/episode_1.npz,e3320a406e3fe8474ca64b240b2a60341b57135c9ac05ce51915888b2ba61c6e,22,1,match,[9],[9],0.08955595493316659,,3,True,True
08,7bc2a9faefa21278a777f2e01307468b982b0e19ad885dc814b6900c2af65d75,MountainCar-v0,luna,5,4,pattern1,0,data/llmx_data/offline_data/physics_data/raw_transitions/MountainCar-v0/episodes/episode_1.npz,4f3fbf6997ec293ae7417fc721754d97f04ac20ab1731c30e3915ad8baaa2d29,20,1,match,0,0,0.0,,3,True,True
08,96ea1fbdfd1c2d18d71d2fb59d8b8b67ff6b5198e104e3e8c5d909d0866c6741,MountainCar-v0,luna,5,4,pattern1,1,data/llmx_data/offline_data/physics_data/raw_transitions/MountainCar-v0/episodes/episode_1.npz,4f3fbf6997ec293ae7417fc721754d97f04ac20ab1731c30e3915ad8baaa2d29,21,1,match,0,0,0.0,,3,True,True
08,b799824da207384f3fca874edd4a3cb7da30e31eeb8b23ab97ecbb9fa321e2fa,MountainCar-v0,luna,5,4,pattern1,2,data/llmx_data/offline_data/physics_data/raw_transitions/MountainCar-v0/episodes/episode_1.npz,4f3fbf6997ec293ae7417fc721754d97f04ac20ab1731c30e3915ad8baaa2d29,22,1,match,0,0,0.0,,3,True,True
08,478fc250498aa1df1df69ffd77652727a4fe8524ede0d8573d750879ef6d6c32,MountainCar-v0,luna,5,4,pattern2,0,data/llmx_data/offline_data/physics_data/raw_transitions/MountainCar-v0/episodes/episode_1.npz,4f3fbf6997ec293ae7417fc721754d97f04ac20ab1731c30e3915ad8baaa2d29,20,1,match,0,0,0.0,,3,True,True
08,1e69f19d0bac84155f340963383b6d9a1d4d944ad890c262165ef01201fae20b,MountainCar-v0,luna,5,4,pattern2,1,data/llmx_data/offline_data/physics_data/raw_transitions/MountainCar-v0/episodes/episode_1.npz,4f3fbf6997ec293ae7417fc721754d97f04ac20ab1731c30e3915ad8baaa2d29,21,1,match,0,0,0.0,,3,True,True
08,b944333c809eac6c61a05334e358d046593c0eb748ca176085a13e47c23fab7e,MountainCar-v0,luna,5,4,pattern2,2,data/llmx_data/offline_data/physics_data/raw_transitions/MountainCar-v0/episodes/episode_1.npz,4f3fbf6997ec293ae7417fc721754d97f04ac20ab1731c30e3915ad8baaa2d29,22,1,match,0,0,0.0,,3,True,True
08,eb45a1fc8534819d00fa9403c598e67e0584cbdeca351d99879d7ba84c90c7a8,MountainCar-v0,luna,5,8,pattern1,0,data/llmx_data/offline_data/physics_data/raw_transitions/MountainCar-v0/episodes/episode_1.npz,4f3fbf6997ec293ae7417fc721754d97f04ac20ab1731c30e3915ad8baaa2d29,20,1,match,0,0,0.0,,3,True,True
08,65d45264e11b2303cb9b75c430c7b6121ddc320e848ca9325571a0aefda97cfa,MountainCar-v0,luna,5,8,pattern1,1,data/llmx_data/offline_data/physics_data/raw_transitions/MountainCar-v0/episodes/episode_1.npz,4f3fbf6997ec293ae7417fc721754d97f04ac20ab1731c30e3915ad8baaa2d29,21,1,match,0,0,0.0,,3,True,True
08,4aeed603d178a3c6fcc121d395a68dcbb7e4f68ca68a19a517bcf5f96104143c,MountainCar-v0,luna,5,8,pattern1,2,data/llmx_data/offline_data/physics_data/raw_transitions/MountainCar-v0/episodes/episode_1.npz,4f3fbf6997ec293ae7417fc721754d97f04ac20ab1731c30e3915ad8baaa2d29,22,1,match,0,0,0.0,,3,True,True
08,242917948d6ebad105ffe57172d67596dac3358452349c595a0af2175dfee232,MountainCar-v0,luna,5,8,pattern2,0,data/llmx_data/offline_data/physics_data/raw_transitions/MountainCar-v0/episodes/episode_1.npz,4f3fbf6997ec293ae7417fc721754d97f04ac20ab1731c30e3915ad8baaa2d29,20,1,match,0,0,0.0,,3,True,True
08,f04ebe0ae2c5e8f419b18b7fc55d062cb45a8fbf3513de679daabf1d3e3f7f36,MountainCar-v0,luna,5,8,pattern2,1,data/llmx_data/offline_data/physics_data/raw_transitions/MountainCar-v0/episodes/episode_1.npz,4f3fbf6997ec293ae7417fc721754d97f04ac20ab1731c30e3915ad8baaa2d29,21,1,match,0,0,0.0,,3,True,True
08,7404d0ddd201248dc2fa963e4c295847d71b04a1065c1ea5f15b3a12a67d1979,MountainCar-v0,luna,5,8,pattern2,2,data/llmx_data/offline_data/physics_data/raw_transitions/MountainCar-v0/episodes/episode_1.npz,4f3fbf6997ec293ae7417fc721754d97f04ac20ab1731c30e3915ad8baaa2d29,22,1,match,0,0,0.0,,3,True,True
08,4615a1f7f2e92b0c68ac953180a525ba8ae1ee980c3dcf884a8ab4e9f1bce492,MountainCar-v0,luna,5,12,pattern1,0,data/llmx_data/offline_data/physics_data/raw_transitions/MountainCar-v0/episodes/episode_1.npz,4f3fbf6997ec293ae7417fc721754d97f04ac20ab1731c30e3915ad8baaa2d29,20,1,match,0,0,0.0,,2,True,True
08,2ce2b54e4b07bc86204484e65ac91f87caaaf81655a9e3169bfc077db26e18b5,MountainCar-v0,luna,5,12,pattern1,1,data/llmx_data/offline_data/physics_data/raw_transitions/MountainCar-v0/episodes/episode_1.npz,4f3fbf6997ec293ae7417fc721754d97f04ac20ab1731c30e3915ad8baaa2d29,21,1,match,0,0,0.0,,2,True,True
08,ffd00871ae863815aecc396889213864cc1fa9dcd4c104163bec1c71483c5585,MountainCar-v0,luna,5,12,pattern1,2,data/llmx_data/offline_data/physics_data/raw_transitions/MountainCar-v0/episodes/episode_1.npz,4f3fbf6997ec293ae7417fc721754d97f04ac20ab1731c30e3915ad8baaa2d29,22,1,match,0,0,0.0,,3,True,True
08,73063dec53ebef2e681be5124d4b6b4a7da56554db49ecd6f6faa07c5fb44fc6,MountainCar-v0,luna,5,12,pattern2,0,data/llmx_data/offline_data/physics_data/raw_transitions/MountainCar-v0/episodes/episode_1.npz,4f3fbf6997ec293ae7417fc721754d97f04ac20ab1731c30e3915ad8baaa2d29,20,1,match,0,0,0.0,,3,True,True
08,8fbe5f9e7d020045377f84db10c02bf6639d17761dcb4381e8e9d2d48f9e5365,MountainCar-v0,luna,5,12,pattern2,1,data/llmx_data/offline_data/physics_data/raw_transitions/MountainCar-v0/episodes/episode_1.npz,4f3fbf6997ec293ae7417fc721754d97f04ac20ab1731c30e3915ad8baaa2d29,21,1,match,0,0,0.0,,3,True,True
08,6de1ce54d766e86880c96274e120ccca5d09a8de7badd8fda3e717740133a8f1,MountainCar-v0,luna,5,12,pattern2,2,data/llmx_data/offline_data/physics_data/raw_transitions/MountainCar-v0/episodes/episode_1.npz,4f3fbf6997ec293ae7417fc721754d97f04ac20ab1731c30e3915ad8baaa2d29,22,1,match,0,0,0.0,,3,True,True
08,acbab4ae17bec5ad3ca3ac73802e82ceb46c261d9240438897913a8b708464f9,MountainCar-v0,luna,20,4,pattern1,0,data/llmx_data/offline_data/physics_data/raw_transitions/MountainCar-v0/episodes/episode_1.npz,4f3fbf6997ec293ae7417fc721754d97f04ac20ab1731c30e3915ad8baaa2d29,20,1,match,0,0,0.0,,3,True,True
08,34933c1c2f141429d76c6a98d047a320dff119010d1b8ed9de174db4ff83c618,MountainCar-v0,luna,20,4,pattern1,1,data/llmx_data/offline_data/physics_data/raw_transitions/MountainCar-v0/episodes/episode_1.npz,4f3fbf6997ec293ae7417fc721754d97f04ac20ab1731c30e3915ad8baaa2d29,21,0,mismatch,2,0,2.0,,3,True,True
08,bc1039f0456954587d2f3724eb867d280f86cd43515429165fa3631815f82e00,MountainCar-v0,luna,20,4,pattern1,2,data/llmx_data/offline_data/physics_data/raw_transitions/MountainCar-v0/episodes/episode_1.npz,4f3fbf6997ec293ae7417fc721754d97f04ac20ab1731c30e3915ad8baaa2d29,22,0,mismatch,2,0,2.0,,3,True,True
08,38b45fd71d4a135a250e832b7b4fff0f0236267286564be8663eeefa17b4d6c5,MountainCar-v0,luna,20,4,pattern2,0,data/llmx_data/offline_data/physics_data/raw_transitions/MountainCar-v0/episodes/episode_1.npz,4f3fbf6997ec293ae7417fc721754d97f04ac20ab1731c30e3915ad8baaa2d29,20,1,match,0,0,0.0,,3,True,True
08,9eb383bc315245778eb63f31eda55ef5d9bd8a53d96c2665ff9def0849bc75af,MountainCar-v0,luna,20,4,pattern2,1,data/llmx_data/offline_data/physics_data/raw_transitions/MountainCar-v0/episodes/episode_1.npz,4f3fbf6997ec293ae7417fc721754d97f04ac20ab1731c30e3915ad8baaa2d29,21,1,match,0,0,0.0,,3,True,True
08,6db2e57ab0eb72ae550e04206b2597bf21040e511cc5e8a57528337e1b81c101,MountainCar-v0,luna,20,4,pattern2,2,data/llmx_data/offline_data/physics_data/raw_transitions/MountainCar-v0/episodes/episode_1.npz,4f3fbf6997ec293ae7417fc721754d97f04ac20ab1731c30e3915ad8baaa2d29,22,0,mismatch,2,0,2.0,,3,True,True
08,37c15f6aa79c2e0ee6a062e7245662a90beff6770304896b545cdf2da9f4d700,MountainCar-v0,luna,20,8,pattern1,0,data/llmx_data/offline_data/physics_data/raw_transitions/MountainCar-v0/episodes/episode_1.npz,4f3fbf6997ec293ae7417fc721754d97f04ac20ab1731c30e3915ad8baaa2d29,20,0,mismatch,2,0,2.0,,3,True,True
08,13d660caeb5a689494be09d9fde8547c527ad038ea5a197475e0a2abb304a2d2,MountainCar-v0,luna,20,8,pattern1,1,data/llmx_data/offline_data/physics_data/raw_transitions/MountainCar-v0/episodes/episode_1.npz,4f3fbf6997ec293ae7417fc721754d97f04ac20ab1731c30e3915ad8baaa2d29,21,0,mismatch,2,0,2.0,,3,True,True
08,263ffe3fc8d64fa33a6d27a4e8416b186d49ef3a1d0bff70502cd3ba6bab5ccf,MountainCar-v0,luna,20,8,pattern1,2,data/llmx_data/offline_data/physics_data/raw_transitions/MountainCar-v0/episodes/episode_1.npz,4f3fbf6997ec293ae7417fc721754d97f04ac20ab1731c30e3915ad8baaa2d29,22,1,match,0,0,0.0,,3,True,True
08,5e9c9247ca88eab7c20d79bafa9f281c9beb7a8bdec5ee0c932b0165829124a7,MountainCar-v0,luna,20,8,pattern2,0,data/llmx_data/offline_data/physics_data/raw_transitions/MountainCar-v0/episodes/episode_1.npz,4f3fbf6997ec293ae7417fc721754d97f04ac20ab1731c30e3915ad8baaa2d29,20,1,match,0,0,0.0,,3,True,True
08,36780c09de2afc00fd5dbcbf02d5ed3a979f7e972e04ceb009bcea1bb2d2240e,MountainCar-v0,luna,20,8,pattern2,1,data/llmx_data/offline_data/physics_data/raw_transitions/MountainCar-v0/episodes/episode_1.npz,4f3fbf6997ec293ae7417fc721754d97f04ac20ab1731c30e3915ad8baaa2d29,21,1,match,0,0,0.0,,3,True,True
08,4626e56b58eef3eddb5cab80f807f98a04e1993cae612b9a7d3fb34f5b3800b3,MountainCar-v0,luna,20,8,pattern2,2,data/llmx_data/offline_data/physics_data/raw_transitions/MountainCar-v0/episodes/episode_1.npz,4f3fbf6997ec293ae7417fc721754d97f04ac20ab1731c30e3915ad8baaa2d29,22,1,match,0,0,0.0,,3,True,True
08,20aab6143ad20bd6b55703fc48772d6b9238a6f0a212c85da26ecb19bcc0587e,MountainCar-v0,luna,20,12,pattern1,0,data/llmx_data/offline_data/physics_data/raw_transitions/MountainCar-v0/episodes/episode_1.npz,4f3fbf6997ec293ae7417fc721754d97f04ac20ab1731c30e3915ad8baaa2d29,20,0,mismatch,2,0,2.0,,3,True,True
08,18a44c2b6a54d863cce32f8fe3fb3121d35b1c316f46b567f5a66e05670a2021,MountainCar-v0,luna,20,12,pattern1,1,data/llmx_data/offline_data/physics_data/raw_transitions/MountainCar-v0/episodes/episode_1.npz,4f3fbf6997ec293ae7417fc721754d97f04ac20ab1731c30e3915ad8baaa2d29,21,1,match,0,0,0.0,,3,True,True
08,97d9b6970390b54d4f6bbe14c9e4460008fe75124a16f517e8f56913f7aee6a2,MountainCar-v0,luna,20,12,pattern1,2,data/llmx_data/offline_data/physics_data/raw_transitions/MountainCar-v0/episodes/episode_1.npz,4f3fbf6997ec293ae7417fc721754d97f04ac20ab1731c30e3915ad8baaa2d29,22,1,match,0,0,0.0,,3,True,True
08,6aa0c39fcc2263d960d5b7bdeb3c92b4ac2119811da1d6577e25140e29854e73,MountainCar-v0,luna,20,12,pattern2,0,data/llmx_data/offline_data/physics_data/raw_transitions/MountainCar-v0/episodes/episode_1.npz,4f3fbf6997ec293ae7417fc721754d97f04ac20ab1731c30e3915ad8baaa2d29,20,1,match,0,0,0.0,,3,True,True
08,d5428e00bfc725160a00627032756b8f38d86a187d5ae4b26790d91274c653dc,MountainCar-v0,luna,20,12,pattern2,1,data/llmx_data/offline_data/physics_data/raw_transitions/MountainCar-v0/episodes/episode_1.npz,4f3fbf6997ec293ae7417fc721754d97f04ac20ab1731c30e3915ad8baaa2d29,21,1,match,0,0,0.0,,3,True,True
08,4d32417c2965bc83258b5751b0f7aece9c69fe71a53333bad533d29f3c90e23a,MountainCar-v0,luna,20,12,pattern2,2,data/llmx_data/offline_data/physics_data/raw_transitions/MountainCar-v0/episodes/episode_1.npz,4f3fbf6997ec293ae7417fc721754d97f04ac20ab1731c30e3915ad8baaa2d29,22,1,match,0,0,0.0,,2,True,True
08,30b847c8f822354874393c6fc1c3d868edfc69f36366f3e83e7a66904b15c2a7,Pendulum-v1,luna,5,4,pattern1,0,data/llmx_data/offline_data/physics_data/raw_transitions/Pendulum-v1/episodes/episode_1.npz,e3320a406e3fe8474ca64b240b2a60341b57135c9ac05ce51915888b2ba61c6e,20,1,match,[9],[9],0.0,,3,True,True
08,7499d5e5a24c04fa588c3d197c7862a51b175c6946f256bcebfa7218346073c1,Pendulum-v1,luna,5,4,pattern1,1,data/llmx_data/offline_data/physics_data/raw_transitions/Pendulum-v1/episodes/episode_1.npz,e3320a406e3fe8474ca64b240b2a60341b57135c9ac05ce51915888b2ba61c6e,21,1,match,[9],[9],0.3209505081176758,,3,True,True
08,9bb16372ff3986715281b16d404e05f13a2b18805e775610fa5c0e6761ed5a4b,Pendulum-v1,luna,5,4,pattern1,2,data/llmx_data/offline_data/physics_data/raw_transitions/Pendulum-v1/episodes/episode_1.npz,e3320a406e3fe8474ca64b240b2a60341b57135c9ac05ce51915888b2ba61c6e,22,0,mismatch,[8],[9],0.6895559549331665,,4,True,True
08,f9ab80ac56eae1d4ad0214576ed22d8b7708de73e6b9aabefc34fff7c51e2212,Pendulum-v1,luna,5,4,pattern2,0,data/llmx_data/offline_data/physics_data/raw_transitions/Pendulum-v1/episodes/episode_1.npz,e3320a406e3fe8474ca64b240b2a60341b57135c9ac05ce51915888b2ba61c6e,20,1,match,[9],[9],0.0,,3,True,True
08,8fbbcc2c6b23220c034888f8527caf11015e1087295222b8b942fea2e8781f7a,Pendulum-v1,luna,5,4,pattern2,1,data/llmx_data/offline_data/physics_data/raw_transitions/Pendulum-v1/episodes/episode_1.npz,e3320a406e3fe8474ca64b240b2a60341b57135c9ac05ce51915888b2ba61c6e,21,1,match,[9],[9],0.3209505081176758,,3,True,True
08,37be64f69380c182cea9d71cabe3e24e8ddb37bd00590662ec15509da894e2f8,Pendulum-v1,luna,5,4,pattern2,2,data/llmx_data/offline_data/physics_data/raw_transitions/Pendulum-v1/episodes/episode_1.npz,e3320a406e3fe8474ca64b240b2a60341b57135c9ac05ce51915888b2ba61c6e,22,0,mismatch,[8],[9],0.6395559549331664,,3,True,True
08,806e5c47714fac02fcb8a26fbb91002950e6ade7d89beef098a0b3293fd82c85,Pendulum-v1,luna,5,8,pattern1,0,data/llmx_data/offline_data/physics_data/raw_transitions/Pendulum-v1/episodes/episode_1.npz,e3320a406e3fe8474ca64b240b2a60341b57135c9ac05ce51915888b2ba61c6e,20,1,match,[9],[9],0.0,,3,True,True
08,d473351977822d0e978c67b05e1013ab34edc04278ecee8ab2ec99f77a91b438,Pendulum-v1,luna,5,8,pattern1,1,data/llmx_data/offline_data/physics_data/raw_transitions/Pendulum-v1/episodes/episode_1.npz,e3320a406e3fe8474ca64b240b2a60341b57135c9ac05ce51915888b2ba61c6e,21,1,match,[9],[9],0.3209505081176758,,4,True,True
08,d63fe8a8e3263518ddeaef610b0a06a2a75b674095cd40c64ec5519e948ef019,Pendulum-v1,luna,5,8,pattern1,2,data/llmx_data/offline_data/physics_data/raw_transitions/Pendulum-v1/episodes/episode_1.npz,e3320a406e3fe8474ca64b240b2a60341b57135c9ac05ce51915888b2ba61c6e,22,0,mismatch,[8],[9],0.6395559549331664,,4,True,True
08,331cbc3519e01bb9821aad187e41d73f4236948a2cbfbd1f2205a7da51f14129,Pendulum-v1,luna,5,8,pattern2,0,data/llmx_data/offline_data/physics_data/raw_transitions/Pendulum-v1/episodes/episode_1.npz,e3320a406e3fe8474ca64b240b2a60341b57135c9ac05ce51915888b2ba61c6e,20,1,match,[9],[9],0.0,,2,True,True
08,7dd8d4bed6fd77a819836418398cbac262efed595a322ddb0a45ea693ba4c160,Pendulum-v1,luna,5,8,pattern2,1,data/llmx_data/offline_data/physics_data/raw_transitions/Pendulum-v1/episodes/episode_1.npz,e3320a406e3fe8474ca64b240b2a60341b57135c9ac05ce51915888b2ba61c6e,21,1,match,[9],[9],0.3209505081176758,,3,True,True
08,c12fe5c3d1bc80aa822fb06b560a052e763cfbc731764a02825897d549a1dac4,Pendulum-v1,luna,5,8,pattern2,2,data/llmx_data/offline_data/physics_data/raw_transitions/Pendulum-v1/episodes/episode_1.npz,e3320a406e3fe8474ca64b240b2a60341b57135c9ac05ce51915888b2ba61c6e,22,0,mismatch,[8],[9],0.5895559549331666,,4,True,True
08,1baeec523582559be7eb97c0a99f735bbdd8c68a569c4d51300f4a0fc288c13a,Pendulum-v1,luna,5,12,pattern1,0,data/llmx_data/offline_data/physics_data/raw_transitions/Pendulum-v1/episodes/episode_1.npz,e3320a406e3fe8474ca64b240b2a60341b57135c9ac05ce51915888b2ba61c6e,20,1,match,[9],[9],0.0,,4,True,True
08,8606693f7303f5e8f902fe4d051c0e7aa700606c3f1004b6cb4e518c59fa0272,Pendulum-v1,luna,5,12,pattern1,1,data/llmx_data/offline_data/physics_data/raw_transitions/Pendulum-v1/episodes/episode_1.npz,e3320a406e3fe8474ca64b240b2a60341b57135c9ac05ce51915888b2ba61c6e,21,1,match,[9],[9],0.3209505081176758,,2,True,True
08,1f7591dc74fbb6cea624f7326eead2c7b9f5002a880bef2ff041bd3c104cc6db,Pendulum-v1,luna,5,12,pattern1,2,data/llmx_data/offline_data/physics_data/raw_transitions/Pendulum-v1/episodes/episode_1.npz,e3320a406e3fe8474ca64b240b2a60341b57135c9ac05ce51915888b2ba61c6e,22,0,mismatch,[8],[9],0.6695559549331664,,4,True,True
08,206ce692873c3b5813be593eede28e214cf4c2938a952aaf9d660a9545971b6c,Pendulum-v1,luna,5,12,pattern2,0,data/llmx_data/offline_data/physics_data/raw_transitions/Pendulum-v1/episodes/episode_1.npz,e3320a406e3fe8474ca64b240b2a60341b57135c9ac05ce51915888b2ba61c6e,20,1,match,[9],[9],0.0,,2,True,True
08,2f1cfd9dadbea9b41ba955d82be75e099cfd1bee1d07dd00931546c4b9bb6de6,Pendulum-v1,luna,5,12,pattern2,1,data/llmx_data/offline_data/physics_data/raw_transitions/Pendulum-v1/episodes/episode_1.npz,e3320a406e3fe8474ca64b240b2a60341b57135c9ac05ce51915888b2ba61c6e,21,1,match,[9],[9],0.3209505081176758,,3,True,True
08,42c971870035311f13cdd7662e8b5da16dfe6fde67f0e37cef05e174ce2a9fa3,Pendulum-v1,luna,5,12,pattern2,2,data/llmx_data/offline_data/physics_data/raw_transitions/Pendulum-v1/episodes/episode_1.npz,e3320a406e3fe8474ca64b240b2a60341b57135c9ac05ce51915888b2ba61c6e,22,0,mismatch,[8],[9],0.6895559549331665,,3,True,True
08,2650970b5d6e7d216dfea364220787f7e86741899007af5e43986ee157befd15,Pendulum-v1,luna,20,4,pattern1,0,data/llmx_data/offline_data/physics_data/raw_transitions/Pendulum-v1/episodes/episode_1.npz,e3320a406e3fe8474ca64b240b2a60341b57135c9ac05ce51915888b2ba61c6e,20,1,match,[9],[9],0.0,,3,True,True
08,9a4438c5e7cc617bb932be23ffa5ac734eef575f5778a3d9089c74c77a8efa70,Pendulum-v1,luna,20,4,pattern1,1,data/llmx_data/offline_data/physics_data/raw_transitions/Pendulum-v1/episodes/episode_1.npz,e3320a406e3fe8474ca64b240b2a60341b57135c9ac05ce51915888b2ba61c6e,21,1,match,[9],[9],0.3209505081176758,,2,True,True
08,8a42e8513dacb01857316612da8893bae6fb3c2ec6e1594f624bb54275695f08,Pendulum-v1,luna,20,4,pattern1,2,data/llmx_data/offline_data/physics_data/raw_transitions/Pendulum-v1/episodes/episode_1.npz,e3320a406e3fe8474ca64b240b2a60341b57135c9ac05ce51915888b2ba61c6e,22,0,mismatch,[8],[9],0.43955595493316646,,3,True,True
08,82191ffcb1fa1d66aa3f7bff54803b4c5c37cd5caadbae45c1be914d24e7194e,Pendulum-v1,luna,20,4,pattern2,0,data/llmx_data/offline_data/physics_data/raw_transitions/Pendulum-v1/episodes/episode_1.npz,e3320a406e3fe8474ca64b240b2a60341b57135c9ac05ce51915888b2ba61c6e,20,1,match,[9],[9],0.0,,3,True,True
08,c2261727c36867a2814d629e766f18a195a23b04d09627bf54aaf8a96f8df214,Pendulum-v1,luna,20,4,pattern2,1,data/llmx_data/offline_data/physics_data/raw_transitions/Pendulum-v1/episodes/episode_1.npz,e3320a406e3fe8474ca64b240b2a60341b57135c9ac05ce51915888b2ba61c6e,21,1,match,[9],[9],0.3209505081176758,,2,True,True
08,3d0cfbd945df3db87d3b004bb1a3974f34ccb53a3fe381d0006e3f790068c29d,Pendulum-v1,luna,20,4,pattern2,2,data/llmx_data/offline_data/physics_data/raw_transitions/Pendulum-v1/episodes/episode_1.npz,e3320a406e3fe8474ca64b240b2a60341b57135c9ac05ce51915888b2ba61c6e,22,0,mismatch,[8],[9],0.4895559549331665,,3,True,True
08,419b2a3b46e26f527495bbb98ccaec22f628446ddf74d79a334d5a835896c768,Pendulum-v1,luna,20,8,pattern1,0,data/llmx_data/offline_data/physics_data/raw_transitions/Pendulum-v1/episodes/episode_1.npz,e3320a406e3fe8474ca64b240b2a60341b57135c9ac05ce51915888b2ba61c6e,20,1,match,[9],[9],0.0,,4,True,True
08,4b8c16a20f1467a9c669ee4596039c5a250db9f9ad1123f2396011bfd5ed38c8,Pendulum-v1,luna,20,8,pattern1,1,data/llmx_data/offline_data/physics_data/raw_transitions/Pendulum-v1/episodes/episode_1.npz,e3320a406e3fe8474ca64b240b2a60341b57135c9ac05ce51915888b2ba61c6e,21,1,match,[9],[9],0.3209505081176758,,4,True,True
08,83d616b3412d8ea3c23e8bf1d10be711387c1c5f771586a86fdce57b22025057,Pendulum-v1,luna,20,8,pattern1,2,data/llmx_data/offline_data/physics_data/raw_transitions/Pendulum-v1/episodes/episode_1.npz,e3320a406e3fe8474ca64b240b2a60341b57135c9ac05ce51915888b2ba61c6e,22,1,match,[9],[9],0.2395559549331665,,3,True,True
08,5446f4414cceee9a5f3f210f9fd98bda0c38257ffe97294b012219cb088a9c30,Pendulum-v1,luna,20,8,pattern2,0,data/llmx_data/offline_data/physics_data/raw_transitions/Pendulum-v1/episodes/episode_1.npz,e3320a406e3fe8474ca64b240b2a60341b57135c9ac05ce51915888b2ba61c6e,20,1,match,[9],[9],0.0,,3,True,True
08,7b6e62e977b1eb221cf643b69dcd86376da674929161175654b8cd8325a40ea8,Pendulum-v1,luna,20,8,pattern2,1,data/llmx_data/offline_data/physics_data/raw_transitions/Pendulum-v1/episodes/episode_1.npz,e3320a406e3fe8474ca64b240b2a60341b57135c9ac05ce51915888b2ba61c6e,21,1,match,[9],[9],0.3209505081176758,,3,True,True
08,6e785180ebe69171312772b874eac25b7050868042669dc7775f91fc1f91ef9c,Pendulum-v1,luna,20,8,pattern2,2,data/llmx_data/offline_data/physics_data/raw_transitions/Pendulum-v1/episodes/episode_1.npz,e3320a406e3fe8474ca64b240b2a60341b57135c9ac05ce51915888b2ba61c6e,22,1,match,[9],[9],0.18955595493316646,,3,True,True
08,abb6633ff6c26d48ae9a572c8231eb9324b0fd58639ea916e92d0ec02eb025f2,Pendulum-v1,luna,20,12,pattern1,0,data/llmx_data/offline_data/physics_data/raw_transitions/Pendulum-v1/episodes/episode_1.npz,e3320a406e3fe8474ca64b240b2a60341b57135c9ac05ce51915888b2ba61c6e,20,1,match,[9],[9],0.0,,3,True,True
08,f92e533dd6aa0c0a0e95ca451e6f15f5a34bec6458d2108611ddf15543f5220e,Pendulum-v1,luna,20,12,pattern1,1,data/llmx_data/offline_data/physics_data/raw_transitions/Pendulum-v1/episodes/episode_1.npz,e3320a406e3fe8474ca64b240b2a60341b57135c9ac05ce51915888b2ba61c6e,21,1,match,[9],[9],0.3209505081176758,,3,True,True
08,7e57a5b3a1f322374e075f0cef67d0d2996e83262a874150613069ffa22dd344,Pendulum-v1,luna,20,12,pattern1,2,data/llmx_data/offline_data/physics_data/raw_transitions/Pendulum-v1/episodes/episode_1.npz,e3320a406e3fe8474ca64b240b2a60341b57135c9ac05ce51915888b2ba61c6e,22,0,mismatch,[8],[9],0.4895559549331665,,3,True,True
08,163928d98464de7fccccfa20102264f100cc4238252c2d86211a0da52c3bf123,Pendulum-v1,luna,20,12,pattern2,0,data/llmx_data/offline_data/physics_data/raw_transitions/Pendulum-v1/episodes/episode_1.npz,e3320a406e3fe8474ca64b240b2a60341b57135c9ac05ce51915888b2ba61c6e,20,1,match,[9],[9],0.0,,3,True,True
08,40a234a96a50f3b0db199a3107334345a6634041e7b4d746924d9d133581fb57,Pendulum-v1,luna,20,12,pattern2,1,data/llmx_data/offline_data/physics_data/raw_transitions/Pendulum-v1/episodes/episode_1.npz,e3320a406e3fe8474ca64b240b2a60341b57135c9ac05ce51915888b2ba61c6e,21,1,match,[9],[9],0.3209505081176758,,3,True,True
08,86211a8f121aad4a3a26d9ebec2c602d06418c21f18924bd9c8ac39e4cf6cb20,Pendulum-v1,luna,20,12,pattern2,2,data/llmx_data/offline_data/physics_data/raw_transitions/Pendulum-v1/episodes/episode_1.npz,e3320a406e3fe8474ca64b240b2a60341b57135c9ac05ce51915888b2ba61c6e,22,1,match,[9],[9],0.2295559549331665,,3,True,True
