task,pattern,example_type,model,score,metric,count
MountainCar-v0,pattern1,correct,sol,1,next-action,0
MountainCar-v0,pattern1,correct,sol,1,last-action,2
MountainCar-v0,pattern1,correct,sol,2,next-action,0
MountainCar-v0,pattern1,correct,sol,2,last-action,0
MountainCar-v0,pattern1,correct,sol,3,next-action,0
MountainCar-v0,pattern1,correct,sol,3,last-action,0
MountainCar-v0,pattern1,correct,sol,4,next-action,0
MountainCar-v0,pattern1,correct,sol,4,last-action,0
MountainCar-v0,pattern1,correct,terra,1,next-action,0
MountainCar-v0,pattern1,correct,terra,1,last-action,2
MountainCar-v0,pattern1,correct,terra,2,next-action,0
MountainCar-v0,pattern1,correct,terra,2,last-action,0
MountainCar-v0,pattern1,correct,terra,3,next-action,0
MountainCar-v0,pattern1,correct,terra,3,last-action,0
MountainCar-v0,pattern1,correct,terra,4,next-action,0
MountainCar-v0,pattern1,correct,terra,4,last-action,0
MountainCar-v0,pattern1,correct,luna,1,next-action,0
MountainCar-v0,pattern1,correct,luna,1,last-action,2
MountainCar-v0,pattern1,correct,luna,2,next-action,0
MountainCar-v0,pattern1,correct,luna,2,last-action,0
MountainCar-v0,pattern1,correct,luna,3,next-action,0
MountainCar-v0,pattern1,correct,luna,3,last-action,0
MountainCar-v0,pattern1,correct,luna,4,next-action,0
MountainCar-v0,pattern1,correct,luna,4,last-action,0
MountainCar-v0,pattern1,correct,3.5,1,next-action,0
MountainCar-v0,pattern1,correct,3.5,1,last-action,0
MountainCar-v0,pattern1,correct,3.5,2,next-action,0
MountainCar-v0,pattern1,correct,3.5,2,last-action,0
MountainCar-v0,pattern1,correct,3.5,3,next-action,0
MountainCar-v0,pattern1,correct,3.5,3,last-action,0
MountainCar-v0,pattern1,correct,3.5,4,next-action,0
MountainCar-v0,pattern1,correct,3.5,4,last-action,0
MountainCar-v0,pattern1,incorrect,sol,1,next-action,0
MountainCar-v0,pattern1,incorrect,sol,1,last-action,0
MountainCar-v0,pattern1,incorrect,sol,2,next-action,0
MountainCar-v0,pattern1,incorrect,sol,2,last-action,0
MountainCar-v0,pattern1,incorrect,sol,3,next-action,1
MountainCar-v0,pattern1,incorrect,sol,3,last-action,0
MountainCar-v0,pattern1,incorrect,sol,4,next-action,0
MountainCar-v0,pattern1,incorrect,sol,4,last-action,0
MountainCar-v0,pattern1,incorrect,terra,1,next-action,0
MountainCar-v0,pattern1,incorrect,terra,1,last-action,0
MountainCar-v0,pattern1,incorrect,terra,2,next-action,0
MountainCar-v0,pattern1,incorrect,terra,2,last-action,0
MountainCar-v0,pattern1,incorrect,terra,3,next-action,1
MountainCar-v0,pattern1,incorrect,terra,3,last-action,0
MountainCar-v0,pattern1,incorrect,terra,4,next-action,0
MountainCar-v0,pattern1,incorrect,terra,4,last-action,0
MountainCar-v0,pattern1,incorrect,luna,1,next-action,0
MountainCar-v0,pattern1,incorrect,luna,1,last-action,0
MountainCar-v0,pattern1,incorrect,luna,2,next-action,0
MountainCar-v0,pattern1,incorrect,luna,2,last-action,0
MountainCar-v0,pattern1,incorrect,luna,3,next-action,1
MountainCar-v0,pattern1,incorrect,luna,3,last-action,0
MountainCar-v0,pattern1,incorrect,luna,4,next-action,1
MountainCar-v0,pattern1,incorrect,luna,4,last-action,0
MountainCar-v0,pattern1,incorrect,3.5,1,next-action,0
MountainCar-v0,pattern1,incorrect,3.5,1,last-action,0
MountainCar-v0,pattern1,incorrect,3.5,2,next-action,0
MountainCar-v0,pattern1,incorrect,3.5,2,last-action,0
MountainCar-v0,pattern1,incorrect,3.5,3,next-action,2
MountainCar-v0,pattern1,incorrect,3.5,3,last-action,0
MountainCar-v0,pattern1,incorrect,3.5,4,next-action,0
MountainCar-v0,pattern1,incorrect,3.5,4,last-action,0
MountainCar-v0,pattern2,correct,sol,1,next-action,0
MountainCar-v0,pattern2,correct,sol,1,last-action,0
MountainCar-v0,pattern2,correct,sol,2,next-action,1
MountainCar-v0,pattern2,correct,sol,2,last-action,0
MountainCar-v0,pattern2,correct,sol,3,next-action,0
MountainCar-v0,pattern2,correct,sol,3,last-action,0
MountainCar-v0,pattern2,correct,sol,4,next-action,0
MountainCar-v0,pattern2,correct,sol,4,last-action,0
MountainCar-v0,pattern2,correct,terra,1,next-action,0
MountainCar-v0,pattern2,correct,terra,1,last-action,0
MountainCar-v0,pattern2,correct,terra,2,next-action,1
MountainCar-v0,pattern2,correct,terra,2,last-action,0
MountainCar-v0,pattern2,correct,terra,3,next-action,0
MountainCar-v0,pattern2,correct,terra,3,last-action,0
MountainCar-v0,pattern2,correct,terra,4,next-action,0
MountainCar-v0,pattern2,correct,terra,4,last-action,0
MountainCar-v0,pattern2,correct,luna,1,next-action,0
MountainCar-v0,pattern2,correct,luna,1,last-action,0
MountainCar-v0,pattern2,correct,luna,2,next-action,2
MountainCar-v0,pattern2,correct,luna,2,last-action,0
MountainCar-v0,pattern2,correct,luna,3,next-action,0
MountainCar-v0,pattern2,correct,luna,3,last-action,0
MountainCar-v0,pattern2,correct,luna,4,next-action,0
MountainCar-v0,pattern2,correct,luna,4,last-action,0
MountainCar-v0,pattern2,correct,3.5,1,next-action,0
MountainCar-v0,pattern2,correct,3.5,1,last-action,0
MountainCar-v0,pattern2,correct,3.5,2,next-action,2
MountainCar-v0,pattern2,correct,3.5,2,last-action,0
MountainCar-v0,pattern2,correct,3.5,3,next-action,0
MountainCar-v0,pattern2,correct,3.5,3,last-action,0
MountainCar-v0,pattern2,correct,3.5,4,next-action,0
MountainCar-v0,pattern2,correct,3.5,4,last-action,0
MountainCar-v0,pattern2,incorrect,sol,1,next-action,0
MountainCar-v0,pattern2,incorrect,sol,1,last-action,0
MountainCar-v0,pattern2,incorrect,sol,2,next-action,0
MountainCar-v0,pattern2,incorrect,sol,2,last-action,0
MountainCar-v0,pattern2,incorrect,sol,3,next-action,1
MountainCar-v0,pattern2,incorrect,sol,3,last-action,0
MountainCar-v0,pattern2,incorrect,sol,4,next-action,0
MountainCar-v0,pattern2,incorrect,sol,4,last-action,0
MountainCar-v0,pattern2,incorrect,terra,1,next-action,0
MountainCar-v0,pattern2,incorrect,terra,1,last-action,0
MountainCar-v0,pattern2,incorrect,terra,2,next-action,0
MountainCar-v0,pattern2,incorrect,terra,2,last-action,0
MountainCar-v0,pattern2,incorrect,terra,3,next-action,1
MountainCar-v0,pattern2,incorrect,terra,3,last-action,0
MountainCar-v0,pattern2,incorrect,terra,4,next-action,0
MountainCar-v0,pattern2,incorrect,terra,4,last-action,0
MountainCar-v0,pattern2,incorrect,luna,1,next-action,0
MountainCar-v0,pattern2,incorrect,luna,1,last-action,0
MountainCar-v0,pattern2,incorrect,luna,2,next-action,0
MountainCar-v0,pattern2,incorrect,luna,2,last-action,0
MountainCar-v0,pattern2,incorrect,luna,3,next-action,2
MountainCar-v0,pattern2,incorrect,luna,3,last-action,0
MountainCar-v0,pattern2,incorrect,luna,4,next-action,0
MountainCar-v0,pattern2,incorrect,luna,4,last-action,0
MountainCar-v0,pattern2,incorrect,3.5,1,next-action,0
MountainCar-v0,pattern2,incorrect,3.5,1,last-action,0
MountainCar-v0,pattern2,incorrect,3.5,2,next-action,0
MountainCar-v0,pattern2,incorrect,3.5,2,last-action,0
MountainCar-v0,pattern2,incorrect,3.5,3,next-action,2
MountainCar-v0,pattern2,incorrect,3.5,3,last-action,0
MountainCar-v0,pattern2,incorrect,3.5,4,next-action,0
MountainCar-v0,pattern2,incorrect,3.5,4,last-action,0
Pendulum-v1,pattern1,correct,sol,1,next-action,0
Pendulum-v1,pattern1,correct,sol,1,last-action,2
Pendulum-v1,pattern1,correct,sol,2,next-action,0
Pendulum-v1,pattern1,correct,sol,2,last-action,0
Pendulum-v1,pattern1,correct,sol,3,next-action,0
Pendulum-v1,pattern1,correct,sol,3,last-action,0
Pendulum-v1,pattern1,correct,sol,4,next-action,0
Pendulum-v1,pattern1,correct,sol,4,last-action,0
Pendulum-v1,pattern1,correct,terra,1,next-action,0
Pendulum-v1,pattern1,correct,terra,1,last-action,2
Pendulum-v1,pattern1,correct,terra,2,next-action,0
Pendulum-v1,pattern1,correct,terra,2,last-action,0
Pendulum-v1,pattern1,correct,terra,3,next-action,0
Pendulum-v1,pattern1,correct,terra,3,last-action,0
Pendulum-v1,pattern1,correct,terra,4,next-action,0
Pendulum-v1,pattern1,correct,terra,4,last-action,0
Pendulum-v1,pattern1,correct,luna,1,next-action,0
Pendulum-v1,pattern1,correct,luna,1,last-action,2
Pendulum-v1,pattern1,correct,luna,2,next-action,0
Pendulum-v1,pattern1,correct,luna,2,last-action,0
Pendulum-v1,pattern1,correct,luna,3,next-action,0
Pendulum-v1,pattern1,correct,luna,3,last-action,0
Pendulum-v1,pattern1,correct,luna,4,next-action,0
Pendulum-v1,pattern1,correct,luna,4,last-action,0
Pendulum-v1,pattern1,correct,3.5,1,next-action,0
Pendulum-v1,pattern1,correct,3.5,1,last-action,0
Pendulum-v1,pattern1,correct,3.5,2,next-action,0
Pendulum-v1,pattern1,correct,3.5,2,last-action,0
Pendulum-v1,pattern1,correct,3.5,3,next-action,0
Pendulum-v1,pattern1,correct,3.5,3,last-action,0
Pendulum-v1,pattern1,correct,3.5,4,next-action,0
Pendulum-v1,pattern1,correct,3.5,4,last-action,0
Pendulum-v1,pattern1,incorrect,sol,1,next-action,0
Pendulum-v1,pattern1,incorrect,sol,1,last-action,0
Pendulum-v1,pattern1,incorrect,sol,2,next-action,0
Pendulum-v1,pattern1,incorrect,sol,2,last-action,0
Pendulum-v1,pattern1,incorrect,sol,3,next-action,1
Pendulum-v1,pattern1,incorrect,sol,3,last-action,0
Pendulum-v1,pattern1,incorrect,sol,4,next-action,0
Pendulum-v1,pattern1,incorrect,sol,4,last-action,0
Pendulum-v1,pattern1,incorrect,terra,1,next-action,0
Pendulum-v1,pattern1,incorrect,terra,1,last-action,0
Pendulum-v1,pattern1,incorrect,terra,2,next-action,0
Pendulum-v1,pattern1,incorrect,terra,2,last-action,0
Pendulum-v1,pattern1,incorrect,terra,3,next-action,1
Pendulum-v1,pattern1,incorrect,terra,3,last-action,0
Pendulum-v1,pattern1,incorrect,terra,4,next-action,0
Pendulum-v1,pattern1,incorrect,terra,4,last-action,0
Pendulum-v1,pattern1,incorrect,luna,1,next-action,0
Pendulum-v1,pattern1,incorrect,luna,1,last-action,0
Pendulum-v1,pattern1,incorrect,luna,2,next-action,0
Pendulum-v1,pattern1,incorrect,luna,2,last-action,0
Pendulum-v1,pattern1,incorrect,luna,3,next-action,2
Pendulum-v1,pattern1,incorrect,luna,3,last-action,0
Pendulum-v1,pattern1,incorrect,luna,4,next-action,0
Pendulum-v1,pattern1,incorrect,luna,4,last-action,0
Pendulum-v1,pattern1,incorrect,3.5,1,next-action,0
Pendulum-v1,pattern1,incorrect,3.5,1,last-action,0
Pendulum-v1,pattern1,incorrect,3.5,2,next-action,0
Pendulum-v1,pattern1,incorrect,3.5,2,last-action,0
Pendulum-v1,pattern1,incorrect,3.5,3,next-action,1
Pendulum-v1,pattern1,incorrect,3.5,3,last-action,0
Pendulum-v1,pattern1,incorrect,3.5,4,next-action,1
Pendulum-v1,pattern1,incorrect,3.5,4,last-action,0
Pendulum-v1,pattern2,correct,sol,1,next-action,0
Pendulum-v1,pattern2,correct,sol,1,last-action,0
Pendulum-v1,pattern2,correct,sol,2,next-action,1
Pendulum-v1,pattern2,correct,sol,2,last-action,0
Pendulum-v1,pattern2,correct,sol,3,next-action,0
Pendulum-v1,pattern2,correct,sol,3,last-action,0
Pendulum-v1,pattern2,correct,sol,4,next-action,0
Pendulum-v1,pattern2,correct,sol,4,last-action,0
Pendulum-v1,pattern2,correct,terra,1,next-action,0
Pendulum-v1,pattern2,correct,terra,1,last-action,0
Pendulum-v1,pattern2,correct,terra,2,next-action,1
Pendulum-v1,pattern2,correct,terra,2,last-action,0
Pendulum-v1,pattern2,correct,terra,3,next-action,0
Pendulum-v1,pattern2,correct,terra,3,last-action,0
Pendulum-v1,pattern2,correct,terra,4,next-action,0
Pendulum-v1,pattern2,correct,terra,4,last-action,0
Pendulum-v1,pattern2,correct,luna,1,next-action,0
Pendulum-v1,pattern2,correct,luna,1,last-action,0
Pendulum-v1,pattern2,correct,luna,2,next-action,2
Pendulum-v1,pattern2,correct,luna,2,last-action,0
Pendulum-v1,pattern2,correct,luna,3,next-action,0
Pendulum-v1,pattern2,correct,luna,3,last-action,0
Pendulum-v1,pattern2,correct,luna,4,next-action,0
Pendulum-v1,pattern2,correct,luna,4,last-action,0
Pendulum-v1,pattern2,correct,3.5,1,next-action,0
Pendulum-v1,pattern2,correct,3.5,1,last-action,0
Pendulum-v1,pattern2,correct,3.5,2,next-action,0
Pendulum-v1,pattern2,correct,3.5,2,last-action,2
Pendulum-v1,pattern2,correct,3.5,3,next-action,0
Pendulum-v1,pattern2,correct,3.5,3,last-action,0
Pendulum-v1,pattern2,correct,3.5,4,next-action,0
Pendulum-v1,pattern2,correct,3.5,4,last-action,0
Pendulum-v1,pattern2,incorrect,sol,1,next-action,0
Pendulum-v1,pattern2,incorrect,sol,1,last-action,0
Pendulum-v1,pattern2,incorrect,sol,2,next-action,0
Pendulum-v1,pattern2,incorrect,sol,2,last-action,0
Pendulum-v1,pattern2,incorrect,sol,3,next-action,1
Pendulum-v1,pattern2,incorrect,sol,3,last-action,0
Pendulum-v1,pattern2,incorrect,sol,4,next-action,0
Pendulum-v1,pattern2,incorrect,sol,4,last-action,0
Pendulum-v1,pattern2,incorrect,terra,1,next-action,0
Pendulum-v1,pattern2,incorrect,terra,1,last-action,0
Pendulum-v1,pattern2,incorrect,terra,2,next-action,0
Pendulum-v1,pattern2,incorrect,terra,2,last-action,0
Pendulum-v1,pattern2,incorrect,terra,3,next-action,1
Pendulum-v1,pattern2,incorrect,terra,3,last-action,0
Pendulum-v1,pattern2,incorrect,terra,4,next-action,0
Pendulum-v1,pattern2,incorrect,terra,4,last-action,0
Pendulum-v1,pattern2,incorrect,luna,1,next-action,0
Pendulum-v1,pattern2,incorrect,luna,1,last-action,0
Pendulum-v1,pattern2,incorrect,luna,2,next-action,0
Pendulum-v1,pattern2,incorrect,luna,2,last-action,0
Pendulum-v1,pattern2,incorrect,luna,3,next-action,2
Pendulum-v1,pattern2,incorrect,luna,3,last-action,0
Pendulum-v1,pattern2,incorrect,luna,4,next-action,0
Pendulum-v1,pattern2,incorrect,luna,4,last-action,0
Pendulum-v1,pattern2,incorrect,3.5,1,next-action,0
Pendulum-v1,pattern2,incorrect,3.5,1,last-action,0
Pendulum-v1,pattern2,incorrect,3.5,2,next-action,0
Pendulum-v1,pattern2,incorrect,3.5,2,last-action,0
Pendulum-v1,pattern2,incorrect,3.5,3,next-action,2
Pendulum-v1,pattern2,incorrect,3.5,3,last-action,0
Pendulum-v1,pattern2,incorrect,3.5,4,next-action,0
Pendulum-v1,pattern2,incorrect,3.5,4,last-action,0
