task,model,example_type,requested_score,requested_count,selected_count,missing,available_next,available_last,selected_next,selected_last,fallback_count,actual_score_counts
Pendulum-v1,sol,correct,1,3,3,0,0,26,0,3,0,"{""1"": 3}"
Pendulum-v1,sol,correct,2,3,3,0,8,14,3,0,0,"{""2"": 3}"
Pendulum-v1,sol,incorrect,3,3,3,0,13,0,3,0,0,"{""3"": 3}"
Pendulum-v1,sol,incorrect,4,3,1,2,1,0,1,0,0,"{""4"": 1}"
Pendulum-v1,terra,correct,1,3,3,0,0,10,0,3,0,"{""1"": 3}"
Pendulum-v1,terra,correct,2,3,3,0,5,30,3,0,0,"{""2"": 3}"
Pendulum-v1,terra,incorrect,3,3,3,0,16,0,3,0,0,"{""3"": 3}"
Pendulum-v1,terra,incorrect,4,3,0,3,0,0,0,0,0,{}
Pendulum-v1,luna,correct,1,3,3,0,0,16,0,3,0,"{""1"": 3}"
Pendulum-v1,luna,correct,2,3,3,0,4,23,3,0,0,"{""2"": 3}"
Pendulum-v1,luna,incorrect,3,3,3,0,14,0,3,0,0,"{""3"": 3}"
Pendulum-v1,luna,incorrect,4,3,3,0,3,0,3,0,0,"{""4"": 3}"
Pendulum-v1,3.5,correct,1,3,0,3,0,0,0,0,0,{}
Pendulum-v1,3.5,correct,2,3,3,0,0,9,0,3,0,"{""2"": 3}"
Pendulum-v1,3.5,incorrect,3,3,3,0,49,23,3,0,0,"{""3"": 3}"
Pendulum-v1,3.5,incorrect,4,3,3,0,45,43,3,0,0,"{""4"": 3}"
MountainCar-v0,sol,correct,1,3,3,0,0,40,0,3,0,"{""1"": 3}"
MountainCar-v0,sol,correct,2,3,3,0,24,0,3,0,0,"{""2"": 3}"
MountainCar-v0,sol,incorrect,3,3,1,2,1,0,1,0,0,"{""3"": 1}"
MountainCar-v0,sol,incorrect,4,3,0,3,0,0,0,0,0,{}
MountainCar-v0,terra,correct,1,3,3,0,0,33,0,3,0,"{""1"": 3}"
MountainCar-v0,terra,correct,2,3,3,0,23,7,3,0,0,"{""2"": 3}"
MountainCar-v0,terra,incorrect,3,3,1,2,1,0,1,0,0,"{""3"": 1}"
MountainCar-v0,terra,incorrect,4,3,0,3,0,0,0,0,0,{}
MountainCar-v0,luna,correct,1,3,3,0,0,34,0,3,0,"{""1"": 3}"
MountainCar-v0,luna,correct,2,3,3,0,10,2,3,0,0,"{""2"": 3}"
MountainCar-v0,luna,incorrect,3,3,3,0,6,0,3,0,0,"{""3"": 3}"
MountainCar-v0,luna,incorrect,4,3,2,1,2,0,2,0,0,"{""4"": 2}"
MountainCar-v0,3.5,correct,1,3,0,3,0,0,0,0,0,{}
MountainCar-v0,3.5,correct,2,3,3,0,19,0,3,0,0,"{""2"": 3}"
MountainCar-v0,3.5,incorrect,3,3,3,0,11,0,3,0,0,"{""3"": 3}"
MountainCar-v0,3.5,incorrect,4,3,3,0,0,52,0,3,0,"{""4"": 3}"
