model,score,metric,measure,value,n_total,n_valid,n_excluded,na_reason
3.5,1,last-action,bin_accuracy,,0,0,0,no_samples
3.5,1,next-action,bin_accuracy,,0,0,0,no_samples
3.5,2,last-action,bin_accuracy,21.951219512195124,41,41,0,
3.5,2,next-action,bin_accuracy,0.0,5,5,0,
3.5,3,last-action,bin_accuracy,14.814814814814813,27,27,0,
3.5,3,next-action,bin_accuracy,12.5,56,56,0,
3.5,4,last-action,bin_accuracy,14.000000000000002,52,50,2,
3.5,4,next-action,bin_accuracy,22.413793103448278,59,58,1,
3.5,1,last-action,bin_mae,,0,0,0,no_samples
3.5,1,next-action,bin_mae,,0,0,0,no_samples
3.5,2,last-action,bin_mae,1.975609756097561,41,41,0,
3.5,2,next-action,bin_mae,3.4,5,5,0,
3.5,3,last-action,bin_mae,2.185185185185185,27,27,0,
3.5,3,next-action,bin_mae,3.017857142857143,56,56,0,
3.5,4,last-action,bin_mae,2.72,52,50,2,
3.5,4,next-action,bin_mae,2.5172413793103448,59,58,1,
3.5,1,last-action,nrmse,,0,0,0,no_samples
3.5,1,next-action,nrmse,,0,0,0,no_samples
3.5,2,last-action,nrmse,0.27785451512755766,41,41,0,
3.5,2,next-action,nrmse,0.358905364374619,5,5,0,
3.5,3,last-action,nrmse,0.28502454220186235,27,27,0,
3.5,3,next-action,nrmse,0.39273751239634136,56,56,0,
3.5,4,last-action,nrmse,0.3464799396413983,52,48,4,
3.5,4,next-action,nrmse,0.34358952457829156,59,53,6,
3.5,1,last-action,pearson,,0,0,0,no_samples
3.5,1,next-action,pearson,,0,0,0,no_samples
3.5,2,last-action,pearson,0.38553742338216884,41,41,0,
3.5,2,next-action,pearson,-0.21641998759490771,5,5,0,
3.5,3,last-action,pearson,0.2777862738725188,27,27,0,
3.5,3,next-action,pearson,-0.15164695522582589,56,56,0,
3.5,4,last-action,pearson,0.07224351982404663,52,48,4,
3.5,4,next-action,pearson,-0.12660402391352057,59,53,6,
3.5,1,last-action,cosine,,0,0,0,no_samples
3.5,1,next-action,cosine,,0,0,0,no_samples
3.5,2,last-action,cosine,0.35945586473784064,41,41,0,
3.5,2,next-action,cosine,0.21601173162091813,5,5,0,
3.5,3,last-action,cosine,0.29507696311576703,27,27,0,
3.5,3,next-action,cosine,-0.15440082781333112,56,56,0,
3.5,4,last-action,cosine,0.1034741595631717,52,48,4,
3.5,4,next-action,cosine,-0.0015185072631284826,59,53,6,
luna,1,last-action,bin_accuracy,100.0,16,16,0,
luna,1,next-action,bin_accuracy,,0,0,0,no_samples
luna,2,last-action,bin_accuracy,95.83333333333334,24,24,0,
luna,2,next-action,bin_accuracy,25.0,16,16,0,
luna,3,last-action,bin_accuracy,,0,0,0,no_samples
luna,3,next-action,bin_accuracy,33.33333333333333,21,21,0,
luna,4,last-action,bin_accuracy,,0,0,0,no_samples
luna,4,next-action,bin_accuracy,0.0,3,3,0,
luna,1,last-action,bin_mae,0.0,16,16,0,
luna,1,next-action,bin_mae,,0,0,0,no_samples
luna,2,last-action,bin_mae,0.041666666666666664,24,24,0,
luna,2,next-action,bin_mae,1.1875,16,16,0,
luna,3,last-action,bin_mae,,0,0,0,no_samples
luna,3,next-action,bin_mae,1.619047619047619,21,21,0,
luna,4,last-action,bin_mae,,0,0,0,no_samples
luna,4,next-action,bin_mae,3.0,3,3,0,
luna,1,last-action,nrmse,0.008939400628144223,16,16,0,
luna,1,next-action,nrmse,,0,0,0,no_samples
luna,2,last-action,nrmse,0.031964622937146005,24,24,0,
luna,2,next-action,nrmse,0.1776673946579702,16,16,0,
luna,3,last-action,nrmse,,0,0,0,no_samples
luna,3,next-action,nrmse,0.2834946696687107,21,21,0,
luna,4,last-action,nrmse,,0,0,0,no_samples
luna,4,next-action,nrmse,0.3153375846841837,3,3,0,
luna,1,last-action,pearson,0.9997000339947284,16,16,0,
luna,1,next-action,pearson,,0,0,0,no_samples
luna,2,last-action,pearson,0.9958571045418263,24,24,0,
luna,2,next-action,pearson,0.8002227628810278,16,16,0,
luna,3,last-action,pearson,,0,0,0,no_samples
luna,3,next-action,pearson,0.5894715340293045,21,21,0,
luna,4,last-action,pearson,,0,0,0,no_samples
luna,4,next-action,pearson,0.9762210399274297,3,3,0,
luna,1,last-action,cosine,0.9996902307483444,16,16,0,
luna,1,next-action,cosine,,0,0,0,no_samples
luna,2,last-action,cosine,0.9949893489085565,24,24,0,
luna,2,next-action,cosine,0.8328813338527943,16,16,0,
luna,3,last-action,cosine,,0,0,0,no_samples
luna,3,next-action,cosine,0.5743115496216536,21,21,0,
luna,4,last-action,cosine,,0,0,0,no_samples
luna,4,next-action,cosine,0.5786645527992598,3,3,0,
terra,1,last-action,bin_accuracy,100.0,10,10,0,
terra,1,next-action,bin_accuracy,,0,0,0,no_samples
terra,2,last-action,bin_accuracy,100.0,30,30,0,
terra,2,next-action,bin_accuracy,31.25,16,16,0,
terra,3,last-action,bin_accuracy,,0,0,0,no_samples
terra,3,next-action,bin_accuracy,30.434782608695656,23,23,0,
terra,4,last-action,bin_accuracy,,0,0,0,no_samples
terra,4,next-action,bin_accuracy,100.0,1,1,0,
terra,1,last-action,bin_mae,0.0,10,10,0,
terra,1,next-action,bin_mae,,0,0,0,no_samples
terra,2,last-action,bin_mae,0.0,30,30,0,
terra,2,next-action,bin_mae,1.0,16,16,0,
terra,3,last-action,bin_mae,,0,0,0,no_samples
terra,3,next-action,bin_mae,1.4782608695652173,23,23,0,
terra,4,last-action,bin_mae,,0,0,0,no_samples
terra,4,next-action,bin_mae,0.0,1,1,0,
terra,1,last-action,nrmse,0.0010008129626368396,10,10,0,
terra,1,next-action,nrmse,,0,0,0,no_samples
terra,2,last-action,nrmse,0.0009480495806208978,30,30,0,
terra,2,next-action,nrmse,0.15998204687158074,16,16,0,
terra,3,last-action,nrmse,,0,0,0,no_samples
terra,3,next-action,nrmse,0.2388161654199969,23,23,0,
terra,4,last-action,nrmse,,0,0,0,no_samples
terra,4,next-action,nrmse,0.0956401526927948,1,1,0,
terra,1,last-action,pearson,0.9999959627620821,10,10,0,
terra,1,next-action,pearson,,0,0,0,no_samples
terra,2,last-action,pearson,0.9999959313935574,30,30,0,
terra,2,next-action,pearson,0.8864438350309708,16,16,0,
terra,3,last-action,pearson,,0,0,0,no_samples
terra,3,next-action,pearson,0.7030023728920614,23,23,0,
terra,4,last-action,pearson,,0,0,0,no_samples
terra,4,next-action,pearson,,1,1,0,fewer_than_two_pairs
terra,1,last-action,cosine,0.9999966724768792,10,10,0,
terra,1,next-action,cosine,,0,0,0,no_samples
terra,2,last-action,cosine,0.9999956036768196,30,30,0,
terra,2,next-action,cosine,0.887142406930158,16,16,0,
terra,3,last-action,cosine,,0,0,0,no_samples
terra,3,next-action,cosine,0.6911856080841596,23,23,0,
terra,4,last-action,cosine,,0,0,0,no_samples
terra,4,next-action,cosine,1.0,1,1,0,
sol,1,last-action,bin_accuracy,100.0,26,26,0,
sol,1,next-action,bin_accuracy,,0,0,0,no_samples
sol,2,last-action,bin_accuracy,100.0,14,14,0,
sol,2,next-action,bin_accuracy,42.10526315789473,19,19,0,
sol,3,last-action,bin_accuracy,,0,0,0,no_samples
sol,3,next-action,bin_accuracy,31.57894736842105,19,19,0,
sol,4,last-action,bin_accuracy,,0,0,0,no_samples
sol,4,next-action,bin_accuracy,50.0,2,2,0,
sol,1,last-action,bin_mae,0.0,26,26,0,
sol,1,next-action,bin_mae,,0,0,0,no_samples
sol,2,last-action,bin_mae,0.0,14,14,0,
sol,2,next-action,bin_mae,0.9473684210526315,19,19,0,
sol,3,last-action,bin_mae,,0,0,0,no_samples
sol,3,next-action,bin_mae,1.4210526315789473,19,19,0,
sol,4,last-action,bin_mae,,0,0,0,no_samples
sol,4,next-action,bin_mae,2.0,2,2,0,
sol,1,last-action,nrmse,0.0007133811716624662,26,26,0,
sol,1,next-action,nrmse,,0,0,0,no_samples
sol,2,last-action,nrmse,0.000578980373639987,14,14,0,
sol,2,next-action,nrmse,0.16175834109941425,19,19,0,
sol,3,last-action,nrmse,,0,0,0,no_samples
sol,3,next-action,nrmse,0.20815655963350332,19,19,0,
sol,4,last-action,nrmse,,0,0,0,no_samples
sol,4,next-action,nrmse,0.3045998782453967,2,2,0,
sol,1,last-action,pearson,0.9999973962483815,26,26,0,
sol,1,next-action,pearson,,0,0,0,no_samples
sol,2,last-action,pearson,0.9999988135367959,14,14,0,
sol,2,next-action,pearson,0.8734115614344943,19,19,0,
sol,3,last-action,pearson,,0,0,0,no_samples
sol,3,next-action,pearson,0.7768420116269035,19,19,0,
sol,4,last-action,pearson,,0,0,0,no_samples
sol,4,next-action,pearson,0.9999999999999998,2,2,0,
sol,1,last-action,cosine,0.9999974879346099,26,26,0,
sol,1,next-action,cosine,,0,0,0,no_samples
sol,2,last-action,cosine,0.9999988155714075,14,14,0,
sol,2,next-action,cosine,0.8793004763646893,19,19,0,
sol,3,last-action,cosine,,0,0,0,no_samples
sol,3,next-action,cosine,0.7583718586911329,19,19,0,
sol,4,last-action,cosine,,0,0,0,no_samples
sol,4,next-action,cosine,0.6623226705808108,2,2,0,
all,1,last-action,bin_accuracy,100.0,52,52,0,
all,1,next-action,bin_accuracy,,0,0,0,no_samples
all,2,last-action,bin_accuracy,69.72477064220183,109,109,0,
all,2,next-action,bin_accuracy,30.357142857142854,56,56,0,
all,3,last-action,bin_accuracy,14.814814814814813,27,27,0,
all,3,next-action,bin_accuracy,22.689075630252102,119,119,0,
all,4,last-action,bin_accuracy,14.000000000000002,52,50,2,
all,4,next-action,bin_accuracy,23.4375,65,64,1,
all,1,last-action,bin_mae,0.0,52,52,0,
all,1,next-action,bin_mae,,0,0,0,no_samples
all,2,last-action,bin_mae,0.7522935779816514,109,109,0,
all,2,next-action,bin_mae,1.25,56,56,0,
all,3,last-action,bin_mae,2.185185185185185,27,27,0,
all,3,next-action,bin_mae,2.2184873949579833,119,119,0,
all,4,last-action,bin_mae,2.72,52,50,2,
all,4,next-action,bin_mae,2.484375,65,64,1,
all,1,last-action,nrmse,0.005003564370694252,52,52,0,
all,1,next-action,nrmse,,0,0,0,no_samples
all,2,last-action,nrmse,0.17107007369726757,109,109,0,
all,2,next-action,nrmse,0.19159919546720955,56,56,0,
all,3,last-action,nrmse,0.28502454220186235,27,27,0,
all,3,next-action,nrmse,0.3235876175209276,119,119,0,
all,4,last-action,nrmse,0.3464799396413983,52,48,4,
all,4,next-action,nrmse,0.3382375040998312,65,59,6,
all,1,last-action,pearson,0.9998795767930141,52,52,0,
all,1,next-action,pearson,,0,0,0,no_samples
all,2,last-action,pearson,0.8354516305851314,109,109,0,
all,2,next-action,pearson,0.8004623681745526,56,56,0,
all,3,last-action,pearson,0.2777862738725188,27,27,0,
all,3,next-action,pearson,0.3467345043018343,119,119,0,
all,4,last-action,pearson,0.07224351982404663,52,48,4,
all,4,next-action,pearson,-0.010084865680057833,65,59,6,
all,1,last-action,cosine,0.9998874295255288,52,52,0,
all,1,next-action,cosine,,0,0,0,no_samples
all,2,last-action,cosine,0.8323513689634832,109,109,0,
all,2,next-action,cosine,0.8211596905533131,56,56,0,
all,3,last-action,cosine,0.29507696311576703,27,27,0,
all,3,next-action,cosine,0.34843500076560263,119,119,0,
all,4,last-action,cosine,0.1034741595631717,52,48,4,
all,4,next-action,cosine,0.11846767566514241,65,59,6,
