task,metric,H,condition_id,subset_n,selected_n,component,dimension,valid_n,parse_success_rate,metric_name,value,std,na_reason,valid_units,correct_units,accuracy_all_selected
MountainCar-v0,last-action,10,3.5__MountainCar-v0__last-action__H10,10,10,action,all,9,90.0,accuracy,44.44444444444444,,,9,4,40.0
MountainCar-v0,last-action,10,3.5__MountainCar-v0__last-action__H10,20,20,action,all,19,95.0,accuracy,57.89473684210526,,,19,11,55.0
MountainCar-v0,last-action,10,3.5__MountainCar-v0__last-action__H10,30,30,action,all,29,96.66666666666667,accuracy,51.724137931034484,,,29,15,50.0
MountainCar-v0,last-action,20,3.5__MountainCar-v0__last-action__H20,10,10,action,all,10,100.0,accuracy,50.0,,,10,5,50.0
MountainCar-v0,last-action,20,3.5__MountainCar-v0__last-action__H20,20,20,action,all,20,100.0,accuracy,50.0,,,20,10,50.0
MountainCar-v0,last-action,20,3.5__MountainCar-v0__last-action__H20,30,30,action,all,30,100.0,accuracy,53.333333333333336,,,30,16,53.333333333333336
MountainCar-v0,last-action,30,3.5__MountainCar-v0__last-action__H30,10,10,action,all,9,90.0,accuracy,77.77777777777777,,,9,7,70.0
MountainCar-v0,last-action,30,3.5__MountainCar-v0__last-action__H30,20,20,action,all,19,95.0,accuracy,57.89473684210526,,,19,11,55.0
MountainCar-v0,last-action,30,3.5__MountainCar-v0__last-action__H30,30,30,action,all,29,96.66666666666667,accuracy,58.62068965517241,,,29,17,56.666666666666664
MountainCar-v0,last-action,5,3.5__MountainCar-v0__last-action__H5,10,10,action,all,10,100.0,accuracy,80.0,,,10,8,80.0
MountainCar-v0,last-action,5,3.5__MountainCar-v0__last-action__H5,20,20,action,all,20,100.0,accuracy,65.0,,,20,13,65.0
MountainCar-v0,last-action,5,3.5__MountainCar-v0__last-action__H5,30,30,action,all,30,100.0,accuracy,60.0,,,30,18,60.0
MountainCar-v0,last-state,10,3.5__MountainCar-v0__last-state__H10,10,10,direction,all,10,100.0,accuracy,30.0,,,20,6,30.0
MountainCar-v0,last-state,10,3.5__MountainCar-v0__last-state__H10,20,20,direction,all,20,100.0,accuracy,30.0,,,40,12,30.0
MountainCar-v0,last-state,10,3.5__MountainCar-v0__last-state__H10,30,30,direction,all,30,100.0,accuracy,38.333333333333336,,,60,23,38.333333333333336
MountainCar-v0,last-state,20,3.5__MountainCar-v0__last-state__H20,10,10,direction,all,10,100.0,accuracy,50.0,,,20,10,50.0
MountainCar-v0,last-state,20,3.5__MountainCar-v0__last-state__H20,20,20,direction,all,20,100.0,accuracy,50.0,,,40,20,50.0
MountainCar-v0,last-state,20,3.5__MountainCar-v0__last-state__H20,30,30,direction,all,30,100.0,accuracy,48.333333333333336,,,60,29,48.333333333333336
MountainCar-v0,last-state,30,3.5__MountainCar-v0__last-state__H30,10,10,direction,all,10,100.0,accuracy,55.0,,,20,11,55.0
MountainCar-v0,last-state,30,3.5__MountainCar-v0__last-state__H30,20,20,direction,all,20,100.0,accuracy,55.0,,,40,22,55.0
MountainCar-v0,last-state,30,3.5__MountainCar-v0__last-state__H30,30,30,direction,all,30,100.0,accuracy,51.666666666666664,,,60,31,51.666666666666664
MountainCar-v0,last-state,5,3.5__MountainCar-v0__last-state__H5,10,10,direction,all,10,100.0,accuracy,60.0,,,20,12,60.0
MountainCar-v0,last-state,5,3.5__MountainCar-v0__last-state__H5,20,20,direction,all,19,95.0,accuracy,65.78947368421052,,,38,25,62.5
MountainCar-v0,last-state,5,3.5__MountainCar-v0__last-state__H5,30,30,direction,all,29,96.66666666666667,accuracy,62.06896551724138,,,58,36,60.0
MountainCar-v0,next-action,10,3.5__MountainCar-v0__next-action__H10,10,10,action,all,10,100.0,accuracy,70.0,,,10,7,70.0
MountainCar-v0,next-action,10,3.5__MountainCar-v0__next-action__H10,20,20,action,all,20,100.0,accuracy,70.0,,,20,14,70.0
MountainCar-v0,next-action,10,3.5__MountainCar-v0__next-action__H10,30,30,action,all,30,100.0,accuracy,66.66666666666667,,,30,20,66.66666666666667
MountainCar-v0,next-action,20,3.5__MountainCar-v0__next-action__H20,10,10,action,all,10,100.0,accuracy,90.0,,,10,9,90.0
MountainCar-v0,next-action,20,3.5__MountainCar-v0__next-action__H20,20,20,action,all,20,100.0,accuracy,85.0,,,20,17,85.0
MountainCar-v0,next-action,20,3.5__MountainCar-v0__next-action__H20,30,30,action,all,30,100.0,accuracy,86.66666666666667,,,30,26,86.66666666666667
MountainCar-v0,next-action,30,3.5__MountainCar-v0__next-action__H30,10,10,action,all,10,100.0,accuracy,100.0,,,10,10,100.0
MountainCar-v0,next-action,30,3.5__MountainCar-v0__next-action__H30,20,20,action,all,20,100.0,accuracy,85.0,,,20,17,85.0
MountainCar-v0,next-action,30,3.5__MountainCar-v0__next-action__H30,30,30,action,all,30,100.0,accuracy,83.33333333333333,,,30,25,83.33333333333333
MountainCar-v0,next-action,5,3.5__MountainCar-v0__next-action__H5,10,10,action,all,10,100.0,accuracy,70.0,,,10,7,70.0
MountainCar-v0,next-action,5,3.5__MountainCar-v0__next-action__H5,20,20,action,all,20,100.0,accuracy,80.0,,,20,16,80.0
MountainCar-v0,next-action,5,3.5__MountainCar-v0__next-action__H5,30,30,action,all,30,100.0,accuracy,73.33333333333333,,,30,22,73.33333333333333
MountainCar-v0,next-state,10,3.5__MountainCar-v0__next-state__H10,10,10,direction,all,10,100.0,accuracy,85.0,,,20,17,85.0
MountainCar-v0,next-state,10,3.5__MountainCar-v0__next-state__H10,20,20,direction,all,20,100.0,accuracy,82.5,,,40,33,82.5
MountainCar-v0,next-state,10,3.5__MountainCar-v0__next-state__H10,30,30,direction,all,30,100.0,accuracy,81.66666666666667,,,60,49,81.66666666666667
MountainCar-v0,next-state,20,3.5__MountainCar-v0__next-state__H20,10,10,direction,all,10,100.0,accuracy,70.0,,,20,14,70.0
MountainCar-v0,next-state,20,3.5__MountainCar-v0__next-state__H20,20,20,direction,all,20,100.0,accuracy,77.5,,,40,31,77.5
MountainCar-v0,next-state,20,3.5__MountainCar-v0__next-state__H20,30,30,direction,all,30,100.0,accuracy,71.66666666666667,,,60,43,71.66666666666667
MountainCar-v0,next-state,30,3.5__MountainCar-v0__next-state__H30,10,10,direction,all,10,100.0,accuracy,70.0,,,20,14,70.0
MountainCar-v0,next-state,30,3.5__MountainCar-v0__next-state__H30,20,20,direction,all,20,100.0,accuracy,65.0,,,40,26,65.0
MountainCar-v0,next-state,30,3.5__MountainCar-v0__next-state__H30,30,30,direction,all,30,100.0,accuracy,68.33333333333333,,,60,41,68.33333333333333
MountainCar-v0,next-state,5,3.5__MountainCar-v0__next-state__H5,10,10,direction,all,9,90.0,accuracy,66.66666666666667,,,18,12,60.0
MountainCar-v0,next-state,5,3.5__MountainCar-v0__next-state__H5,20,20,direction,all,19,95.0,accuracy,76.3157894736842,,,38,29,72.5
MountainCar-v0,next-state,5,3.5__MountainCar-v0__next-state__H5,30,30,direction,all,29,96.66666666666667,accuracy,77.58620689655173,,,58,45,75.0
Pendulum-v1,last-action,10,3.5__Pendulum-v1__last-action__H10,10,10,action_bin,all,9,90.0,accuracy,33.333333333333336,,,9,3,30.0
Pendulum-v1,last-action,10,3.5__Pendulum-v1__last-action__H10,10,10,action_bin,all,9,90.0,bin_mae,1.6666666666666667,,,,,
Pendulum-v1,last-action,10,3.5__Pendulum-v1__last-action__H10,20,20,action_bin,all,19,95.0,accuracy,15.789473684210526,,,19,3,15.0
Pendulum-v1,last-action,10,3.5__Pendulum-v1__last-action__H10,20,20,action_bin,all,19,95.0,bin_mae,3.0,,,,,
Pendulum-v1,last-action,10,3.5__Pendulum-v1__last-action__H10,30,30,action_bin,all,29,96.66666666666667,accuracy,17.24137931034483,,,29,5,16.666666666666668
Pendulum-v1,last-action,10,3.5__Pendulum-v1__last-action__H10,30,30,action_bin,all,29,96.66666666666667,bin_mae,3.103448275862069,,,,,
Pendulum-v1,last-action,20,3.5__Pendulum-v1__last-action__H20,10,10,action_bin,all,10,100.0,accuracy,40.0,,,10,4,40.0
Pendulum-v1,last-action,20,3.5__Pendulum-v1__last-action__H20,10,10,action_bin,all,10,100.0,bin_mae,1.1,,,,,
Pendulum-v1,last-action,20,3.5__Pendulum-v1__last-action__H20,20,20,action_bin,all,20,100.0,accuracy,35.0,,,20,7,35.0
Pendulum-v1,last-action,20,3.5__Pendulum-v1__last-action__H20,20,20,action_bin,all,20,100.0,bin_mae,1.25,,,,,
Pendulum-v1,last-action,20,3.5__Pendulum-v1__last-action__H20,30,30,action_bin,all,29,96.66666666666667,accuracy,27.586206896551722,,,29,8,26.666666666666668
Pendulum-v1,last-action,20,3.5__Pendulum-v1__last-action__H20,30,30,action_bin,all,29,96.66666666666667,bin_mae,1.6551724137931034,,,,,
Pendulum-v1,last-action,30,3.5__Pendulum-v1__last-action__H30,10,10,action_bin,all,10,100.0,accuracy,30.0,,,10,3,30.0
Pendulum-v1,last-action,30,3.5__Pendulum-v1__last-action__H30,10,10,action_bin,all,10,100.0,bin_mae,1.5,,,,,
Pendulum-v1,last-action,30,3.5__Pendulum-v1__last-action__H30,20,20,action_bin,all,20,100.0,accuracy,20.0,,,20,4,20.0
Pendulum-v1,last-action,30,3.5__Pendulum-v1__last-action__H30,20,20,action_bin,all,20,100.0,bin_mae,1.65,,,,,
Pendulum-v1,last-action,30,3.5__Pendulum-v1__last-action__H30,30,30,action_bin,all,30,100.0,accuracy,16.666666666666668,,,30,5,16.666666666666668
Pendulum-v1,last-action,30,3.5__Pendulum-v1__last-action__H30,30,30,action_bin,all,30,100.0,bin_mae,1.7666666666666666,,,,,
Pendulum-v1,last-action,5,3.5__Pendulum-v1__last-action__H5,10,10,action_bin,all,10,100.0,accuracy,0.0,,,10,0,0.0
Pendulum-v1,last-action,5,3.5__Pendulum-v1__last-action__H5,10,10,action_bin,all,10,100.0,bin_mae,2.6,,,,,
Pendulum-v1,last-action,5,3.5__Pendulum-v1__last-action__H5,20,20,action_bin,all,20,100.0,accuracy,0.0,,,20,0,0.0
Pendulum-v1,last-action,5,3.5__Pendulum-v1__last-action__H5,20,20,action_bin,all,20,100.0,bin_mae,3.1,,,,,
Pendulum-v1,last-action,5,3.5__Pendulum-v1__last-action__H5,30,30,action_bin,all,30,100.0,accuracy,6.666666666666667,,,30,2,6.666666666666667
Pendulum-v1,last-action,5,3.5__Pendulum-v1__last-action__H5,30,30,action_bin,all,30,100.0,bin_mae,2.8333333333333335,,,,,
Pendulum-v1,last-state,10,3.5__Pendulum-v1__last-state__H10,10,10,direction,all,10,100.0,accuracy,30.0,,,30,9,30.0
Pendulum-v1,last-state,10,3.5__Pendulum-v1__last-state__H10,20,20,direction,all,20,100.0,accuracy,35.0,,,60,21,35.0
Pendulum-v1,last-state,10,3.5__Pendulum-v1__last-state__H10,30,30,direction,all,29,96.66666666666667,accuracy,37.93103448275862,,,87,33,36.666666666666664
Pendulum-v1,last-state,20,3.5__Pendulum-v1__last-state__H20,10,10,direction,all,10,100.0,accuracy,30.0,,,30,9,30.0
Pendulum-v1,last-state,20,3.5__Pendulum-v1__last-state__H20,20,20,direction,all,20,100.0,accuracy,33.333333333333336,,,60,20,33.333333333333336
Pendulum-v1,last-state,20,3.5__Pendulum-v1__last-state__H20,30,30,direction,all,28,93.33333333333333,accuracy,33.333333333333336,,,84,28,31.11111111111111
Pendulum-v1,last-state,30,3.5__Pendulum-v1__last-state__H30,10,10,direction,all,10,100.0,accuracy,20.0,,,30,6,20.0
Pendulum-v1,last-state,30,3.5__Pendulum-v1__last-state__H30,20,20,direction,all,20,100.0,accuracy,26.666666666666668,,,60,16,26.666666666666668
Pendulum-v1,last-state,30,3.5__Pendulum-v1__last-state__H30,30,30,direction,all,30,100.0,accuracy,30.0,,,90,27,30.0
Pendulum-v1,last-state,5,3.5__Pendulum-v1__last-state__H5,10,10,direction,all,9,90.0,accuracy,44.44444444444444,,,27,12,40.0
Pendulum-v1,last-state,5,3.5__Pendulum-v1__last-state__H5,20,20,direction,all,18,90.0,accuracy,46.2962962962963,,,54,25,41.666666666666664
Pendulum-v1,last-state,5,3.5__Pendulum-v1__last-state__H5,30,30,direction,all,26,86.66666666666667,accuracy,43.58974358974359,,,78,34,37.77777777777778
Pendulum-v1,next-action,10,3.5__Pendulum-v1__next-action__H10,10,10,action_bin,all,9,90.0,accuracy,11.11111111111111,,,9,1,10.0
Pendulum-v1,next-action,10,3.5__Pendulum-v1__next-action__H10,10,10,action_bin,all,9,90.0,bin_mae,2.2222222222222223,,,,,
Pendulum-v1,next-action,10,3.5__Pendulum-v1__next-action__H10,20,20,action_bin,all,19,95.0,accuracy,15.789473684210526,,,19,3,15.0
Pendulum-v1,next-action,10,3.5__Pendulum-v1__next-action__H10,20,20,action_bin,all,19,95.0,bin_mae,2.473684210526316,,,,,
Pendulum-v1,next-action,10,3.5__Pendulum-v1__next-action__H10,30,30,action_bin,all,29,96.66666666666667,accuracy,17.24137931034483,,,29,5,16.666666666666668
Pendulum-v1,next-action,10,3.5__Pendulum-v1__next-action__H10,30,30,action_bin,all,29,96.66666666666667,bin_mae,2.4827586206896552,,,,,
Pendulum-v1,next-action,20,3.5__Pendulum-v1__next-action__H20,10,10,action_bin,all,10,100.0,accuracy,20.0,,,10,2,20.0
Pendulum-v1,next-action,20,3.5__Pendulum-v1__next-action__H20,10,10,action_bin,all,10,100.0,bin_mae,3.1,,,,,
Pendulum-v1,next-action,20,3.5__Pendulum-v1__next-action__H20,20,20,action_bin,all,20,100.0,accuracy,10.0,,,20,2,10.0
Pendulum-v1,next-action,20,3.5__Pendulum-v1__next-action__H20,20,20,action_bin,all,20,100.0,bin_mae,3.1,,,,,
Pendulum-v1,next-action,20,3.5__Pendulum-v1__next-action__H20,30,30,action_bin,all,30,100.0,accuracy,10.0,,,30,3,10.0
Pendulum-v1,next-action,20,3.5__Pendulum-v1__next-action__H20,30,30,action_bin,all,30,100.0,bin_mae,3.2,,,,,
Pendulum-v1,next-action,30,3.5__Pendulum-v1__next-action__H30,10,10,action_bin,all,10,100.0,accuracy,40.0,,,10,4,40.0
Pendulum-v1,next-action,30,3.5__Pendulum-v1__next-action__H30,10,10,action_bin,all,10,100.0,bin_mae,1.5,,,,,
Pendulum-v1,next-action,30,3.5__Pendulum-v1__next-action__H30,20,20,action_bin,all,20,100.0,accuracy,25.0,,,20,5,25.0
Pendulum-v1,next-action,30,3.5__Pendulum-v1__next-action__H30,20,20,action_bin,all,20,100.0,bin_mae,2.2,,,,,
Pendulum-v1,next-action,30,3.5__Pendulum-v1__next-action__H30,30,30,action_bin,all,30,100.0,accuracy,23.333333333333332,,,30,7,23.333333333333332
Pendulum-v1,next-action,30,3.5__Pendulum-v1__next-action__H30,30,30,action_bin,all,30,100.0,bin_mae,2.2333333333333334,,,,,
Pendulum-v1,next-action,5,3.5__Pendulum-v1__next-action__H5,10,10,action_bin,all,10,100.0,accuracy,30.0,,,10,3,30.0
Pendulum-v1,next-action,5,3.5__Pendulum-v1__next-action__H5,10,10,action_bin,all,10,100.0,bin_mae,2.5,,,,,
Pendulum-v1,next-action,5,3.5__Pendulum-v1__next-action__H5,20,20,action_bin,all,20,100.0,accuracy,15.0,,,20,3,15.0
Pendulum-v1,next-action,5,3.5__Pendulum-v1__next-action__H5,20,20,action_bin,all,20,100.0,bin_mae,3.45,,,,,
Pendulum-v1,next-action,5,3.5__Pendulum-v1__next-action__H5,30,30,action_bin,all,30,100.0,accuracy,16.666666666666668,,,30,5,16.666666666666668
Pendulum-v1,next-action,5,3.5__Pendulum-v1__next-action__H5,30,30,action_bin,all,30,100.0,bin_mae,3.2333333333333334,,,,,
Pendulum-v1,next-state,10,3.5__Pendulum-v1__next-state__H10,10,10,direction,all,10,100.0,accuracy,33.333333333333336,,,30,10,33.333333333333336
Pendulum-v1,next-state,10,3.5__Pendulum-v1__next-state__H10,20,20,direction,all,19,95.0,accuracy,36.8421052631579,,,57,21,35.0
Pendulum-v1,next-state,10,3.5__Pendulum-v1__next-state__H10,30,30,direction,all,29,96.66666666666667,accuracy,40.229885057471265,,,87,35,38.888888888888886
Pendulum-v1,next-state,20,3.5__Pendulum-v1__next-state__H20,10,10,direction,all,10,100.0,accuracy,33.333333333333336,,,30,10,33.333333333333336
Pendulum-v1,next-state,20,3.5__Pendulum-v1__next-state__H20,20,20,direction,all,18,90.0,accuracy,29.62962962962963,,,54,16,26.666666666666668
Pendulum-v1,next-state,20,3.5__Pendulum-v1__next-state__H20,30,30,direction,all,28,93.33333333333333,accuracy,27.38095238095238,,,84,23,25.555555555555557
Pendulum-v1,next-state,30,3.5__Pendulum-v1__next-state__H30,10,10,direction,all,10,100.0,accuracy,30.0,,,30,9,30.0
Pendulum-v1,next-state,30,3.5__Pendulum-v1__next-state__H30,20,20,direction,all,20,100.0,accuracy,28.333333333333332,,,60,17,28.333333333333332
Pendulum-v1,next-state,30,3.5__Pendulum-v1__next-state__H30,30,30,direction,all,30,100.0,accuracy,31.11111111111111,,,90,28,31.11111111111111
Pendulum-v1,next-state,5,3.5__Pendulum-v1__next-state__H5,10,10,direction,all,9,90.0,accuracy,37.03703703703704,,,27,10,33.333333333333336
Pendulum-v1,next-state,5,3.5__Pendulum-v1__next-state__H5,20,20,direction,all,17,85.0,accuracy,37.254901960784316,,,51,19,31.666666666666668
Pendulum-v1,next-state,5,3.5__Pendulum-v1__next-state__H5,30,30,direction,all,26,86.66666666666667,accuracy,33.333333333333336,,,78,26,28.88888888888889
