task,metric,H,condition_id,subset_n,selected_n,component,dimension,valid_n,parse_success_rate,metric_name,value,std,na_reason,true_class,predicted_class,count,row_support,row_percentage
MountainCar-v0,last-action,10,3.5__MountainCar-v0__last-action__H10,10,10,action,all,9,90.0,,,,,0,0,4,9,44.44444444444444
MountainCar-v0,last-action,10,3.5__MountainCar-v0__last-action__H10,10,10,action,all,9,90.0,,,,,0,1,0,9,0.0
MountainCar-v0,last-action,10,3.5__MountainCar-v0__last-action__H10,10,10,action,all,9,90.0,,,,,0,2,5,9,55.55555555555556
MountainCar-v0,last-action,10,3.5__MountainCar-v0__last-action__H10,10,10,action,all,9,90.0,,,,,1,0,0,0,
MountainCar-v0,last-action,10,3.5__MountainCar-v0__last-action__H10,10,10,action,all,9,90.0,,,,,1,1,0,0,
MountainCar-v0,last-action,10,3.5__MountainCar-v0__last-action__H10,10,10,action,all,9,90.0,,,,,1,2,0,0,
MountainCar-v0,last-action,10,3.5__MountainCar-v0__last-action__H10,10,10,action,all,9,90.0,,,,,2,0,0,0,
MountainCar-v0,last-action,10,3.5__MountainCar-v0__last-action__H10,10,10,action,all,9,90.0,,,,,2,1,0,0,
MountainCar-v0,last-action,10,3.5__MountainCar-v0__last-action__H10,10,10,action,all,9,90.0,,,,,2,2,0,0,
MountainCar-v0,last-action,10,3.5__MountainCar-v0__last-action__H10,20,20,action,all,19,95.0,,,,,0,0,11,19,57.89473684210526
MountainCar-v0,last-action,10,3.5__MountainCar-v0__last-action__H10,20,20,action,all,19,95.0,,,,,0,1,0,19,0.0
MountainCar-v0,last-action,10,3.5__MountainCar-v0__last-action__H10,20,20,action,all,19,95.0,,,,,0,2,8,19,42.10526315789474
MountainCar-v0,last-action,10,3.5__MountainCar-v0__last-action__H10,20,20,action,all,19,95.0,,,,,1,0,0,0,
MountainCar-v0,last-action,10,3.5__MountainCar-v0__last-action__H10,20,20,action,all,19,95.0,,,,,1,1,0,0,
MountainCar-v0,last-action,10,3.5__MountainCar-v0__last-action__H10,20,20,action,all,19,95.0,,,,,1,2,0,0,
MountainCar-v0,last-action,10,3.5__MountainCar-v0__last-action__H10,20,20,action,all,19,95.0,,,,,2,0,0,0,
MountainCar-v0,last-action,10,3.5__MountainCar-v0__last-action__H10,20,20,action,all,19,95.0,,,,,2,1,0,0,
MountainCar-v0,last-action,10,3.5__MountainCar-v0__last-action__H10,20,20,action,all,19,95.0,,,,,2,2,0,0,
MountainCar-v0,last-action,10,3.5__MountainCar-v0__last-action__H10,30,30,action,all,29,96.66666666666667,,,,,0,0,15,27,55.55555555555556
MountainCar-v0,last-action,10,3.5__MountainCar-v0__last-action__H10,30,30,action,all,29,96.66666666666667,,,,,0,1,1,27,3.7037037037037037
MountainCar-v0,last-action,10,3.5__MountainCar-v0__last-action__H10,30,30,action,all,29,96.66666666666667,,,,,0,2,11,27,40.74074074074074
MountainCar-v0,last-action,10,3.5__MountainCar-v0__last-action__H10,30,30,action,all,29,96.66666666666667,,,,,1,0,0,2,0.0
MountainCar-v0,last-action,10,3.5__MountainCar-v0__last-action__H10,30,30,action,all,29,96.66666666666667,,,,,1,1,0,2,0.0
MountainCar-v0,last-action,10,3.5__MountainCar-v0__last-action__H10,30,30,action,all,29,96.66666666666667,,,,,1,2,2,2,100.0
MountainCar-v0,last-action,10,3.5__MountainCar-v0__last-action__H10,30,30,action,all,29,96.66666666666667,,,,,2,0,0,0,
MountainCar-v0,last-action,10,3.5__MountainCar-v0__last-action__H10,30,30,action,all,29,96.66666666666667,,,,,2,1,0,0,
MountainCar-v0,last-action,10,3.5__MountainCar-v0__last-action__H10,30,30,action,all,29,96.66666666666667,,,,,2,2,0,0,
MountainCar-v0,last-action,20,3.5__MountainCar-v0__last-action__H20,10,10,action,all,10,100.0,,,,,0,0,5,10,50.0
MountainCar-v0,last-action,20,3.5__MountainCar-v0__last-action__H20,10,10,action,all,10,100.0,,,,,0,1,1,10,10.0
MountainCar-v0,last-action,20,3.5__MountainCar-v0__last-action__H20,10,10,action,all,10,100.0,,,,,0,2,4,10,40.0
MountainCar-v0,last-action,20,3.5__MountainCar-v0__last-action__H20,10,10,action,all,10,100.0,,,,,1,0,0,0,
MountainCar-v0,last-action,20,3.5__MountainCar-v0__last-action__H20,10,10,action,all,10,100.0,,,,,1,1,0,0,
MountainCar-v0,last-action,20,3.5__MountainCar-v0__last-action__H20,10,10,action,all,10,100.0,,,,,1,2,0,0,
MountainCar-v0,last-action,20,3.5__MountainCar-v0__last-action__H20,10,10,action,all,10,100.0,,,,,2,0,0,0,
MountainCar-v0,last-action,20,3.5__MountainCar-v0__last-action__H20,10,10,action,all,10,100.0,,,,,2,1,0,0,
MountainCar-v0,last-action,20,3.5__MountainCar-v0__last-action__H20,10,10,action,all,10,100.0,,,,,2,2,0,0,
MountainCar-v0,last-action,20,3.5__MountainCar-v0__last-action__H20,20,20,action,all,20,100.0,,,,,0,0,10,20,50.0
MountainCar-v0,last-action,20,3.5__MountainCar-v0__last-action__H20,20,20,action,all,20,100.0,,,,,0,1,1,20,5.0
MountainCar-v0,last-action,20,3.5__MountainCar-v0__last-action__H20,20,20,action,all,20,100.0,,,,,0,2,9,20,45.0
MountainCar-v0,last-action,20,3.5__MountainCar-v0__last-action__H20,20,20,action,all,20,100.0,,,,,1,0,0,0,
MountainCar-v0,last-action,20,3.5__MountainCar-v0__last-action__H20,20,20,action,all,20,100.0,,,,,1,1,0,0,
MountainCar-v0,last-action,20,3.5__MountainCar-v0__last-action__H20,20,20,action,all,20,100.0,,,,,1,2,0,0,
MountainCar-v0,last-action,20,3.5__MountainCar-v0__last-action__H20,20,20,action,all,20,100.0,,,,,2,0,0,0,
MountainCar-v0,last-action,20,3.5__MountainCar-v0__last-action__H20,20,20,action,all,20,100.0,,,,,2,1,0,0,
MountainCar-v0,last-action,20,3.5__MountainCar-v0__last-action__H20,20,20,action,all,20,100.0,,,,,2,2,0,0,
MountainCar-v0,last-action,20,3.5__MountainCar-v0__last-action__H20,30,30,action,all,30,100.0,,,,,0,0,16,30,53.333333333333336
MountainCar-v0,last-action,20,3.5__MountainCar-v0__last-action__H20,30,30,action,all,30,100.0,,,,,0,1,1,30,3.3333333333333335
MountainCar-v0,last-action,20,3.5__MountainCar-v0__last-action__H20,30,30,action,all,30,100.0,,,,,0,2,13,30,43.333333333333336
MountainCar-v0,last-action,20,3.5__MountainCar-v0__last-action__H20,30,30,action,all,30,100.0,,,,,1,0,0,0,
MountainCar-v0,last-action,20,3.5__MountainCar-v0__last-action__H20,30,30,action,all,30,100.0,,,,,1,1,0,0,
MountainCar-v0,last-action,20,3.5__MountainCar-v0__last-action__H20,30,30,action,all,30,100.0,,,,,1,2,0,0,
MountainCar-v0,last-action,20,3.5__MountainCar-v0__last-action__H20,30,30,action,all,30,100.0,,,,,2,0,0,0,
MountainCar-v0,last-action,20,3.5__MountainCar-v0__last-action__H20,30,30,action,all,30,100.0,,,,,2,1,0,0,
MountainCar-v0,last-action,20,3.5__MountainCar-v0__last-action__H20,30,30,action,all,30,100.0,,,,,2,2,0,0,
MountainCar-v0,last-action,30,3.5__MountainCar-v0__last-action__H30,10,10,action,all,9,90.0,,,,,0,0,3,5,60.0
MountainCar-v0,last-action,30,3.5__MountainCar-v0__last-action__H30,10,10,action,all,9,90.0,,,,,0,1,0,5,0.0
MountainCar-v0,last-action,30,3.5__MountainCar-v0__last-action__H30,10,10,action,all,9,90.0,,,,,0,2,2,5,40.0
MountainCar-v0,last-action,30,3.5__MountainCar-v0__last-action__H30,10,10,action,all,9,90.0,,,,,1,0,0,0,
MountainCar-v0,last-action,30,3.5__MountainCar-v0__last-action__H30,10,10,action,all,9,90.0,,,,,1,1,0,0,
MountainCar-v0,last-action,30,3.5__MountainCar-v0__last-action__H30,10,10,action,all,9,90.0,,,,,1,2,0,0,
MountainCar-v0,last-action,30,3.5__MountainCar-v0__last-action__H30,10,10,action,all,9,90.0,,,,,2,0,0,4,0.0
MountainCar-v0,last-action,30,3.5__MountainCar-v0__last-action__H30,10,10,action,all,9,90.0,,,,,2,1,0,4,0.0
MountainCar-v0,last-action,30,3.5__MountainCar-v0__last-action__H30,10,10,action,all,9,90.0,,,,,2,2,4,4,100.0
MountainCar-v0,last-action,30,3.5__MountainCar-v0__last-action__H30,20,20,action,all,19,95.0,,,,,0,0,6,13,46.15384615384615
MountainCar-v0,last-action,30,3.5__MountainCar-v0__last-action__H30,20,20,action,all,19,95.0,,,,,0,1,2,13,15.384615384615385
MountainCar-v0,last-action,30,3.5__MountainCar-v0__last-action__H30,20,20,action,all,19,95.0,,,,,0,2,5,13,38.46153846153846
MountainCar-v0,last-action,30,3.5__MountainCar-v0__last-action__H30,20,20,action,all,19,95.0,,,,,1,0,1,1,100.0
MountainCar-v0,last-action,30,3.5__MountainCar-v0__last-action__H30,20,20,action,all,19,95.0,,,,,1,1,0,1,0.0
MountainCar-v0,last-action,30,3.5__MountainCar-v0__last-action__H30,20,20,action,all,19,95.0,,,,,1,2,0,1,0.0
MountainCar-v0,last-action,30,3.5__MountainCar-v0__last-action__H30,20,20,action,all,19,95.0,,,,,2,0,0,5,0.0
MountainCar-v0,last-action,30,3.5__MountainCar-v0__last-action__H30,20,20,action,all,19,95.0,,,,,2,1,0,5,0.0
MountainCar-v0,last-action,30,3.5__MountainCar-v0__last-action__H30,20,20,action,all,19,95.0,,,,,2,2,5,5,100.0
MountainCar-v0,last-action,30,3.5__MountainCar-v0__last-action__H30,30,30,action,all,29,96.66666666666667,,,,,0,0,8,19,42.10526315789474
MountainCar-v0,last-action,30,3.5__MountainCar-v0__last-action__H30,30,30,action,all,29,96.66666666666667,,,,,0,1,2,19,10.526315789473685
MountainCar-v0,last-action,30,3.5__MountainCar-v0__last-action__H30,30,30,action,all,29,96.66666666666667,,,,,0,2,9,19,47.36842105263158
MountainCar-v0,last-action,30,3.5__MountainCar-v0__last-action__H30,30,30,action,all,29,96.66666666666667,,,,,1,0,1,1,100.0
MountainCar-v0,last-action,30,3.5__MountainCar-v0__last-action__H30,30,30,action,all,29,96.66666666666667,,,,,1,1,0,1,0.0
MountainCar-v0,last-action,30,3.5__MountainCar-v0__last-action__H30,30,30,action,all,29,96.66666666666667,,,,,1,2,0,1,0.0
MountainCar-v0,last-action,30,3.5__MountainCar-v0__last-action__H30,30,30,action,all,29,96.66666666666667,,,,,2,0,0,9,0.0
MountainCar-v0,last-action,30,3.5__MountainCar-v0__last-action__H30,30,30,action,all,29,96.66666666666667,,,,,2,1,0,9,0.0
MountainCar-v0,last-action,30,3.5__MountainCar-v0__last-action__H30,30,30,action,all,29,96.66666666666667,,,,,2,2,9,9,100.0
MountainCar-v0,last-action,5,3.5__MountainCar-v0__last-action__H5,10,10,action,all,10,100.0,,,,,0,0,7,9,77.77777777777777
MountainCar-v0,last-action,5,3.5__MountainCar-v0__last-action__H5,10,10,action,all,10,100.0,,,,,0,1,0,9,0.0
MountainCar-v0,last-action,5,3.5__MountainCar-v0__last-action__H5,10,10,action,all,10,100.0,,,,,0,2,2,9,22.22222222222222
MountainCar-v0,last-action,5,3.5__MountainCar-v0__last-action__H5,10,10,action,all,10,100.0,,,,,1,0,0,0,
MountainCar-v0,last-action,5,3.5__MountainCar-v0__last-action__H5,10,10,action,all,10,100.0,,,,,1,1,0,0,
MountainCar-v0,last-action,5,3.5__MountainCar-v0__last-action__H5,10,10,action,all,10,100.0,,,,,1,2,0,0,
MountainCar-v0,last-action,5,3.5__MountainCar-v0__last-action__H5,10,10,action,all,10,100.0,,,,,2,0,0,1,0.0
MountainCar-v0,last-action,5,3.5__MountainCar-v0__last-action__H5,10,10,action,all,10,100.0,,,,,2,1,0,1,0.0
MountainCar-v0,last-action,5,3.5__MountainCar-v0__last-action__H5,10,10,action,all,10,100.0,,,,,2,2,1,1,100.0
MountainCar-v0,last-action,5,3.5__MountainCar-v0__last-action__H5,20,20,action,all,20,100.0,,,,,0,0,11,18,61.111111111111114
MountainCar-v0,last-action,5,3.5__MountainCar-v0__last-action__H5,20,20,action,all,20,100.0,,,,,0,1,0,18,0.0
MountainCar-v0,last-action,5,3.5__MountainCar-v0__last-action__H5,20,20,action,all,20,100.0,,,,,0,2,7,18,38.888888888888886
MountainCar-v0,last-action,5,3.5__MountainCar-v0__last-action__H5,20,20,action,all,20,100.0,,,,,1,0,0,0,
MountainCar-v0,last-action,5,3.5__MountainCar-v0__last-action__H5,20,20,action,all,20,100.0,,,,,1,1,0,0,
MountainCar-v0,last-action,5,3.5__MountainCar-v0__last-action__H5,20,20,action,all,20,100.0,,,,,1,2,0,0,
MountainCar-v0,last-action,5,3.5__MountainCar-v0__last-action__H5,20,20,action,all,20,100.0,,,,,2,0,0,2,0.0
MountainCar-v0,last-action,5,3.5__MountainCar-v0__last-action__H5,20,20,action,all,20,100.0,,,,,2,1,0,2,0.0
MountainCar-v0,last-action,5,3.5__MountainCar-v0__last-action__H5,20,20,action,all,20,100.0,,,,,2,2,2,2,100.0
MountainCar-v0,last-action,5,3.5__MountainCar-v0__last-action__H5,30,30,action,all,30,100.0,,,,,0,0,14,23,60.869565217391305
MountainCar-v0,last-action,5,3.5__MountainCar-v0__last-action__H5,30,30,action,all,30,100.0,,,,,0,1,1,23,4.3478260869565215
MountainCar-v0,last-action,5,3.5__MountainCar-v0__last-action__H5,30,30,action,all,30,100.0,,,,,0,2,8,23,34.78260869565217
MountainCar-v0,last-action,5,3.5__MountainCar-v0__last-action__H5,30,30,action,all,30,100.0,,,,,1,0,0,3,0.0
MountainCar-v0,last-action,5,3.5__MountainCar-v0__last-action__H5,30,30,action,all,30,100.0,,,,,1,1,0,3,0.0
MountainCar-v0,last-action,5,3.5__MountainCar-v0__last-action__H5,30,30,action,all,30,100.0,,,,,1,2,3,3,100.0
MountainCar-v0,last-action,5,3.5__MountainCar-v0__last-action__H5,30,30,action,all,30,100.0,,,,,2,0,0,4,0.0
MountainCar-v0,last-action,5,3.5__MountainCar-v0__last-action__H5,30,30,action,all,30,100.0,,,,,2,1,0,4,0.0
MountainCar-v0,last-action,5,3.5__MountainCar-v0__last-action__H5,30,30,action,all,30,100.0,,,,,2,2,4,4,100.0
MountainCar-v0,last-state,10,3.5__MountainCar-v0__last-state__H10,10,10,direction,all,10,100.0,,,,,0,0,4,15,26.666666666666668
MountainCar-v0,last-state,10,3.5__MountainCar-v0__last-state__H10,10,10,direction,all,10,100.0,,,,,0,1,10,15,66.66666666666667
MountainCar-v0,last-state,10,3.5__MountainCar-v0__last-state__H10,10,10,direction,all,10,100.0,,,,,0,2,1,15,6.666666666666667
MountainCar-v0,last-state,10,3.5__MountainCar-v0__last-state__H10,10,10,direction,all,10,100.0,,,,,1,0,1,4,25.0
MountainCar-v0,last-state,10,3.5__MountainCar-v0__last-state__H10,10,10,direction,all,10,100.0,,,,,1,1,2,4,50.0
MountainCar-v0,last-state,10,3.5__MountainCar-v0__last-state__H10,10,10,direction,all,10,100.0,,,,,1,2,1,4,25.0
MountainCar-v0,last-state,10,3.5__MountainCar-v0__last-state__H10,10,10,direction,all,10,100.0,,,,,2,0,0,1,0.0
MountainCar-v0,last-state,10,3.5__MountainCar-v0__last-state__H10,10,10,direction,all,10,100.0,,,,,2,1,1,1,100.0
MountainCar-v0,last-state,10,3.5__MountainCar-v0__last-state__H10,10,10,direction,all,10,100.0,,,,,2,2,0,1,0.0
MountainCar-v0,last-state,10,3.5__MountainCar-v0__last-state__H10,20,20,direction,all,20,100.0,,,,,0,0,10,33,30.303030303030305
MountainCar-v0,last-state,10,3.5__MountainCar-v0__last-state__H10,20,20,direction,all,20,100.0,,,,,0,1,20,33,60.60606060606061
MountainCar-v0,last-state,10,3.5__MountainCar-v0__last-state__H10,20,20,direction,all,20,100.0,,,,,0,2,3,33,9.090909090909092
MountainCar-v0,last-state,10,3.5__MountainCar-v0__last-state__H10,20,20,direction,all,20,100.0,,,,,1,0,3,6,50.0
MountainCar-v0,last-state,10,3.5__MountainCar-v0__last-state__H10,20,20,direction,all,20,100.0,,,,,1,1,2,6,33.333333333333336
MountainCar-v0,last-state,10,3.5__MountainCar-v0__last-state__H10,20,20,direction,all,20,100.0,,,,,1,2,1,6,16.666666666666668
MountainCar-v0,last-state,10,3.5__MountainCar-v0__last-state__H10,20,20,direction,all,20,100.0,,,,,2,0,0,1,0.0
MountainCar-v0,last-state,10,3.5__MountainCar-v0__last-state__H10,20,20,direction,all,20,100.0,,,,,2,1,1,1,100.0
MountainCar-v0,last-state,10,3.5__MountainCar-v0__last-state__H10,20,20,direction,all,20,100.0,,,,,2,2,0,1,0.0
MountainCar-v0,last-state,10,3.5__MountainCar-v0__last-state__H10,30,30,direction,all,30,100.0,,,,,0,0,18,48,37.5
MountainCar-v0,last-state,10,3.5__MountainCar-v0__last-state__H10,30,30,direction,all,30,100.0,,,,,0,1,27,48,56.25
MountainCar-v0,last-state,10,3.5__MountainCar-v0__last-state__H10,30,30,direction,all,30,100.0,,,,,0,2,3,48,6.25
MountainCar-v0,last-state,10,3.5__MountainCar-v0__last-state__H10,30,30,direction,all,30,100.0,,,,,1,0,5,11,45.45454545454545
MountainCar-v0,last-state,10,3.5__MountainCar-v0__last-state__H10,30,30,direction,all,30,100.0,,,,,1,1,5,11,45.45454545454545
MountainCar-v0,last-state,10,3.5__MountainCar-v0__last-state__H10,30,30,direction,all,30,100.0,,,,,1,2,1,11,9.090909090909092
MountainCar-v0,last-state,10,3.5__MountainCar-v0__last-state__H10,30,30,direction,all,30,100.0,,,,,2,0,0,1,0.0
MountainCar-v0,last-state,10,3.5__MountainCar-v0__last-state__H10,30,30,direction,all,30,100.0,,,,,2,1,1,1,100.0
MountainCar-v0,last-state,10,3.5__MountainCar-v0__last-state__H10,30,30,direction,all,30,100.0,,,,,2,2,0,1,0.0
MountainCar-v0,last-state,20,3.5__MountainCar-v0__last-state__H20,10,10,direction,all,10,100.0,,,,,0,0,7,14,50.0
MountainCar-v0,last-state,20,3.5__MountainCar-v0__last-state__H20,10,10,direction,all,10,100.0,,,,,0,1,7,14,50.0
MountainCar-v0,last-state,20,3.5__MountainCar-v0__last-state__H20,10,10,direction,all,10,100.0,,,,,0,2,0,14,0.0
MountainCar-v0,last-state,20,3.5__MountainCar-v0__last-state__H20,10,10,direction,all,10,100.0,,,,,1,0,1,5,20.0
MountainCar-v0,last-state,20,3.5__MountainCar-v0__last-state__H20,10,10,direction,all,10,100.0,,,,,1,1,2,5,40.0
MountainCar-v0,last-state,20,3.5__MountainCar-v0__last-state__H20,10,10,direction,all,10,100.0,,,,,1,2,2,5,40.0
MountainCar-v0,last-state,20,3.5__MountainCar-v0__last-state__H20,10,10,direction,all,10,100.0,,,,,2,0,0,1,0.0
MountainCar-v0,last-state,20,3.5__MountainCar-v0__last-state__H20,10,10,direction,all,10,100.0,,,,,2,1,0,1,0.0
MountainCar-v0,last-state,20,3.5__MountainCar-v0__last-state__H20,10,10,direction,all,10,100.0,,,,,2,2,1,1,100.0
MountainCar-v0,last-state,20,3.5__MountainCar-v0__last-state__H20,20,20,direction,all,20,100.0,,,,,0,0,17,30,56.666666666666664
MountainCar-v0,last-state,20,3.5__MountainCar-v0__last-state__H20,20,20,direction,all,20,100.0,,,,,0,1,13,30,43.333333333333336
MountainCar-v0,last-state,20,3.5__MountainCar-v0__last-state__H20,20,20,direction,all,20,100.0,,,,,0,2,0,30,0.0
MountainCar-v0,last-state,20,3.5__MountainCar-v0__last-state__H20,20,20,direction,all,20,100.0,,,,,1,0,4,9,44.44444444444444
MountainCar-v0,last-state,20,3.5__MountainCar-v0__last-state__H20,20,20,direction,all,20,100.0,,,,,1,1,2,9,22.22222222222222
MountainCar-v0,last-state,20,3.5__MountainCar-v0__last-state__H20,20,20,direction,all,20,100.0,,,,,1,2,3,9,33.333333333333336
MountainCar-v0,last-state,20,3.5__MountainCar-v0__last-state__H20,20,20,direction,all,20,100.0,,,,,2,0,0,1,0.0
MountainCar-v0,last-state,20,3.5__MountainCar-v0__last-state__H20,20,20,direction,all,20,100.0,,,,,2,1,0,1,0.0
MountainCar-v0,last-state,20,3.5__MountainCar-v0__last-state__H20,20,20,direction,all,20,100.0,,,,,2,2,1,1,100.0
MountainCar-v0,last-state,20,3.5__MountainCar-v0__last-state__H20,30,30,direction,all,30,100.0,,,,,0,0,23,43,53.48837209302326
MountainCar-v0,last-state,20,3.5__MountainCar-v0__last-state__H20,30,30,direction,all,30,100.0,,,,,0,1,20,43,46.51162790697674
MountainCar-v0,last-state,20,3.5__MountainCar-v0__last-state__H20,30,30,direction,all,30,100.0,,,,,0,2,0,43,0.0
MountainCar-v0,last-state,20,3.5__MountainCar-v0__last-state__H20,30,30,direction,all,30,100.0,,,,,1,0,8,16,50.0
MountainCar-v0,last-state,20,3.5__MountainCar-v0__last-state__H20,30,30,direction,all,30,100.0,,,,,1,1,5,16,31.25
MountainCar-v0,last-state,20,3.5__MountainCar-v0__last-state__H20,30,30,direction,all,30,100.0,,,,,1,2,3,16,18.75
MountainCar-v0,last-state,20,3.5__MountainCar-v0__last-state__H20,30,30,direction,all,30,100.0,,,,,2,0,0,1,0.0
MountainCar-v0,last-state,20,3.5__MountainCar-v0__last-state__H20,30,30,direction,all,30,100.0,,,,,2,1,0,1,0.0
MountainCar-v0,last-state,20,3.5__MountainCar-v0__last-state__H20,30,30,direction,all,30,100.0,,,,,2,2,1,1,100.0
MountainCar-v0,last-state,30,3.5__MountainCar-v0__last-state__H30,10,10,direction,all,10,100.0,,,,,0,0,2,6,33.333333333333336
MountainCar-v0,last-state,30,3.5__MountainCar-v0__last-state__H30,10,10,direction,all,10,100.0,,,,,0,1,4,6,66.66666666666667
MountainCar-v0,last-state,30,3.5__MountainCar-v0__last-state__H30,10,10,direction,all,10,100.0,,,,,0,2,0,6,0.0
MountainCar-v0,last-state,30,3.5__MountainCar-v0__last-state__H30,10,10,direction,all,10,100.0,,,,,1,0,4,13,30.76923076923077
MountainCar-v0,last-state,30,3.5__MountainCar-v0__last-state__H30,10,10,direction,all,10,100.0,,,,,1,1,9,13,69.23076923076923
MountainCar-v0,last-state,30,3.5__MountainCar-v0__last-state__H30,10,10,direction,all,10,100.0,,,,,1,2,0,13,0.0
MountainCar-v0,last-state,30,3.5__MountainCar-v0__last-state__H30,10,10,direction,all,10,100.0,,,,,2,0,1,1,100.0
MountainCar-v0,last-state,30,3.5__MountainCar-v0__last-state__H30,10,10,direction,all,10,100.0,,,,,2,1,0,1,0.0
MountainCar-v0,last-state,30,3.5__MountainCar-v0__last-state__H30,10,10,direction,all,10,100.0,,,,,2,2,0,1,0.0
MountainCar-v0,last-state,30,3.5__MountainCar-v0__last-state__H30,20,20,direction,all,20,100.0,,,,,0,0,10,17,58.8235294117647
MountainCar-v0,last-state,30,3.5__MountainCar-v0__last-state__H30,20,20,direction,all,20,100.0,,,,,0,1,7,17,41.1764705882353
MountainCar-v0,last-state,30,3.5__MountainCar-v0__last-state__H30,20,20,direction,all,20,100.0,,,,,0,2,0,17,0.0
MountainCar-v0,last-state,30,3.5__MountainCar-v0__last-state__H30,20,20,direction,all,20,100.0,,,,,1,0,10,22,45.45454545454545
MountainCar-v0,last-state,30,3.5__MountainCar-v0__last-state__H30,20,20,direction,all,20,100.0,,,,,1,1,12,22,54.54545454545455
MountainCar-v0,last-state,30,3.5__MountainCar-v0__last-state__H30,20,20,direction,all,20,100.0,,,,,1,2,0,22,0.0
MountainCar-v0,last-state,30,3.5__MountainCar-v0__last-state__H30,20,20,direction,all,20,100.0,,,,,2,0,1,1,100.0
MountainCar-v0,last-state,30,3.5__MountainCar-v0__last-state__H30,20,20,direction,all,20,100.0,,,,,2,1,0,1,0.0
MountainCar-v0,last-state,30,3.5__MountainCar-v0__last-state__H30,20,20,direction,all,20,100.0,,,,,2,2,0,1,0.0
MountainCar-v0,last-state,30,3.5__MountainCar-v0__last-state__H30,30,30,direction,all,30,100.0,,,,,0,0,13,25,52.0
MountainCar-v0,last-state,30,3.5__MountainCar-v0__last-state__H30,30,30,direction,all,30,100.0,,,,,0,1,12,25,48.0
MountainCar-v0,last-state,30,3.5__MountainCar-v0__last-state__H30,30,30,direction,all,30,100.0,,,,,0,2,0,25,0.0
MountainCar-v0,last-state,30,3.5__MountainCar-v0__last-state__H30,30,30,direction,all,30,100.0,,,,,1,0,15,34,44.11764705882353
MountainCar-v0,last-state,30,3.5__MountainCar-v0__last-state__H30,30,30,direction,all,30,100.0,,,,,1,1,18,34,52.94117647058823
MountainCar-v0,last-state,30,3.5__MountainCar-v0__last-state__H30,30,30,direction,all,30,100.0,,,,,1,2,1,34,2.9411764705882355
MountainCar-v0,last-state,30,3.5__MountainCar-v0__last-state__H30,30,30,direction,all,30,100.0,,,,,2,0,1,1,100.0
MountainCar-v0,last-state,30,3.5__MountainCar-v0__last-state__H30,30,30,direction,all,30,100.0,,,,,2,1,0,1,0.0
MountainCar-v0,last-state,30,3.5__MountainCar-v0__last-state__H30,30,30,direction,all,30,100.0,,,,,2,2,0,1,0.0
MountainCar-v0,last-state,5,3.5__MountainCar-v0__last-state__H5,10,10,direction,all,10,100.0,,,,,0,0,12,15,80.0
MountainCar-v0,last-state,5,3.5__MountainCar-v0__last-state__H5,10,10,direction,all,10,100.0,,,,,0,1,3,15,20.0
MountainCar-v0,last-state,5,3.5__MountainCar-v0__last-state__H5,10,10,direction,all,10,100.0,,,,,0,2,0,15,0.0
MountainCar-v0,last-state,5,3.5__MountainCar-v0__last-state__H5,10,10,direction,all,10,100.0,,,,,1,0,2,4,50.0
MountainCar-v0,last-state,5,3.5__MountainCar-v0__last-state__H5,10,10,direction,all,10,100.0,,,,,1,1,0,4,0.0
MountainCar-v0,last-state,5,3.5__MountainCar-v0__last-state__H5,10,10,direction,all,10,100.0,,,,,1,2,2,4,50.0
MountainCar-v0,last-state,5,3.5__MountainCar-v0__last-state__H5,10,10,direction,all,10,100.0,,,,,2,0,1,1,100.0
MountainCar-v0,last-state,5,3.5__MountainCar-v0__last-state__H5,10,10,direction,all,10,100.0,,,,,2,1,0,1,0.0
MountainCar-v0,last-state,5,3.5__MountainCar-v0__last-state__H5,10,10,direction,all,10,100.0,,,,,2,2,0,1,0.0
MountainCar-v0,last-state,5,3.5__MountainCar-v0__last-state__H5,20,20,direction,all,19,95.0,,,,,0,0,25,32,78.125
MountainCar-v0,last-state,5,3.5__MountainCar-v0__last-state__H5,20,20,direction,all,19,95.0,,,,,0,1,6,32,18.75
MountainCar-v0,last-state,5,3.5__MountainCar-v0__last-state__H5,20,20,direction,all,19,95.0,,,,,0,2,1,32,3.125
MountainCar-v0,last-state,5,3.5__MountainCar-v0__last-state__H5,20,20,direction,all,19,95.0,,,,,1,0,3,5,60.0
MountainCar-v0,last-state,5,3.5__MountainCar-v0__last-state__H5,20,20,direction,all,19,95.0,,,,,1,1,0,5,0.0
MountainCar-v0,last-state,5,3.5__MountainCar-v0__last-state__H5,20,20,direction,all,19,95.0,,,,,1,2,2,5,40.0
MountainCar-v0,last-state,5,3.5__MountainCar-v0__last-state__H5,20,20,direction,all,19,95.0,,,,,2,0,1,1,100.0
MountainCar-v0,last-state,5,3.5__MountainCar-v0__last-state__H5,20,20,direction,all,19,95.0,,,,,2,1,0,1,0.0
MountainCar-v0,last-state,5,3.5__MountainCar-v0__last-state__H5,20,20,direction,all,19,95.0,,,,,2,2,0,1,0.0
MountainCar-v0,last-state,5,3.5__MountainCar-v0__last-state__H5,30,30,direction,all,29,96.66666666666667,,,,,0,0,30,44,68.18181818181819
MountainCar-v0,last-state,5,3.5__MountainCar-v0__last-state__H5,30,30,direction,all,29,96.66666666666667,,,,,0,1,12,44,27.272727272727273
MountainCar-v0,last-state,5,3.5__MountainCar-v0__last-state__H5,30,30,direction,all,29,96.66666666666667,,,,,0,2,2,44,4.545454545454546
MountainCar-v0,last-state,5,3.5__MountainCar-v0__last-state__H5,30,30,direction,all,29,96.66666666666667,,,,,1,0,5,13,38.46153846153846
MountainCar-v0,last-state,5,3.5__MountainCar-v0__last-state__H5,30,30,direction,all,29,96.66666666666667,,,,,1,1,6,13,46.15384615384615
MountainCar-v0,last-state,5,3.5__MountainCar-v0__last-state__H5,30,30,direction,all,29,96.66666666666667,,,,,1,2,2,13,15.384615384615385
MountainCar-v0,last-state,5,3.5__MountainCar-v0__last-state__H5,30,30,direction,all,29,96.66666666666667,,,,,2,0,1,1,100.0
MountainCar-v0,last-state,5,3.5__MountainCar-v0__last-state__H5,30,30,direction,all,29,96.66666666666667,,,,,2,1,0,1,0.0
MountainCar-v0,last-state,5,3.5__MountainCar-v0__last-state__H5,30,30,direction,all,29,96.66666666666667,,,,,2,2,0,1,0.0
MountainCar-v0,next-action,10,3.5__MountainCar-v0__next-action__H10,10,10,action,all,10,100.0,,,,,0,0,7,10,70.0
MountainCar-v0,next-action,10,3.5__MountainCar-v0__next-action__H10,10,10,action,all,10,100.0,,,,,0,1,1,10,10.0
MountainCar-v0,next-action,10,3.5__MountainCar-v0__next-action__H10,10,10,action,all,10,100.0,,,,,0,2,2,10,20.0
MountainCar-v0,next-action,10,3.5__MountainCar-v0__next-action__H10,10,10,action,all,10,100.0,,,,,1,0,0,0,
MountainCar-v0,next-action,10,3.5__MountainCar-v0__next-action__H10,10,10,action,all,10,100.0,,,,,1,1,0,0,
MountainCar-v0,next-action,10,3.5__MountainCar-v0__next-action__H10,10,10,action,all,10,100.0,,,,,1,2,0,0,
MountainCar-v0,next-action,10,3.5__MountainCar-v0__next-action__H10,10,10,action,all,10,100.0,,,,,2,0,0,0,
MountainCar-v0,next-action,10,3.5__MountainCar-v0__next-action__H10,10,10,action,all,10,100.0,,,,,2,1,0,0,
MountainCar-v0,next-action,10,3.5__MountainCar-v0__next-action__H10,10,10,action,all,10,100.0,,,,,2,2,0,0,
MountainCar-v0,next-action,10,3.5__MountainCar-v0__next-action__H10,20,20,action,all,20,100.0,,,,,0,0,14,20,70.0
MountainCar-v0,next-action,10,3.5__MountainCar-v0__next-action__H10,20,20,action,all,20,100.0,,,,,0,1,2,20,10.0
MountainCar-v0,next-action,10,3.5__MountainCar-v0__next-action__H10,20,20,action,all,20,100.0,,,,,0,2,4,20,20.0
MountainCar-v0,next-action,10,3.5__MountainCar-v0__next-action__H10,20,20,action,all,20,100.0,,,,,1,0,0,0,
MountainCar-v0,next-action,10,3.5__MountainCar-v0__next-action__H10,20,20,action,all,20,100.0,,,,,1,1,0,0,
MountainCar-v0,next-action,10,3.5__MountainCar-v0__next-action__H10,20,20,action,all,20,100.0,,,,,1,2,0,0,
MountainCar-v0,next-action,10,3.5__MountainCar-v0__next-action__H10,20,20,action,all,20,100.0,,,,,2,0,0,0,
MountainCar-v0,next-action,10,3.5__MountainCar-v0__next-action__H10,20,20,action,all,20,100.0,,,,,2,1,0,0,
MountainCar-v0,next-action,10,3.5__MountainCar-v0__next-action__H10,20,20,action,all,20,100.0,,,,,2,2,0,0,
MountainCar-v0,next-action,10,3.5__MountainCar-v0__next-action__H10,30,30,action,all,30,100.0,,,,,0,0,19,28,67.85714285714286
MountainCar-v0,next-action,10,3.5__MountainCar-v0__next-action__H10,30,30,action,all,30,100.0,,,,,0,1,4,28,14.285714285714286
MountainCar-v0,next-action,10,3.5__MountainCar-v0__next-action__H10,30,30,action,all,30,100.0,,,,,0,2,5,28,17.857142857142858
MountainCar-v0,next-action,10,3.5__MountainCar-v0__next-action__H10,30,30,action,all,30,100.0,,,,,1,0,0,2,0.0
MountainCar-v0,next-action,10,3.5__MountainCar-v0__next-action__H10,30,30,action,all,30,100.0,,,,,1,1,1,2,50.0
MountainCar-v0,next-action,10,3.5__MountainCar-v0__next-action__H10,30,30,action,all,30,100.0,,,,,1,2,1,2,50.0
MountainCar-v0,next-action,10,3.5__MountainCar-v0__next-action__H10,30,30,action,all,30,100.0,,,,,2,0,0,0,
MountainCar-v0,next-action,10,3.5__MountainCar-v0__next-action__H10,30,30,action,all,30,100.0,,,,,2,1,0,0,
MountainCar-v0,next-action,10,3.5__MountainCar-v0__next-action__H10,30,30,action,all,30,100.0,,,,,2,2,0,0,
MountainCar-v0,next-action,20,3.5__MountainCar-v0__next-action__H20,10,10,action,all,10,100.0,,,,,0,0,9,10,90.0
MountainCar-v0,next-action,20,3.5__MountainCar-v0__next-action__H20,10,10,action,all,10,100.0,,,,,0,1,0,10,0.0
MountainCar-v0,next-action,20,3.5__MountainCar-v0__next-action__H20,10,10,action,all,10,100.0,,,,,0,2,1,10,10.0
MountainCar-v0,next-action,20,3.5__MountainCar-v0__next-action__H20,10,10,action,all,10,100.0,,,,,1,0,0,0,
MountainCar-v0,next-action,20,3.5__MountainCar-v0__next-action__H20,10,10,action,all,10,100.0,,,,,1,1,0,0,
MountainCar-v0,next-action,20,3.5__MountainCar-v0__next-action__H20,10,10,action,all,10,100.0,,,,,1,2,0,0,
MountainCar-v0,next-action,20,3.5__MountainCar-v0__next-action__H20,10,10,action,all,10,100.0,,,,,2,0,0,0,
MountainCar-v0,next-action,20,3.5__MountainCar-v0__next-action__H20,10,10,action,all,10,100.0,,,,,2,1,0,0,
MountainCar-v0,next-action,20,3.5__MountainCar-v0__next-action__H20,10,10,action,all,10,100.0,,,,,2,2,0,0,
MountainCar-v0,next-action,20,3.5__MountainCar-v0__next-action__H20,20,20,action,all,20,100.0,,,,,0,0,17,20,85.0
MountainCar-v0,next-action,20,3.5__MountainCar-v0__next-action__H20,20,20,action,all,20,100.0,,,,,0,1,0,20,0.0
MountainCar-v0,next-action,20,3.5__MountainCar-v0__next-action__H20,20,20,action,all,20,100.0,,,,,0,2,3,20,15.0
MountainCar-v0,next-action,20,3.5__MountainCar-v0__next-action__H20,20,20,action,all,20,100.0,,,,,1,0,0,0,
MountainCar-v0,next-action,20,3.5__MountainCar-v0__next-action__H20,20,20,action,all,20,100.0,,,,,1,1,0,0,
MountainCar-v0,next-action,20,3.5__MountainCar-v0__next-action__H20,20,20,action,all,20,100.0,,,,,1,2,0,0,
MountainCar-v0,next-action,20,3.5__MountainCar-v0__next-action__H20,20,20,action,all,20,100.0,,,,,2,0,0,0,
MountainCar-v0,next-action,20,3.5__MountainCar-v0__next-action__H20,20,20,action,all,20,100.0,,,,,2,1,0,0,
MountainCar-v0,next-action,20,3.5__MountainCar-v0__next-action__H20,20,20,action,all,20,100.0,,,,,2,2,0,0,
MountainCar-v0,next-action,20,3.5__MountainCar-v0__next-action__H20,30,30,action,all,30,100.0,,,,,0,0,26,30,86.66666666666667
MountainCar-v0,next-action,20,3.5__MountainCar-v0__next-action__H20,30,30,action,all,30,100.0,,,,,0,1,0,30,0.0
MountainCar-v0,next-action,20,3.5__MountainCar-v0__next-action__H20,30,30,action,all,30,100.0,,,,,0,2,4,30,13.333333333333334
MountainCar-v0,next-action,20,3.5__MountainCar-v0__next-action__H20,30,30,action,all,30,100.0,,,,,1,0,0,0,
MountainCar-v0,next-action,20,3.5__MountainCar-v0__next-action__H20,30,30,action,all,30,100.0,,,,,1,1,0,0,
MountainCar-v0,next-action,20,3.5__MountainCar-v0__next-action__H20,30,30,action,all,30,100.0,,,,,1,2,0,0,
MountainCar-v0,next-action,20,3.5__MountainCar-v0__next-action__H20,30,30,action,all,30,100.0,,,,,2,0,0,0,
MountainCar-v0,next-action,20,3.5__MountainCar-v0__next-action__H20,30,30,action,all,30,100.0,,,,,2,1,0,0,
MountainCar-v0,next-action,20,3.5__MountainCar-v0__next-action__H20,30,30,action,all,30,100.0,,,,,2,2,0,0,
MountainCar-v0,next-action,30,3.5__MountainCar-v0__next-action__H30,10,10,action,all,10,100.0,,,,,0,0,6,6,100.0
MountainCar-v0,next-action,30,3.5__MountainCar-v0__next-action__H30,10,10,action,all,10,100.0,,,,,0,1,0,6,0.0
MountainCar-v0,next-action,30,3.5__MountainCar-v0__next-action__H30,10,10,action,all,10,100.0,,,,,0,2,0,6,0.0
MountainCar-v0,next-action,30,3.5__MountainCar-v0__next-action__H30,10,10,action,all,10,100.0,,,,,1,0,0,0,
MountainCar-v0,next-action,30,3.5__MountainCar-v0__next-action__H30,10,10,action,all,10,100.0,,,,,1,1,0,0,
MountainCar-v0,next-action,30,3.5__MountainCar-v0__next-action__H30,10,10,action,all,10,100.0,,,,,1,2,0,0,
MountainCar-v0,next-action,30,3.5__MountainCar-v0__next-action__H30,10,10,action,all,10,100.0,,,,,2,0,0,4,0.0
MountainCar-v0,next-action,30,3.5__MountainCar-v0__next-action__H30,10,10,action,all,10,100.0,,,,,2,1,0,4,0.0
MountainCar-v0,next-action,30,3.5__MountainCar-v0__next-action__H30,10,10,action,all,10,100.0,,,,,2,2,4,4,100.0
MountainCar-v0,next-action,30,3.5__MountainCar-v0__next-action__H30,20,20,action,all,20,100.0,,,,,0,0,13,14,92.85714285714286
MountainCar-v0,next-action,30,3.5__MountainCar-v0__next-action__H30,20,20,action,all,20,100.0,,,,,0,1,0,14,0.0
MountainCar-v0,next-action,30,3.5__MountainCar-v0__next-action__H30,20,20,action,all,20,100.0,,,,,0,2,1,14,7.142857142857143
MountainCar-v0,next-action,30,3.5__MountainCar-v0__next-action__H30,20,20,action,all,20,100.0,,,,,1,0,1,1,100.0
MountainCar-v0,next-action,30,3.5__MountainCar-v0__next-action__H30,20,20,action,all,20,100.0,,,,,1,1,0,1,0.0
MountainCar-v0,next-action,30,3.5__MountainCar-v0__next-action__H30,20,20,action,all,20,100.0,,,,,1,2,0,1,0.0
MountainCar-v0,next-action,30,3.5__MountainCar-v0__next-action__H30,20,20,action,all,20,100.0,,,,,2,0,1,5,20.0
MountainCar-v0,next-action,30,3.5__MountainCar-v0__next-action__H30,20,20,action,all,20,100.0,,,,,2,1,0,5,0.0
MountainCar-v0,next-action,30,3.5__MountainCar-v0__next-action__H30,20,20,action,all,20,100.0,,,,,2,2,4,5,80.0
MountainCar-v0,next-action,30,3.5__MountainCar-v0__next-action__H30,30,30,action,all,30,100.0,,,,,0,0,19,20,95.0
MountainCar-v0,next-action,30,3.5__MountainCar-v0__next-action__H30,30,30,action,all,30,100.0,,,,,0,1,0,20,0.0
MountainCar-v0,next-action,30,3.5__MountainCar-v0__next-action__H30,30,30,action,all,30,100.0,,,,,0,2,1,20,5.0
MountainCar-v0,next-action,30,3.5__MountainCar-v0__next-action__H30,30,30,action,all,30,100.0,,,,,1,0,1,1,100.0
MountainCar-v0,next-action,30,3.5__MountainCar-v0__next-action__H30,30,30,action,all,30,100.0,,,,,1,1,0,1,0.0
MountainCar-v0,next-action,30,3.5__MountainCar-v0__next-action__H30,30,30,action,all,30,100.0,,,,,1,2,0,1,0.0
MountainCar-v0,next-action,30,3.5__MountainCar-v0__next-action__H30,30,30,action,all,30,100.0,,,,,2,0,3,9,33.333333333333336
MountainCar-v0,next-action,30,3.5__MountainCar-v0__next-action__H30,30,30,action,all,30,100.0,,,,,2,1,0,9,0.0
MountainCar-v0,next-action,30,3.5__MountainCar-v0__next-action__H30,30,30,action,all,30,100.0,,,,,2,2,6,9,66.66666666666667
MountainCar-v0,next-action,5,3.5__MountainCar-v0__next-action__H5,10,10,action,all,10,100.0,,,,,0,0,6,9,66.66666666666667
MountainCar-v0,next-action,5,3.5__MountainCar-v0__next-action__H5,10,10,action,all,10,100.0,,,,,0,1,0,9,0.0
MountainCar-v0,next-action,5,3.5__MountainCar-v0__next-action__H5,10,10,action,all,10,100.0,,,,,0,2,3,9,33.333333333333336
MountainCar-v0,next-action,5,3.5__MountainCar-v0__next-action__H5,10,10,action,all,10,100.0,,,,,1,0,0,0,
MountainCar-v0,next-action,5,3.5__MountainCar-v0__next-action__H5,10,10,action,all,10,100.0,,,,,1,1,0,0,
MountainCar-v0,next-action,5,3.5__MountainCar-v0__next-action__H5,10,10,action,all,10,100.0,,,,,1,2,0,0,
MountainCar-v0,next-action,5,3.5__MountainCar-v0__next-action__H5,10,10,action,all,10,100.0,,,,,2,0,0,1,0.0
MountainCar-v0,next-action,5,3.5__MountainCar-v0__next-action__H5,10,10,action,all,10,100.0,,,,,2,1,0,1,0.0
MountainCar-v0,next-action,5,3.5__MountainCar-v0__next-action__H5,10,10,action,all,10,100.0,,,,,2,2,1,1,100.0
MountainCar-v0,next-action,5,3.5__MountainCar-v0__next-action__H5,20,20,action,all,20,100.0,,,,,0,0,14,18,77.77777777777777
MountainCar-v0,next-action,5,3.5__MountainCar-v0__next-action__H5,20,20,action,all,20,100.0,,,,,0,1,0,18,0.0
MountainCar-v0,next-action,5,3.5__MountainCar-v0__next-action__H5,20,20,action,all,20,100.0,,,,,0,2,4,18,22.22222222222222
MountainCar-v0,next-action,5,3.5__MountainCar-v0__next-action__H5,20,20,action,all,20,100.0,,,,,1,0,0,0,
MountainCar-v0,next-action,5,3.5__MountainCar-v0__next-action__H5,20,20,action,all,20,100.0,,,,,1,1,0,0,
MountainCar-v0,next-action,5,3.5__MountainCar-v0__next-action__H5,20,20,action,all,20,100.0,,,,,1,2,0,0,
MountainCar-v0,next-action,5,3.5__MountainCar-v0__next-action__H5,20,20,action,all,20,100.0,,,,,2,0,0,2,0.0
MountainCar-v0,next-action,5,3.5__MountainCar-v0__next-action__H5,20,20,action,all,20,100.0,,,,,2,1,0,2,0.0
MountainCar-v0,next-action,5,3.5__MountainCar-v0__next-action__H5,20,20,action,all,20,100.0,,,,,2,2,2,2,100.0
MountainCar-v0,next-action,5,3.5__MountainCar-v0__next-action__H5,30,30,action,all,30,100.0,,,,,0,0,18,23,78.26086956521739
MountainCar-v0,next-action,5,3.5__MountainCar-v0__next-action__H5,30,30,action,all,30,100.0,,,,,0,1,0,23,0.0
MountainCar-v0,next-action,5,3.5__MountainCar-v0__next-action__H5,30,30,action,all,30,100.0,,,,,0,2,5,23,21.73913043478261
MountainCar-v0,next-action,5,3.5__MountainCar-v0__next-action__H5,30,30,action,all,30,100.0,,,,,1,0,0,3,0.0
MountainCar-v0,next-action,5,3.5__MountainCar-v0__next-action__H5,30,30,action,all,30,100.0,,,,,1,1,0,3,0.0
MountainCar-v0,next-action,5,3.5__MountainCar-v0__next-action__H5,30,30,action,all,30,100.0,,,,,1,2,3,3,100.0
MountainCar-v0,next-action,5,3.5__MountainCar-v0__next-action__H5,30,30,action,all,30,100.0,,,,,2,0,0,4,0.0
MountainCar-v0,next-action,5,3.5__MountainCar-v0__next-action__H5,30,30,action,all,30,100.0,,,,,2,1,0,4,0.0
MountainCar-v0,next-action,5,3.5__MountainCar-v0__next-action__H5,30,30,action,all,30,100.0,,,,,2,2,4,4,100.0
MountainCar-v0,next-state,10,3.5__MountainCar-v0__next-state__H10,10,10,direction,all,10,100.0,,,,,0,0,16,16,100.0
MountainCar-v0,next-state,10,3.5__MountainCar-v0__next-state__H10,10,10,direction,all,10,100.0,,,,,0,1,0,16,0.0
MountainCar-v0,next-state,10,3.5__MountainCar-v0__next-state__H10,10,10,direction,all,10,100.0,,,,,0,2,0,16,0.0
MountainCar-v0,next-state,10,3.5__MountainCar-v0__next-state__H10,10,10,direction,all,10,100.0,,,,,1,0,2,3,66.66666666666667
MountainCar-v0,next-state,10,3.5__MountainCar-v0__next-state__H10,10,10,direction,all,10,100.0,,,,,1,1,1,3,33.333333333333336
MountainCar-v0,next-state,10,3.5__MountainCar-v0__next-state__H10,10,10,direction,all,10,100.0,,,,,1,2,0,3,0.0
MountainCar-v0,next-state,10,3.5__MountainCar-v0__next-state__H10,10,10,direction,all,10,100.0,,,,,2,0,1,1,100.0
MountainCar-v0,next-state,10,3.5__MountainCar-v0__next-state__H10,10,10,direction,all,10,100.0,,,,,2,1,0,1,0.0
MountainCar-v0,next-state,10,3.5__MountainCar-v0__next-state__H10,10,10,direction,all,10,100.0,,,,,2,2,0,1,0.0
MountainCar-v0,next-state,10,3.5__MountainCar-v0__next-state__H10,20,20,direction,all,20,100.0,,,,,0,0,32,33,96.96969696969697
MountainCar-v0,next-state,10,3.5__MountainCar-v0__next-state__H10,20,20,direction,all,20,100.0,,,,,0,1,1,33,3.0303030303030303
MountainCar-v0,next-state,10,3.5__MountainCar-v0__next-state__H10,20,20,direction,all,20,100.0,,,,,0,2,0,33,0.0
MountainCar-v0,next-state,10,3.5__MountainCar-v0__next-state__H10,20,20,direction,all,20,100.0,,,,,1,0,5,6,83.33333333333333
MountainCar-v0,next-state,10,3.5__MountainCar-v0__next-state__H10,20,20,direction,all,20,100.0,,,,,1,1,1,6,16.666666666666668
MountainCar-v0,next-state,10,3.5__MountainCar-v0__next-state__H10,20,20,direction,all,20,100.0,,,,,1,2,0,6,0.0
MountainCar-v0,next-state,10,3.5__MountainCar-v0__next-state__H10,20,20,direction,all,20,100.0,,,,,2,0,1,1,100.0
MountainCar-v0,next-state,10,3.5__MountainCar-v0__next-state__H10,20,20,direction,all,20,100.0,,,,,2,1,0,1,0.0
MountainCar-v0,next-state,10,3.5__MountainCar-v0__next-state__H10,20,20,direction,all,20,100.0,,,,,2,2,0,1,0.0
MountainCar-v0,next-state,10,3.5__MountainCar-v0__next-state__H10,30,30,direction,all,30,100.0,,,,,0,0,47,48,97.91666666666667
MountainCar-v0,next-state,10,3.5__MountainCar-v0__next-state__H10,30,30,direction,all,30,100.0,,,,,0,1,1,48,2.0833333333333335
MountainCar-v0,next-state,10,3.5__MountainCar-v0__next-state__H10,30,30,direction,all,30,100.0,,,,,0,2,0,48,0.0
MountainCar-v0,next-state,10,3.5__MountainCar-v0__next-state__H10,30,30,direction,all,30,100.0,,,,,1,0,9,11,81.81818181818181
MountainCar-v0,next-state,10,3.5__MountainCar-v0__next-state__H10,30,30,direction,all,30,100.0,,,,,1,1,2,11,18.181818181818183
MountainCar-v0,next-state,10,3.5__MountainCar-v0__next-state__H10,30,30,direction,all,30,100.0,,,,,1,2,0,11,0.0
MountainCar-v0,next-state,10,3.5__MountainCar-v0__next-state__H10,30,30,direction,all,30,100.0,,,,,2,0,1,1,100.0
MountainCar-v0,next-state,10,3.5__MountainCar-v0__next-state__H10,30,30,direction,all,30,100.0,,,,,2,1,0,1,0.0
MountainCar-v0,next-state,10,3.5__MountainCar-v0__next-state__H10,30,30,direction,all,30,100.0,,,,,2,2,0,1,0.0
MountainCar-v0,next-state,20,3.5__MountainCar-v0__next-state__H20,10,10,direction,all,10,100.0,,,,,0,0,13,14,92.85714285714286
MountainCar-v0,next-state,20,3.5__MountainCar-v0__next-state__H20,10,10,direction,all,10,100.0,,,,,0,1,1,14,7.142857142857143
MountainCar-v0,next-state,20,3.5__MountainCar-v0__next-state__H20,10,10,direction,all,10,100.0,,,,,0,2,0,14,0.0
MountainCar-v0,next-state,20,3.5__MountainCar-v0__next-state__H20,10,10,direction,all,10,100.0,,,,,1,0,4,5,80.0
MountainCar-v0,next-state,20,3.5__MountainCar-v0__next-state__H20,10,10,direction,all,10,100.0,,,,,1,1,1,5,20.0
MountainCar-v0,next-state,20,3.5__MountainCar-v0__next-state__H20,10,10,direction,all,10,100.0,,,,,1,2,0,5,0.0
MountainCar-v0,next-state,20,3.5__MountainCar-v0__next-state__H20,10,10,direction,all,10,100.0,,,,,2,0,1,1,100.0
MountainCar-v0,next-state,20,3.5__MountainCar-v0__next-state__H20,10,10,direction,all,10,100.0,,,,,2,1,0,1,0.0
MountainCar-v0,next-state,20,3.5__MountainCar-v0__next-state__H20,10,10,direction,all,10,100.0,,,,,2,2,0,1,0.0
MountainCar-v0,next-state,20,3.5__MountainCar-v0__next-state__H20,20,20,direction,all,20,100.0,,,,,0,0,29,30,96.66666666666667
MountainCar-v0,next-state,20,3.5__MountainCar-v0__next-state__H20,20,20,direction,all,20,100.0,,,,,0,1,1,30,3.3333333333333335
MountainCar-v0,next-state,20,3.5__MountainCar-v0__next-state__H20,20,20,direction,all,20,100.0,,,,,0,2,0,30,0.0
MountainCar-v0,next-state,20,3.5__MountainCar-v0__next-state__H20,20,20,direction,all,20,100.0,,,,,1,0,7,9,77.77777777777777
MountainCar-v0,next-state,20,3.5__MountainCar-v0__next-state__H20,20,20,direction,all,20,100.0,,,,,1,1,2,9,22.22222222222222
MountainCar-v0,next-state,20,3.5__MountainCar-v0__next-state__H20,20,20,direction,all,20,100.0,,,,,1,2,0,9,0.0
MountainCar-v0,next-state,20,3.5__MountainCar-v0__next-state__H20,20,20,direction,all,20,100.0,,,,,2,0,1,1,100.0
MountainCar-v0,next-state,20,3.5__MountainCar-v0__next-state__H20,20,20,direction,all,20,100.0,,,,,2,1,0,1,0.0
MountainCar-v0,next-state,20,3.5__MountainCar-v0__next-state__H20,20,20,direction,all,20,100.0,,,,,2,2,0,1,0.0
MountainCar-v0,next-state,20,3.5__MountainCar-v0__next-state__H20,30,30,direction,all,30,100.0,,,,,0,0,41,44,93.18181818181819
MountainCar-v0,next-state,20,3.5__MountainCar-v0__next-state__H20,30,30,direction,all,30,100.0,,,,,0,1,3,44,6.818181818181818
MountainCar-v0,next-state,20,3.5__MountainCar-v0__next-state__H20,30,30,direction,all,30,100.0,,,,,0,2,0,44,0.0
MountainCar-v0,next-state,20,3.5__MountainCar-v0__next-state__H20,30,30,direction,all,30,100.0,,,,,1,0,13,15,86.66666666666667
MountainCar-v0,next-state,20,3.5__MountainCar-v0__next-state__H20,30,30,direction,all,30,100.0,,,,,1,1,2,15,13.333333333333334
MountainCar-v0,next-state,20,3.5__MountainCar-v0__next-state__H20,30,30,direction,all,30,100.0,,,,,1,2,0,15,0.0
MountainCar-v0,next-state,20,3.5__MountainCar-v0__next-state__H20,30,30,direction,all,30,100.0,,,,,2,0,1,1,100.0
MountainCar-v0,next-state,20,3.5__MountainCar-v0__next-state__H20,30,30,direction,all,30,100.0,,,,,2,1,0,1,0.0
MountainCar-v0,next-state,20,3.5__MountainCar-v0__next-state__H20,30,30,direction,all,30,100.0,,,,,2,2,0,1,0.0
MountainCar-v0,next-state,30,3.5__MountainCar-v0__next-state__H30,10,10,direction,all,10,100.0,,,,,0,0,7,7,100.0
MountainCar-v0,next-state,30,3.5__MountainCar-v0__next-state__H30,10,10,direction,all,10,100.0,,,,,0,1,0,7,0.0
MountainCar-v0,next-state,30,3.5__MountainCar-v0__next-state__H30,10,10,direction,all,10,100.0,,,,,0,2,0,7,0.0
MountainCar-v0,next-state,30,3.5__MountainCar-v0__next-state__H30,10,10,direction,all,10,100.0,,,,,1,0,5,12,41.666666666666664
MountainCar-v0,next-state,30,3.5__MountainCar-v0__next-state__H30,10,10,direction,all,10,100.0,,,,,1,1,6,12,50.0
MountainCar-v0,next-state,30,3.5__MountainCar-v0__next-state__H30,10,10,direction,all,10,100.0,,,,,1,2,1,12,8.333333333333334
MountainCar-v0,next-state,30,3.5__MountainCar-v0__next-state__H30,10,10,direction,all,10,100.0,,,,,2,0,0,1,0.0
MountainCar-v0,next-state,30,3.5__MountainCar-v0__next-state__H30,10,10,direction,all,10,100.0,,,,,2,1,0,1,0.0
MountainCar-v0,next-state,30,3.5__MountainCar-v0__next-state__H30,10,10,direction,all,10,100.0,,,,,2,2,1,1,100.0
MountainCar-v0,next-state,30,3.5__MountainCar-v0__next-state__H30,20,20,direction,all,20,100.0,,,,,0,0,17,19,89.47368421052632
MountainCar-v0,next-state,30,3.5__MountainCar-v0__next-state__H30,20,20,direction,all,20,100.0,,,,,0,1,2,19,10.526315789473685
MountainCar-v0,next-state,30,3.5__MountainCar-v0__next-state__H30,20,20,direction,all,20,100.0,,,,,0,2,0,19,0.0
MountainCar-v0,next-state,30,3.5__MountainCar-v0__next-state__H30,20,20,direction,all,20,100.0,,,,,1,0,11,20,55.0
MountainCar-v0,next-state,30,3.5__MountainCar-v0__next-state__H30,20,20,direction,all,20,100.0,,,,,1,1,8,20,40.0
MountainCar-v0,next-state,30,3.5__MountainCar-v0__next-state__H30,20,20,direction,all,20,100.0,,,,,1,2,1,20,5.0
MountainCar-v0,next-state,30,3.5__MountainCar-v0__next-state__H30,20,20,direction,all,20,100.0,,,,,2,0,0,1,0.0
MountainCar-v0,next-state,30,3.5__MountainCar-v0__next-state__H30,20,20,direction,all,20,100.0,,,,,2,1,0,1,0.0
MountainCar-v0,next-state,30,3.5__MountainCar-v0__next-state__H30,20,20,direction,all,20,100.0,,,,,2,2,1,1,100.0
MountainCar-v0,next-state,30,3.5__MountainCar-v0__next-state__H30,30,30,direction,all,30,100.0,,,,,0,0,24,27,88.88888888888889
MountainCar-v0,next-state,30,3.5__MountainCar-v0__next-state__H30,30,30,direction,all,30,100.0,,,,,0,1,3,27,11.11111111111111
MountainCar-v0,next-state,30,3.5__MountainCar-v0__next-state__H30,30,30,direction,all,30,100.0,,,,,0,2,0,27,0.0
MountainCar-v0,next-state,30,3.5__MountainCar-v0__next-state__H30,30,30,direction,all,30,100.0,,,,,1,0,15,32,46.875
MountainCar-v0,next-state,30,3.5__MountainCar-v0__next-state__H30,30,30,direction,all,30,100.0,,,,,1,1,16,32,50.0
MountainCar-v0,next-state,30,3.5__MountainCar-v0__next-state__H30,30,30,direction,all,30,100.0,,,,,1,2,1,32,3.125
MountainCar-v0,next-state,30,3.5__MountainCar-v0__next-state__H30,30,30,direction,all,30,100.0,,,,,2,0,0,1,0.0
MountainCar-v0,next-state,30,3.5__MountainCar-v0__next-state__H30,30,30,direction,all,30,100.0,,,,,2,1,0,1,0.0
MountainCar-v0,next-state,30,3.5__MountainCar-v0__next-state__H30,30,30,direction,all,30,100.0,,,,,2,2,1,1,100.0
MountainCar-v0,next-state,5,3.5__MountainCar-v0__next-state__H5,10,10,direction,all,9,90.0,,,,,0,0,9,12,75.0
MountainCar-v0,next-state,5,3.5__MountainCar-v0__next-state__H5,10,10,direction,all,9,90.0,,,,,0,1,1,12,8.333333333333334
MountainCar-v0,next-state,5,3.5__MountainCar-v0__next-state__H5,10,10,direction,all,9,90.0,,,,,0,2,2,12,16.666666666666668
MountainCar-v0,next-state,5,3.5__MountainCar-v0__next-state__H5,10,10,direction,all,9,90.0,,,,,1,0,2,5,40.0
MountainCar-v0,next-state,5,3.5__MountainCar-v0__next-state__H5,10,10,direction,all,9,90.0,,,,,1,1,3,5,60.0
MountainCar-v0,next-state,5,3.5__MountainCar-v0__next-state__H5,10,10,direction,all,9,90.0,,,,,1,2,0,5,0.0
MountainCar-v0,next-state,5,3.5__MountainCar-v0__next-state__H5,10,10,direction,all,9,90.0,,,,,2,0,1,1,100.0
MountainCar-v0,next-state,5,3.5__MountainCar-v0__next-state__H5,10,10,direction,all,9,90.0,,,,,2,1,0,1,0.0
MountainCar-v0,next-state,5,3.5__MountainCar-v0__next-state__H5,10,10,direction,all,9,90.0,,,,,2,2,0,1,0.0
MountainCar-v0,next-state,5,3.5__MountainCar-v0__next-state__H5,20,20,direction,all,19,95.0,,,,,0,0,24,29,82.75862068965517
MountainCar-v0,next-state,5,3.5__MountainCar-v0__next-state__H5,20,20,direction,all,19,95.0,,,,,0,1,2,29,6.896551724137931
MountainCar-v0,next-state,5,3.5__MountainCar-v0__next-state__H5,20,20,direction,all,19,95.0,,,,,0,2,3,29,10.344827586206897
MountainCar-v0,next-state,5,3.5__MountainCar-v0__next-state__H5,20,20,direction,all,19,95.0,,,,,1,0,3,8,37.5
MountainCar-v0,next-state,5,3.5__MountainCar-v0__next-state__H5,20,20,direction,all,19,95.0,,,,,1,1,5,8,62.5
MountainCar-v0,next-state,5,3.5__MountainCar-v0__next-state__H5,20,20,direction,all,19,95.0,,,,,1,2,0,8,0.0
MountainCar-v0,next-state,5,3.5__MountainCar-v0__next-state__H5,20,20,direction,all,19,95.0,,,,,2,0,1,1,100.0
MountainCar-v0,next-state,5,3.5__MountainCar-v0__next-state__H5,20,20,direction,all,19,95.0,,,,,2,1,0,1,0.0
MountainCar-v0,next-state,5,3.5__MountainCar-v0__next-state__H5,20,20,direction,all,19,95.0,,,,,2,2,0,1,0.0
MountainCar-v0,next-state,5,3.5__MountainCar-v0__next-state__H5,30,30,direction,all,29,96.66666666666667,,,,,0,0,35,41,85.36585365853658
MountainCar-v0,next-state,5,3.5__MountainCar-v0__next-state__H5,30,30,direction,all,29,96.66666666666667,,,,,0,1,3,41,7.317073170731708
MountainCar-v0,next-state,5,3.5__MountainCar-v0__next-state__H5,30,30,direction,all,29,96.66666666666667,,,,,0,2,3,41,7.317073170731708
MountainCar-v0,next-state,5,3.5__MountainCar-v0__next-state__H5,30,30,direction,all,29,96.66666666666667,,,,,1,0,6,16,37.5
MountainCar-v0,next-state,5,3.5__MountainCar-v0__next-state__H5,30,30,direction,all,29,96.66666666666667,,,,,1,1,10,16,62.5
MountainCar-v0,next-state,5,3.5__MountainCar-v0__next-state__H5,30,30,direction,all,29,96.66666666666667,,,,,1,2,0,16,0.0
MountainCar-v0,next-state,5,3.5__MountainCar-v0__next-state__H5,30,30,direction,all,29,96.66666666666667,,,,,2,0,1,1,100.0
MountainCar-v0,next-state,5,3.5__MountainCar-v0__next-state__H5,30,30,direction,all,29,96.66666666666667,,,,,2,1,0,1,0.0
MountainCar-v0,next-state,5,3.5__MountainCar-v0__next-state__H5,30,30,direction,all,29,96.66666666666667,,,,,2,2,0,1,0.0
Pendulum-v1,last-state,10,3.5__Pendulum-v1__last-state__H10,10,10,direction,all,10,100.0,,,,,0,0,5,12,41.666666666666664
Pendulum-v1,last-state,10,3.5__Pendulum-v1__last-state__H10,10,10,direction,all,10,100.0,,,,,0,1,2,12,16.666666666666668
Pendulum-v1,last-state,10,3.5__Pendulum-v1__last-state__H10,10,10,direction,all,10,100.0,,,,,0,2,5,12,41.666666666666664
Pendulum-v1,last-state,10,3.5__Pendulum-v1__last-state__H10,10,10,direction,all,10,100.0,,,,,1,0,5,15,33.333333333333336
Pendulum-v1,last-state,10,3.5__Pendulum-v1__last-state__H10,10,10,direction,all,10,100.0,,,,,1,1,2,15,13.333333333333334
Pendulum-v1,last-state,10,3.5__Pendulum-v1__last-state__H10,10,10,direction,all,10,100.0,,,,,1,2,8,15,53.333333333333336
Pendulum-v1,last-state,10,3.5__Pendulum-v1__last-state__H10,10,10,direction,all,10,100.0,,,,,2,0,1,3,33.333333333333336
Pendulum-v1,last-state,10,3.5__Pendulum-v1__last-state__H10,10,10,direction,all,10,100.0,,,,,2,1,0,3,0.0
Pendulum-v1,last-state,10,3.5__Pendulum-v1__last-state__H10,10,10,direction,all,10,100.0,,,,,2,2,2,3,66.66666666666667
Pendulum-v1,last-state,10,3.5__Pendulum-v1__last-state__H10,20,20,direction,all,20,100.0,,,,,0,0,16,33,48.484848484848484
Pendulum-v1,last-state,10,3.5__Pendulum-v1__last-state__H10,20,20,direction,all,20,100.0,,,,,0,1,6,33,18.181818181818183
Pendulum-v1,last-state,10,3.5__Pendulum-v1__last-state__H10,20,20,direction,all,20,100.0,,,,,0,2,11,33,33.333333333333336
Pendulum-v1,last-state,10,3.5__Pendulum-v1__last-state__H10,20,20,direction,all,20,100.0,,,,,1,0,7,21,33.333333333333336
Pendulum-v1,last-state,10,3.5__Pendulum-v1__last-state__H10,20,20,direction,all,20,100.0,,,,,1,1,3,21,14.285714285714286
Pendulum-v1,last-state,10,3.5__Pendulum-v1__last-state__H10,20,20,direction,all,20,100.0,,,,,1,2,11,21,52.38095238095238
Pendulum-v1,last-state,10,3.5__Pendulum-v1__last-state__H10,20,20,direction,all,20,100.0,,,,,2,0,3,6,50.0
Pendulum-v1,last-state,10,3.5__Pendulum-v1__last-state__H10,20,20,direction,all,20,100.0,,,,,2,1,1,6,16.666666666666668
Pendulum-v1,last-state,10,3.5__Pendulum-v1__last-state__H10,20,20,direction,all,20,100.0,,,,,2,2,2,6,33.333333333333336
Pendulum-v1,last-state,10,3.5__Pendulum-v1__last-state__H10,30,30,direction,all,29,96.66666666666667,,,,,0,0,22,42,52.38095238095238
Pendulum-v1,last-state,10,3.5__Pendulum-v1__last-state__H10,30,30,direction,all,29,96.66666666666667,,,,,0,1,8,42,19.047619047619047
Pendulum-v1,last-state,10,3.5__Pendulum-v1__last-state__H10,30,30,direction,all,29,96.66666666666667,,,,,0,2,12,42,28.571428571428573
Pendulum-v1,last-state,10,3.5__Pendulum-v1__last-state__H10,30,30,direction,all,29,96.66666666666667,,,,,1,0,12,33,36.36363636363637
Pendulum-v1,last-state,10,3.5__Pendulum-v1__last-state__H10,30,30,direction,all,29,96.66666666666667,,,,,1,1,6,33,18.181818181818183
Pendulum-v1,last-state,10,3.5__Pendulum-v1__last-state__H10,30,30,direction,all,29,96.66666666666667,,,,,1,2,15,33,45.45454545454545
Pendulum-v1,last-state,10,3.5__Pendulum-v1__last-state__H10,30,30,direction,all,29,96.66666666666667,,,,,2,0,5,12,41.666666666666664
Pendulum-v1,last-state,10,3.5__Pendulum-v1__last-state__H10,30,30,direction,all,29,96.66666666666667,,,,,2,1,2,12,16.666666666666668
Pendulum-v1,last-state,10,3.5__Pendulum-v1__last-state__H10,30,30,direction,all,29,96.66666666666667,,,,,2,2,5,12,41.666666666666664
Pendulum-v1,last-state,20,3.5__Pendulum-v1__last-state__H20,10,10,direction,all,10,100.0,,,,,0,0,5,12,41.666666666666664
Pendulum-v1,last-state,20,3.5__Pendulum-v1__last-state__H20,10,10,direction,all,10,100.0,,,,,0,1,1,12,8.333333333333334
Pendulum-v1,last-state,20,3.5__Pendulum-v1__last-state__H20,10,10,direction,all,10,100.0,,,,,0,2,6,12,50.0
Pendulum-v1,last-state,20,3.5__Pendulum-v1__last-state__H20,10,10,direction,all,10,100.0,,,,,1,0,5,15,33.333333333333336
Pendulum-v1,last-state,20,3.5__Pendulum-v1__last-state__H20,10,10,direction,all,10,100.0,,,,,1,1,2,15,13.333333333333334
Pendulum-v1,last-state,20,3.5__Pendulum-v1__last-state__H20,10,10,direction,all,10,100.0,,,,,1,2,8,15,53.333333333333336
Pendulum-v1,last-state,20,3.5__Pendulum-v1__last-state__H20,10,10,direction,all,10,100.0,,,,,2,0,1,3,33.333333333333336
Pendulum-v1,last-state,20,3.5__Pendulum-v1__last-state__H20,10,10,direction,all,10,100.0,,,,,2,1,0,3,0.0
Pendulum-v1,last-state,20,3.5__Pendulum-v1__last-state__H20,10,10,direction,all,10,100.0,,,,,2,2,2,3,66.66666666666667
Pendulum-v1,last-state,20,3.5__Pendulum-v1__last-state__H20,20,20,direction,all,20,100.0,,,,,0,0,16,30,53.333333333333336
Pendulum-v1,last-state,20,3.5__Pendulum-v1__last-state__H20,20,20,direction,all,20,100.0,,,,,0,1,3,30,10.0
Pendulum-v1,last-state,20,3.5__Pendulum-v1__last-state__H20,20,20,direction,all,20,100.0,,,,,0,2,11,30,36.666666666666664
Pendulum-v1,last-state,20,3.5__Pendulum-v1__last-state__H20,20,20,direction,all,20,100.0,,,,,1,0,8,25,32.0
Pendulum-v1,last-state,20,3.5__Pendulum-v1__last-state__H20,20,20,direction,all,20,100.0,,,,,1,1,2,25,8.0
Pendulum-v1,last-state,20,3.5__Pendulum-v1__last-state__H20,20,20,direction,all,20,100.0,,,,,1,2,15,25,60.0
Pendulum-v1,last-state,20,3.5__Pendulum-v1__last-state__H20,20,20,direction,all,20,100.0,,,,,2,0,3,5,60.0
Pendulum-v1,last-state,20,3.5__Pendulum-v1__last-state__H20,20,20,direction,all,20,100.0,,,,,2,1,0,5,0.0
Pendulum-v1,last-state,20,3.5__Pendulum-v1__last-state__H20,20,20,direction,all,20,100.0,,,,,2,2,2,5,40.0
Pendulum-v1,last-state,20,3.5__Pendulum-v1__last-state__H20,30,30,direction,all,28,93.33333333333333,,,,,0,0,19,36,52.77777777777778
Pendulum-v1,last-state,20,3.5__Pendulum-v1__last-state__H20,30,30,direction,all,28,93.33333333333333,,,,,0,1,3,36,8.333333333333334
Pendulum-v1,last-state,20,3.5__Pendulum-v1__last-state__H20,30,30,direction,all,28,93.33333333333333,,,,,0,2,14,36,38.888888888888886
Pendulum-v1,last-state,20,3.5__Pendulum-v1__last-state__H20,30,30,direction,all,28,93.33333333333333,,,,,1,0,14,40,35.0
Pendulum-v1,last-state,20,3.5__Pendulum-v1__last-state__H20,30,30,direction,all,28,93.33333333333333,,,,,1,1,4,40,10.0
Pendulum-v1,last-state,20,3.5__Pendulum-v1__last-state__H20,30,30,direction,all,28,93.33333333333333,,,,,1,2,22,40,55.0
Pendulum-v1,last-state,20,3.5__Pendulum-v1__last-state__H20,30,30,direction,all,28,93.33333333333333,,,,,2,0,3,8,37.5
Pendulum-v1,last-state,20,3.5__Pendulum-v1__last-state__H20,30,30,direction,all,28,93.33333333333333,,,,,2,1,0,8,0.0
Pendulum-v1,last-state,20,3.5__Pendulum-v1__last-state__H20,30,30,direction,all,28,93.33333333333333,,,,,2,2,5,8,62.5
Pendulum-v1,last-state,30,3.5__Pendulum-v1__last-state__H30,10,10,direction,all,10,100.0,,,,,0,0,4,15,26.666666666666668
Pendulum-v1,last-state,30,3.5__Pendulum-v1__last-state__H30,10,10,direction,all,10,100.0,,,,,0,1,0,15,0.0
Pendulum-v1,last-state,30,3.5__Pendulum-v1__last-state__H30,10,10,direction,all,10,100.0,,,,,0,2,11,15,73.33333333333333
Pendulum-v1,last-state,30,3.5__Pendulum-v1__last-state__H30,10,10,direction,all,10,100.0,,,,,1,0,6,13,46.15384615384615
Pendulum-v1,last-state,30,3.5__Pendulum-v1__last-state__H30,10,10,direction,all,10,100.0,,,,,1,1,1,13,7.6923076923076925
Pendulum-v1,last-state,30,3.5__Pendulum-v1__last-state__H30,10,10,direction,all,10,100.0,,,,,1,2,6,13,46.15384615384615
Pendulum-v1,last-state,30,3.5__Pendulum-v1__last-state__H30,10,10,direction,all,10,100.0,,,,,2,0,0,2,0.0
Pendulum-v1,last-state,30,3.5__Pendulum-v1__last-state__H30,10,10,direction,all,10,100.0,,,,,2,1,1,2,50.0
Pendulum-v1,last-state,30,3.5__Pendulum-v1__last-state__H30,10,10,direction,all,10,100.0,,,,,2,2,1,2,50.0
Pendulum-v1,last-state,30,3.5__Pendulum-v1__last-state__H30,20,20,direction,all,20,100.0,,,,,0,0,10,31,32.25806451612903
Pendulum-v1,last-state,30,3.5__Pendulum-v1__last-state__H30,20,20,direction,all,20,100.0,,,,,0,1,4,31,12.903225806451612
Pendulum-v1,last-state,30,3.5__Pendulum-v1__last-state__H30,20,20,direction,all,20,100.0,,,,,0,2,17,31,54.83870967741935
Pendulum-v1,last-state,30,3.5__Pendulum-v1__last-state__H30,20,20,direction,all,20,100.0,,,,,1,0,12,26,46.15384615384615
Pendulum-v1,last-state,30,3.5__Pendulum-v1__last-state__H30,20,20,direction,all,20,100.0,,,,,1,1,4,26,15.384615384615385
Pendulum-v1,last-state,30,3.5__Pendulum-v1__last-state__H30,20,20,direction,all,20,100.0,,,,,1,2,10,26,38.46153846153846
Pendulum-v1,last-state,30,3.5__Pendulum-v1__last-state__H30,20,20,direction,all,20,100.0,,,,,2,0,0,3,0.0
Pendulum-v1,last-state,30,3.5__Pendulum-v1__last-state__H30,20,20,direction,all,20,100.0,,,,,2,1,1,3,33.333333333333336
Pendulum-v1,last-state,30,3.5__Pendulum-v1__last-state__H30,20,20,direction,all,20,100.0,,,,,2,2,2,3,66.66666666666667
Pendulum-v1,last-state,30,3.5__Pendulum-v1__last-state__H30,30,30,direction,all,30,100.0,,,,,0,0,13,39,33.333333333333336
Pendulum-v1,last-state,30,3.5__Pendulum-v1__last-state__H30,30,30,direction,all,30,100.0,,,,,0,1,7,39,17.94871794871795
Pendulum-v1,last-state,30,3.5__Pendulum-v1__last-state__H30,30,30,direction,all,30,100.0,,,,,0,2,19,39,48.717948717948715
Pendulum-v1,last-state,30,3.5__Pendulum-v1__last-state__H30,30,30,direction,all,30,100.0,,,,,1,0,19,43,44.18604651162791
Pendulum-v1,last-state,30,3.5__Pendulum-v1__last-state__H30,30,30,direction,all,30,100.0,,,,,1,1,8,43,18.6046511627907
Pendulum-v1,last-state,30,3.5__Pendulum-v1__last-state__H30,30,30,direction,all,30,100.0,,,,,1,2,16,43,37.2093023255814
Pendulum-v1,last-state,30,3.5__Pendulum-v1__last-state__H30,30,30,direction,all,30,100.0,,,,,2,0,0,8,0.0
Pendulum-v1,last-state,30,3.5__Pendulum-v1__last-state__H30,30,30,direction,all,30,100.0,,,,,2,1,2,8,25.0
Pendulum-v1,last-state,30,3.5__Pendulum-v1__last-state__H30,30,30,direction,all,30,100.0,,,,,2,2,6,8,75.0
Pendulum-v1,last-state,5,3.5__Pendulum-v1__last-state__H5,10,10,direction,all,9,90.0,,,,,0,0,6,11,54.54545454545455
Pendulum-v1,last-state,5,3.5__Pendulum-v1__last-state__H5,10,10,direction,all,9,90.0,,,,,0,1,4,11,36.36363636363637
Pendulum-v1,last-state,5,3.5__Pendulum-v1__last-state__H5,10,10,direction,all,9,90.0,,,,,0,2,1,11,9.090909090909092
Pendulum-v1,last-state,5,3.5__Pendulum-v1__last-state__H5,10,10,direction,all,9,90.0,,,,,1,0,3,13,23.076923076923077
Pendulum-v1,last-state,5,3.5__Pendulum-v1__last-state__H5,10,10,direction,all,9,90.0,,,,,1,1,6,13,46.15384615384615
Pendulum-v1,last-state,5,3.5__Pendulum-v1__last-state__H5,10,10,direction,all,9,90.0,,,,,1,2,4,13,30.76923076923077
Pendulum-v1,last-state,5,3.5__Pendulum-v1__last-state__H5,10,10,direction,all,9,90.0,,,,,2,0,3,3,100.0
Pendulum-v1,last-state,5,3.5__Pendulum-v1__last-state__H5,10,10,direction,all,9,90.0,,,,,2,1,0,3,0.0
Pendulum-v1,last-state,5,3.5__Pendulum-v1__last-state__H5,10,10,direction,all,9,90.0,,,,,2,2,0,3,0.0
Pendulum-v1,last-state,5,3.5__Pendulum-v1__last-state__H5,20,20,direction,all,18,90.0,,,,,0,0,15,28,53.57142857142857
Pendulum-v1,last-state,5,3.5__Pendulum-v1__last-state__H5,20,20,direction,all,18,90.0,,,,,0,1,7,28,25.0
Pendulum-v1,last-state,5,3.5__Pendulum-v1__last-state__H5,20,20,direction,all,18,90.0,,,,,0,2,6,28,21.428571428571427
Pendulum-v1,last-state,5,3.5__Pendulum-v1__last-state__H5,20,20,direction,all,18,90.0,,,,,1,0,5,20,25.0
Pendulum-v1,last-state,5,3.5__Pendulum-v1__last-state__H5,20,20,direction,all,18,90.0,,,,,1,1,8,20,40.0
Pendulum-v1,last-state,5,3.5__Pendulum-v1__last-state__H5,20,20,direction,all,18,90.0,,,,,1,2,7,20,35.0
Pendulum-v1,last-state,5,3.5__Pendulum-v1__last-state__H5,20,20,direction,all,18,90.0,,,,,2,0,4,6,66.66666666666667
Pendulum-v1,last-state,5,3.5__Pendulum-v1__last-state__H5,20,20,direction,all,18,90.0,,,,,2,1,0,6,0.0
Pendulum-v1,last-state,5,3.5__Pendulum-v1__last-state__H5,20,20,direction,all,18,90.0,,,,,2,2,2,6,33.333333333333336
Pendulum-v1,last-state,5,3.5__Pendulum-v1__last-state__H5,30,30,direction,all,26,86.66666666666667,,,,,0,0,19,35,54.285714285714285
Pendulum-v1,last-state,5,3.5__Pendulum-v1__last-state__H5,30,30,direction,all,26,86.66666666666667,,,,,0,1,8,35,22.857142857142858
Pendulum-v1,last-state,5,3.5__Pendulum-v1__last-state__H5,30,30,direction,all,26,86.66666666666667,,,,,0,2,8,35,22.857142857142858
Pendulum-v1,last-state,5,3.5__Pendulum-v1__last-state__H5,30,30,direction,all,26,86.66666666666667,,,,,1,0,11,32,34.375
Pendulum-v1,last-state,5,3.5__Pendulum-v1__last-state__H5,30,30,direction,all,26,86.66666666666667,,,,,1,1,12,32,37.5
Pendulum-v1,last-state,5,3.5__Pendulum-v1__last-state__H5,30,30,direction,all,26,86.66666666666667,,,,,1,2,9,32,28.125
Pendulum-v1,last-state,5,3.5__Pendulum-v1__last-state__H5,30,30,direction,all,26,86.66666666666667,,,,,2,0,5,11,45.45454545454545
Pendulum-v1,last-state,5,3.5__Pendulum-v1__last-state__H5,30,30,direction,all,26,86.66666666666667,,,,,2,1,3,11,27.272727272727273
Pendulum-v1,last-state,5,3.5__Pendulum-v1__last-state__H5,30,30,direction,all,26,86.66666666666667,,,,,2,2,3,11,27.272727272727273
Pendulum-v1,next-state,10,3.5__Pendulum-v1__next-state__H10,10,10,direction,all,10,100.0,,,,,0,0,5,15,33.333333333333336
Pendulum-v1,next-state,10,3.5__Pendulum-v1__next-state__H10,10,10,direction,all,10,100.0,,,,,0,1,1,15,6.666666666666667
Pendulum-v1,next-state,10,3.5__Pendulum-v1__next-state__H10,10,10,direction,all,10,100.0,,,,,0,2,9,15,60.0
Pendulum-v1,next-state,10,3.5__Pendulum-v1__next-state__H10,10,10,direction,all,10,100.0,,,,,1,0,7,12,58.333333333333336
Pendulum-v1,next-state,10,3.5__Pendulum-v1__next-state__H10,10,10,direction,all,10,100.0,,,,,1,1,4,12,33.333333333333336
Pendulum-v1,next-state,10,3.5__Pendulum-v1__next-state__H10,10,10,direction,all,10,100.0,,,,,1,2,1,12,8.333333333333334
Pendulum-v1,next-state,10,3.5__Pendulum-v1__next-state__H10,10,10,direction,all,10,100.0,,,,,2,0,2,3,66.66666666666667
Pendulum-v1,next-state,10,3.5__Pendulum-v1__next-state__H10,10,10,direction,all,10,100.0,,,,,2,1,0,3,0.0
Pendulum-v1,next-state,10,3.5__Pendulum-v1__next-state__H10,10,10,direction,all,10,100.0,,,,,2,2,1,3,33.333333333333336
Pendulum-v1,next-state,10,3.5__Pendulum-v1__next-state__H10,20,20,direction,all,19,95.0,,,,,0,0,11,30,36.666666666666664
Pendulum-v1,next-state,10,3.5__Pendulum-v1__next-state__H10,20,20,direction,all,19,95.0,,,,,0,1,4,30,13.333333333333334
Pendulum-v1,next-state,10,3.5__Pendulum-v1__next-state__H10,20,20,direction,all,19,95.0,,,,,0,2,15,30,50.0
Pendulum-v1,next-state,10,3.5__Pendulum-v1__next-state__H10,20,20,direction,all,19,95.0,,,,,1,0,12,21,57.142857142857146
Pendulum-v1,next-state,10,3.5__Pendulum-v1__next-state__H10,20,20,direction,all,19,95.0,,,,,1,1,7,21,33.333333333333336
Pendulum-v1,next-state,10,3.5__Pendulum-v1__next-state__H10,20,20,direction,all,19,95.0,,,,,1,2,2,21,9.523809523809524
Pendulum-v1,next-state,10,3.5__Pendulum-v1__next-state__H10,20,20,direction,all,19,95.0,,,,,2,0,3,6,50.0
Pendulum-v1,next-state,10,3.5__Pendulum-v1__next-state__H10,20,20,direction,all,19,95.0,,,,,2,1,0,6,0.0
Pendulum-v1,next-state,10,3.5__Pendulum-v1__next-state__H10,20,20,direction,all,19,95.0,,,,,2,2,3,6,50.0
Pendulum-v1,next-state,10,3.5__Pendulum-v1__next-state__H10,30,30,direction,all,29,96.66666666666667,,,,,0,0,16,40,40.0
Pendulum-v1,next-state,10,3.5__Pendulum-v1__next-state__H10,30,30,direction,all,29,96.66666666666667,,,,,0,1,6,40,15.0
Pendulum-v1,next-state,10,3.5__Pendulum-v1__next-state__H10,30,30,direction,all,29,96.66666666666667,,,,,0,2,18,40,45.0
Pendulum-v1,next-state,10,3.5__Pendulum-v1__next-state__H10,30,30,direction,all,29,96.66666666666667,,,,,1,0,17,35,48.57142857142857
Pendulum-v1,next-state,10,3.5__Pendulum-v1__next-state__H10,30,30,direction,all,29,96.66666666666667,,,,,1,1,11,35,31.428571428571427
Pendulum-v1,next-state,10,3.5__Pendulum-v1__next-state__H10,30,30,direction,all,29,96.66666666666667,,,,,1,2,7,35,20.0
Pendulum-v1,next-state,10,3.5__Pendulum-v1__next-state__H10,30,30,direction,all,29,96.66666666666667,,,,,2,0,3,12,25.0
Pendulum-v1,next-state,10,3.5__Pendulum-v1__next-state__H10,30,30,direction,all,29,96.66666666666667,,,,,2,1,1,12,8.333333333333334
Pendulum-v1,next-state,10,3.5__Pendulum-v1__next-state__H10,30,30,direction,all,29,96.66666666666667,,,,,2,2,8,12,66.66666666666667
Pendulum-v1,next-state,20,3.5__Pendulum-v1__next-state__H20,10,10,direction,all,10,100.0,,,,,0,0,5,12,41.666666666666664
Pendulum-v1,next-state,20,3.5__Pendulum-v1__next-state__H20,10,10,direction,all,10,100.0,,,,,0,1,3,12,25.0
Pendulum-v1,next-state,20,3.5__Pendulum-v1__next-state__H20,10,10,direction,all,10,100.0,,,,,0,2,4,12,33.333333333333336
Pendulum-v1,next-state,20,3.5__Pendulum-v1__next-state__H20,10,10,direction,all,10,100.0,,,,,1,0,5,15,33.333333333333336
Pendulum-v1,next-state,20,3.5__Pendulum-v1__next-state__H20,10,10,direction,all,10,100.0,,,,,1,1,3,15,20.0
Pendulum-v1,next-state,20,3.5__Pendulum-v1__next-state__H20,10,10,direction,all,10,100.0,,,,,1,2,7,15,46.666666666666664
Pendulum-v1,next-state,20,3.5__Pendulum-v1__next-state__H20,10,10,direction,all,10,100.0,,,,,2,0,1,3,33.333333333333336
Pendulum-v1,next-state,20,3.5__Pendulum-v1__next-state__H20,10,10,direction,all,10,100.0,,,,,2,1,0,3,0.0
Pendulum-v1,next-state,20,3.5__Pendulum-v1__next-state__H20,10,10,direction,all,10,100.0,,,,,2,2,2,3,66.66666666666667
Pendulum-v1,next-state,20,3.5__Pendulum-v1__next-state__H20,20,20,direction,all,18,90.0,,,,,0,0,8,25,32.0
Pendulum-v1,next-state,20,3.5__Pendulum-v1__next-state__H20,20,20,direction,all,18,90.0,,,,,0,1,6,25,24.0
Pendulum-v1,next-state,20,3.5__Pendulum-v1__next-state__H20,20,20,direction,all,18,90.0,,,,,0,2,11,25,44.0
Pendulum-v1,next-state,20,3.5__Pendulum-v1__next-state__H20,20,20,direction,all,18,90.0,,,,,1,0,9,24,37.5
Pendulum-v1,next-state,20,3.5__Pendulum-v1__next-state__H20,20,20,direction,all,18,90.0,,,,,1,1,5,24,20.833333333333332
Pendulum-v1,next-state,20,3.5__Pendulum-v1__next-state__H20,20,20,direction,all,18,90.0,,,,,1,2,10,24,41.666666666666664
Pendulum-v1,next-state,20,3.5__Pendulum-v1__next-state__H20,20,20,direction,all,18,90.0,,,,,2,0,1,5,20.0
Pendulum-v1,next-state,20,3.5__Pendulum-v1__next-state__H20,20,20,direction,all,18,90.0,,,,,2,1,1,5,20.0
Pendulum-v1,next-state,20,3.5__Pendulum-v1__next-state__H20,20,20,direction,all,18,90.0,,,,,2,2,3,5,60.0
Pendulum-v1,next-state,20,3.5__Pendulum-v1__next-state__H20,30,30,direction,all,28,93.33333333333333,,,,,0,0,9,33,27.272727272727273
Pendulum-v1,next-state,20,3.5__Pendulum-v1__next-state__H20,30,30,direction,all,28,93.33333333333333,,,,,0,1,8,33,24.242424242424242
Pendulum-v1,next-state,20,3.5__Pendulum-v1__next-state__H20,30,30,direction,all,28,93.33333333333333,,,,,0,2,16,33,48.484848484848484
Pendulum-v1,next-state,20,3.5__Pendulum-v1__next-state__H20,30,30,direction,all,28,93.33333333333333,,,,,1,0,18,42,42.857142857142854
Pendulum-v1,next-state,20,3.5__Pendulum-v1__next-state__H20,30,30,direction,all,28,93.33333333333333,,,,,1,1,10,42,23.80952380952381
Pendulum-v1,next-state,20,3.5__Pendulum-v1__next-state__H20,30,30,direction,all,28,93.33333333333333,,,,,1,2,14,42,33.333333333333336
Pendulum-v1,next-state,20,3.5__Pendulum-v1__next-state__H20,30,30,direction,all,28,93.33333333333333,,,,,2,0,4,9,44.44444444444444
Pendulum-v1,next-state,20,3.5__Pendulum-v1__next-state__H20,30,30,direction,all,28,93.33333333333333,,,,,2,1,1,9,11.11111111111111
Pendulum-v1,next-state,20,3.5__Pendulum-v1__next-state__H20,30,30,direction,all,28,93.33333333333333,,,,,2,2,4,9,44.44444444444444
Pendulum-v1,next-state,30,3.5__Pendulum-v1__next-state__H30,10,10,direction,all,10,100.0,,,,,0,0,6,15,40.0
Pendulum-v1,next-state,30,3.5__Pendulum-v1__next-state__H30,10,10,direction,all,10,100.0,,,,,0,1,6,15,40.0
Pendulum-v1,next-state,30,3.5__Pendulum-v1__next-state__H30,10,10,direction,all,10,100.0,,,,,0,2,3,15,20.0
Pendulum-v1,next-state,30,3.5__Pendulum-v1__next-state__H30,10,10,direction,all,10,100.0,,,,,1,0,7,13,53.84615384615385
Pendulum-v1,next-state,30,3.5__Pendulum-v1__next-state__H30,10,10,direction,all,10,100.0,,,,,1,1,2,13,15.384615384615385
Pendulum-v1,next-state,30,3.5__Pendulum-v1__next-state__H30,10,10,direction,all,10,100.0,,,,,1,2,4,13,30.76923076923077
Pendulum-v1,next-state,30,3.5__Pendulum-v1__next-state__H30,10,10,direction,all,10,100.0,,,,,2,0,1,2,50.0
Pendulum-v1,next-state,30,3.5__Pendulum-v1__next-state__H30,10,10,direction,all,10,100.0,,,,,2,1,0,2,0.0
Pendulum-v1,next-state,30,3.5__Pendulum-v1__next-state__H30,10,10,direction,all,10,100.0,,,,,2,2,1,2,50.0
Pendulum-v1,next-state,30,3.5__Pendulum-v1__next-state__H30,20,20,direction,all,20,100.0,,,,,0,0,11,30,36.666666666666664
Pendulum-v1,next-state,30,3.5__Pendulum-v1__next-state__H30,20,20,direction,all,20,100.0,,,,,0,1,9,30,30.0
Pendulum-v1,next-state,30,3.5__Pendulum-v1__next-state__H30,20,20,direction,all,20,100.0,,,,,0,2,10,30,33.333333333333336
Pendulum-v1,next-state,30,3.5__Pendulum-v1__next-state__H30,20,20,direction,all,20,100.0,,,,,1,0,14,28,50.0
Pendulum-v1,next-state,30,3.5__Pendulum-v1__next-state__H30,20,20,direction,all,20,100.0,,,,,1,1,5,28,17.857142857142858
Pendulum-v1,next-state,30,3.5__Pendulum-v1__next-state__H30,20,20,direction,all,20,100.0,,,,,1,2,9,28,32.142857142857146
Pendulum-v1,next-state,30,3.5__Pendulum-v1__next-state__H30,20,20,direction,all,20,100.0,,,,,2,0,1,2,50.0
Pendulum-v1,next-state,30,3.5__Pendulum-v1__next-state__H30,20,20,direction,all,20,100.0,,,,,2,1,0,2,0.0
Pendulum-v1,next-state,30,3.5__Pendulum-v1__next-state__H30,20,20,direction,all,20,100.0,,,,,2,2,1,2,50.0
Pendulum-v1,next-state,30,3.5__Pendulum-v1__next-state__H30,30,30,direction,all,30,100.0,,,,,0,0,14,38,36.8421052631579
Pendulum-v1,next-state,30,3.5__Pendulum-v1__next-state__H30,30,30,direction,all,30,100.0,,,,,0,1,10,38,26.31578947368421
Pendulum-v1,next-state,30,3.5__Pendulum-v1__next-state__H30,30,30,direction,all,30,100.0,,,,,0,2,14,38,36.8421052631579
Pendulum-v1,next-state,30,3.5__Pendulum-v1__next-state__H30,30,30,direction,all,30,100.0,,,,,1,0,19,45,42.22222222222222
Pendulum-v1,next-state,30,3.5__Pendulum-v1__next-state__H30,30,30,direction,all,30,100.0,,,,,1,1,9,45,20.0
Pendulum-v1,next-state,30,3.5__Pendulum-v1__next-state__H30,30,30,direction,all,30,100.0,,,,,1,2,17,45,37.77777777777778
Pendulum-v1,next-state,30,3.5__Pendulum-v1__next-state__H30,30,30,direction,all,30,100.0,,,,,2,0,2,7,28.571428571428573
Pendulum-v1,next-state,30,3.5__Pendulum-v1__next-state__H30,30,30,direction,all,30,100.0,,,,,2,1,0,7,0.0
Pendulum-v1,next-state,30,3.5__Pendulum-v1__next-state__H30,30,30,direction,all,30,100.0,,,,,2,2,5,7,71.42857142857143
Pendulum-v1,next-state,5,3.5__Pendulum-v1__next-state__H5,10,10,direction,all,9,90.0,,,,,0,0,7,15,46.666666666666664
Pendulum-v1,next-state,5,3.5__Pendulum-v1__next-state__H5,10,10,direction,all,9,90.0,,,,,0,1,1,15,6.666666666666667
Pendulum-v1,next-state,5,3.5__Pendulum-v1__next-state__H5,10,10,direction,all,9,90.0,,,,,0,2,7,15,46.666666666666664
Pendulum-v1,next-state,5,3.5__Pendulum-v1__next-state__H5,10,10,direction,all,9,90.0,,,,,1,0,3,10,30.0
Pendulum-v1,next-state,5,3.5__Pendulum-v1__next-state__H5,10,10,direction,all,9,90.0,,,,,1,1,1,10,10.0
Pendulum-v1,next-state,5,3.5__Pendulum-v1__next-state__H5,10,10,direction,all,9,90.0,,,,,1,2,6,10,60.0
Pendulum-v1,next-state,5,3.5__Pendulum-v1__next-state__H5,10,10,direction,all,9,90.0,,,,,2,0,0,2,0.0
Pendulum-v1,next-state,5,3.5__Pendulum-v1__next-state__H5,10,10,direction,all,9,90.0,,,,,2,1,0,2,0.0
Pendulum-v1,next-state,5,3.5__Pendulum-v1__next-state__H5,10,10,direction,all,9,90.0,,,,,2,2,2,2,100.0
Pendulum-v1,next-state,5,3.5__Pendulum-v1__next-state__H5,20,20,direction,all,17,85.0,,,,,0,0,11,29,37.93103448275862
Pendulum-v1,next-state,5,3.5__Pendulum-v1__next-state__H5,20,20,direction,all,17,85.0,,,,,0,1,6,29,20.689655172413794
Pendulum-v1,next-state,5,3.5__Pendulum-v1__next-state__H5,20,20,direction,all,17,85.0,,,,,0,2,12,29,41.37931034482759
Pendulum-v1,next-state,5,3.5__Pendulum-v1__next-state__H5,20,20,direction,all,17,85.0,,,,,1,0,6,17,35.294117647058826
Pendulum-v1,next-state,5,3.5__Pendulum-v1__next-state__H5,20,20,direction,all,17,85.0,,,,,1,1,4,17,23.529411764705884
Pendulum-v1,next-state,5,3.5__Pendulum-v1__next-state__H5,20,20,direction,all,17,85.0,,,,,1,2,7,17,41.1764705882353
Pendulum-v1,next-state,5,3.5__Pendulum-v1__next-state__H5,20,20,direction,all,17,85.0,,,,,2,0,1,5,20.0
Pendulum-v1,next-state,5,3.5__Pendulum-v1__next-state__H5,20,20,direction,all,17,85.0,,,,,2,1,0,5,0.0
Pendulum-v1,next-state,5,3.5__Pendulum-v1__next-state__H5,20,20,direction,all,17,85.0,,,,,2,2,4,5,80.0
Pendulum-v1,next-state,5,3.5__Pendulum-v1__next-state__H5,30,30,direction,all,26,86.66666666666667,,,,,0,0,14,38,36.8421052631579
Pendulum-v1,next-state,5,3.5__Pendulum-v1__next-state__H5,30,30,direction,all,26,86.66666666666667,,,,,0,1,7,38,18.42105263157895
Pendulum-v1,next-state,5,3.5__Pendulum-v1__next-state__H5,30,30,direction,all,26,86.66666666666667,,,,,0,2,17,38,44.73684210526316
Pendulum-v1,next-state,5,3.5__Pendulum-v1__next-state__H5,30,30,direction,all,26,86.66666666666667,,,,,1,0,15,31,48.38709677419355
Pendulum-v1,next-state,5,3.5__Pendulum-v1__next-state__H5,30,30,direction,all,26,86.66666666666667,,,,,1,1,5,31,16.129032258064516
Pendulum-v1,next-state,5,3.5__Pendulum-v1__next-state__H5,30,30,direction,all,26,86.66666666666667,,,,,1,2,11,31,35.483870967741936
Pendulum-v1,next-state,5,3.5__Pendulum-v1__next-state__H5,30,30,direction,all,26,86.66666666666667,,,,,2,0,2,9,22.22222222222222
Pendulum-v1,next-state,5,3.5__Pendulum-v1__next-state__H5,30,30,direction,all,26,86.66666666666667,,,,,2,1,0,9,0.0
Pendulum-v1,next-state,5,3.5__Pendulum-v1__next-state__H5,30,30,direction,all,26,86.66666666666667,,,,,2,2,7,9,77.77777777777777
