task,metric,H,condition_id,subset_n,selected_n,component,dimension,valid_n,parse_success_rate,metric_name,value,std,na_reason
MountainCar-v0,last-state,10,3.5__MountainCar-v0__last-state__H10,10,10,direction,position,10,100.0,accuracy,30.0,,
MountainCar-v0,last-state,10,3.5__MountainCar-v0__last-state__H10,10,10,direction,velocity,10,100.0,accuracy,30.0,,
MountainCar-v0,last-state,10,3.5__MountainCar-v0__last-state__H10,20,20,direction,position,20,100.0,accuracy,35.0,,
MountainCar-v0,last-state,10,3.5__MountainCar-v0__last-state__H10,20,20,direction,velocity,20,100.0,accuracy,25.0,,
MountainCar-v0,last-state,10,3.5__MountainCar-v0__last-state__H10,30,30,direction,position,30,100.0,accuracy,46.666666666666664,,
MountainCar-v0,last-state,10,3.5__MountainCar-v0__last-state__H10,30,30,direction,velocity,30,100.0,accuracy,30.0,,
MountainCar-v0,last-state,20,3.5__MountainCar-v0__last-state__H20,10,10,direction,position,10,100.0,accuracy,40.0,,
MountainCar-v0,last-state,20,3.5__MountainCar-v0__last-state__H20,10,10,direction,velocity,10,100.0,accuracy,60.0,,
MountainCar-v0,last-state,20,3.5__MountainCar-v0__last-state__H20,20,20,direction,position,20,100.0,accuracy,50.0,,
MountainCar-v0,last-state,20,3.5__MountainCar-v0__last-state__H20,20,20,direction,velocity,20,100.0,accuracy,50.0,,
MountainCar-v0,last-state,20,3.5__MountainCar-v0__last-state__H20,30,30,direction,position,30,100.0,accuracy,43.333333333333336,,
MountainCar-v0,last-state,20,3.5__MountainCar-v0__last-state__H20,30,30,direction,velocity,30,100.0,accuracy,53.333333333333336,,
MountainCar-v0,last-state,30,3.5__MountainCar-v0__last-state__H30,10,10,direction,position,10,100.0,accuracy,40.0,,
MountainCar-v0,last-state,30,3.5__MountainCar-v0__last-state__H30,10,10,direction,velocity,10,100.0,accuracy,70.0,,
MountainCar-v0,last-state,30,3.5__MountainCar-v0__last-state__H30,20,20,direction,position,20,100.0,accuracy,55.00000000000001,,
MountainCar-v0,last-state,30,3.5__MountainCar-v0__last-state__H30,20,20,direction,velocity,20,100.0,accuracy,55.00000000000001,,
MountainCar-v0,last-state,30,3.5__MountainCar-v0__last-state__H30,30,30,direction,position,30,100.0,accuracy,53.333333333333336,,
MountainCar-v0,last-state,30,3.5__MountainCar-v0__last-state__H30,30,30,direction,velocity,30,100.0,accuracy,50.0,,
MountainCar-v0,last-state,5,3.5__MountainCar-v0__last-state__H5,10,10,direction,position,10,100.0,accuracy,70.0,,
MountainCar-v0,last-state,5,3.5__MountainCar-v0__last-state__H5,10,10,direction,velocity,10,100.0,accuracy,50.0,,
MountainCar-v0,last-state,5,3.5__MountainCar-v0__last-state__H5,20,20,direction,position,19,95.0,accuracy,68.42105263157895,,
MountainCar-v0,last-state,5,3.5__MountainCar-v0__last-state__H5,20,20,direction,velocity,19,95.0,accuracy,63.1578947368421,,
MountainCar-v0,last-state,5,3.5__MountainCar-v0__last-state__H5,30,30,direction,position,29,96.66666666666667,accuracy,65.51724137931035,,
MountainCar-v0,last-state,5,3.5__MountainCar-v0__last-state__H5,30,30,direction,velocity,29,96.66666666666667,accuracy,58.620689655172406,,
MountainCar-v0,next-state,10,3.5__MountainCar-v0__next-state__H10,10,10,direction,position,10,100.0,accuracy,90.0,,
MountainCar-v0,next-state,10,3.5__MountainCar-v0__next-state__H10,10,10,direction,velocity,10,100.0,accuracy,80.0,,
MountainCar-v0,next-state,10,3.5__MountainCar-v0__next-state__H10,20,20,direction,position,20,100.0,accuracy,90.0,,
MountainCar-v0,next-state,10,3.5__MountainCar-v0__next-state__H10,20,20,direction,velocity,20,100.0,accuracy,75.0,,
MountainCar-v0,next-state,10,3.5__MountainCar-v0__next-state__H10,30,30,direction,position,30,100.0,accuracy,83.33333333333334,,
MountainCar-v0,next-state,10,3.5__MountainCar-v0__next-state__H10,30,30,direction,velocity,30,100.0,accuracy,80.0,,
MountainCar-v0,next-state,20,3.5__MountainCar-v0__next-state__H20,10,10,direction,position,10,100.0,accuracy,90.0,,
MountainCar-v0,next-state,20,3.5__MountainCar-v0__next-state__H20,10,10,direction,velocity,10,100.0,accuracy,50.0,,
MountainCar-v0,next-state,20,3.5__MountainCar-v0__next-state__H20,20,20,direction,position,20,100.0,accuracy,95.0,,
MountainCar-v0,next-state,20,3.5__MountainCar-v0__next-state__H20,20,20,direction,velocity,20,100.0,accuracy,60.0,,
MountainCar-v0,next-state,20,3.5__MountainCar-v0__next-state__H20,30,30,direction,position,30,100.0,accuracy,90.0,,
MountainCar-v0,next-state,20,3.5__MountainCar-v0__next-state__H20,30,30,direction,velocity,30,100.0,accuracy,53.333333333333336,,
MountainCar-v0,next-state,30,3.5__MountainCar-v0__next-state__H30,10,10,direction,position,10,100.0,accuracy,100.0,,
MountainCar-v0,next-state,30,3.5__MountainCar-v0__next-state__H30,10,10,direction,velocity,10,100.0,accuracy,40.0,,
MountainCar-v0,next-state,30,3.5__MountainCar-v0__next-state__H30,20,20,direction,position,20,100.0,accuracy,95.0,,
MountainCar-v0,next-state,30,3.5__MountainCar-v0__next-state__H30,20,20,direction,velocity,20,100.0,accuracy,35.0,,
MountainCar-v0,next-state,30,3.5__MountainCar-v0__next-state__H30,30,30,direction,position,30,100.0,accuracy,93.33333333333333,,
MountainCar-v0,next-state,30,3.5__MountainCar-v0__next-state__H30,30,30,direction,velocity,30,100.0,accuracy,43.333333333333336,,
MountainCar-v0,next-state,5,3.5__MountainCar-v0__next-state__H5,10,10,direction,position,9,90.0,accuracy,77.77777777777779,,
MountainCar-v0,next-state,5,3.5__MountainCar-v0__next-state__H5,10,10,direction,velocity,9,90.0,accuracy,55.55555555555556,,
MountainCar-v0,next-state,5,3.5__MountainCar-v0__next-state__H5,20,20,direction,position,19,95.0,accuracy,78.94736842105263,,
MountainCar-v0,next-state,5,3.5__MountainCar-v0__next-state__H5,20,20,direction,velocity,19,95.0,accuracy,73.68421052631578,,
MountainCar-v0,next-state,5,3.5__MountainCar-v0__next-state__H5,30,30,direction,position,29,96.66666666666667,accuracy,75.86206896551724,,
MountainCar-v0,next-state,5,3.5__MountainCar-v0__next-state__H5,30,30,direction,velocity,29,96.66666666666667,accuracy,79.3103448275862,,
Pendulum-v1,last-state,10,3.5__Pendulum-v1__last-state__H10,10,10,direction,cos(theta),10,100.0,accuracy,30.0,,
Pendulum-v1,last-state,10,3.5__Pendulum-v1__last-state__H10,10,10,direction,sin(theta),10,100.0,accuracy,30.0,,
Pendulum-v1,last-state,10,3.5__Pendulum-v1__last-state__H10,10,10,direction,angular_velocity,10,100.0,accuracy,30.0,,
Pendulum-v1,last-state,10,3.5__Pendulum-v1__last-state__H10,20,20,direction,cos(theta),20,100.0,accuracy,30.0,,
Pendulum-v1,last-state,10,3.5__Pendulum-v1__last-state__H10,20,20,direction,sin(theta),20,100.0,accuracy,35.0,,
Pendulum-v1,last-state,10,3.5__Pendulum-v1__last-state__H10,20,20,direction,angular_velocity,20,100.0,accuracy,40.0,,
Pendulum-v1,last-state,10,3.5__Pendulum-v1__last-state__H10,30,30,direction,cos(theta),29,96.66666666666667,accuracy,31.03448275862069,,
Pendulum-v1,last-state,10,3.5__Pendulum-v1__last-state__H10,30,30,direction,sin(theta),29,96.66666666666667,accuracy,37.93103448275862,,
Pendulum-v1,last-state,10,3.5__Pendulum-v1__last-state__H10,30,30,direction,angular_velocity,29,96.66666666666667,accuracy,44.827586206896555,,
Pendulum-v1,last-state,20,3.5__Pendulum-v1__last-state__H20,10,10,direction,cos(theta),10,100.0,accuracy,20.0,,
Pendulum-v1,last-state,20,3.5__Pendulum-v1__last-state__H20,10,10,direction,sin(theta),10,100.0,accuracy,50.0,,
Pendulum-v1,last-state,20,3.5__Pendulum-v1__last-state__H20,10,10,direction,angular_velocity,10,100.0,accuracy,20.0,,
Pendulum-v1,last-state,20,3.5__Pendulum-v1__last-state__H20,20,20,direction,cos(theta),20,100.0,accuracy,25.0,,
Pendulum-v1,last-state,20,3.5__Pendulum-v1__last-state__H20,20,20,direction,sin(theta),20,100.0,accuracy,50.0,,
Pendulum-v1,last-state,20,3.5__Pendulum-v1__last-state__H20,20,20,direction,angular_velocity,20,100.0,accuracy,25.0,,
Pendulum-v1,last-state,20,3.5__Pendulum-v1__last-state__H20,30,30,direction,cos(theta),28,93.33333333333333,accuracy,32.142857142857146,,
Pendulum-v1,last-state,20,3.5__Pendulum-v1__last-state__H20,30,30,direction,sin(theta),28,93.33333333333333,accuracy,35.714285714285715,,
Pendulum-v1,last-state,20,3.5__Pendulum-v1__last-state__H20,30,30,direction,angular_velocity,28,93.33333333333333,accuracy,32.142857142857146,,
Pendulum-v1,last-state,30,3.5__Pendulum-v1__last-state__H30,10,10,direction,cos(theta),10,100.0,accuracy,20.0,,
Pendulum-v1,last-state,30,3.5__Pendulum-v1__last-state__H30,10,10,direction,sin(theta),10,100.0,accuracy,30.0,,
Pendulum-v1,last-state,30,3.5__Pendulum-v1__last-state__H30,10,10,direction,angular_velocity,10,100.0,accuracy,10.0,,
Pendulum-v1,last-state,30,3.5__Pendulum-v1__last-state__H30,20,20,direction,cos(theta),20,100.0,accuracy,30.0,,
Pendulum-v1,last-state,30,3.5__Pendulum-v1__last-state__H30,20,20,direction,sin(theta),20,100.0,accuracy,35.0,,
Pendulum-v1,last-state,30,3.5__Pendulum-v1__last-state__H30,20,20,direction,angular_velocity,20,100.0,accuracy,15.0,,
Pendulum-v1,last-state,30,3.5__Pendulum-v1__last-state__H30,30,30,direction,cos(theta),30,100.0,accuracy,36.666666666666664,,
Pendulum-v1,last-state,30,3.5__Pendulum-v1__last-state__H30,30,30,direction,sin(theta),30,100.0,accuracy,33.33333333333333,,
Pendulum-v1,last-state,30,3.5__Pendulum-v1__last-state__H30,30,30,direction,angular_velocity,30,100.0,accuracy,20.0,,
Pendulum-v1,last-state,5,3.5__Pendulum-v1__last-state__H5,10,10,direction,cos(theta),9,90.0,accuracy,11.11111111111111,,
Pendulum-v1,last-state,5,3.5__Pendulum-v1__last-state__H5,10,10,direction,sin(theta),9,90.0,accuracy,66.66666666666666,,
Pendulum-v1,last-state,5,3.5__Pendulum-v1__last-state__H5,10,10,direction,angular_velocity,9,90.0,accuracy,55.55555555555556,,
Pendulum-v1,last-state,5,3.5__Pendulum-v1__last-state__H5,20,20,direction,cos(theta),18,90.0,accuracy,27.77777777777778,,
Pendulum-v1,last-state,5,3.5__Pendulum-v1__last-state__H5,20,20,direction,sin(theta),18,90.0,accuracy,61.111111111111114,,
Pendulum-v1,last-state,5,3.5__Pendulum-v1__last-state__H5,20,20,direction,angular_velocity,18,90.0,accuracy,50.0,,
Pendulum-v1,last-state,5,3.5__Pendulum-v1__last-state__H5,30,30,direction,cos(theta),26,86.66666666666667,accuracy,26.923076923076923,,
Pendulum-v1,last-state,5,3.5__Pendulum-v1__last-state__H5,30,30,direction,sin(theta),26,86.66666666666667,accuracy,57.692307692307686,,
Pendulum-v1,last-state,5,3.5__Pendulum-v1__last-state__H5,30,30,direction,angular_velocity,26,86.66666666666667,accuracy,46.15384615384615,,
Pendulum-v1,next-state,10,3.5__Pendulum-v1__next-state__H10,10,10,direction,cos(theta),10,100.0,accuracy,20.0,,
Pendulum-v1,next-state,10,3.5__Pendulum-v1__next-state__H10,10,10,direction,sin(theta),10,100.0,accuracy,50.0,,
Pendulum-v1,next-state,10,3.5__Pendulum-v1__next-state__H10,10,10,direction,angular_velocity,10,100.0,accuracy,30.0,,
Pendulum-v1,next-state,10,3.5__Pendulum-v1__next-state__H10,20,20,direction,cos(theta),19,95.0,accuracy,31.57894736842105,,
Pendulum-v1,next-state,10,3.5__Pendulum-v1__next-state__H10,20,20,direction,sin(theta),19,95.0,accuracy,52.63157894736842,,
Pendulum-v1,next-state,10,3.5__Pendulum-v1__next-state__H10,20,20,direction,angular_velocity,19,95.0,accuracy,26.31578947368421,,
Pendulum-v1,next-state,10,3.5__Pendulum-v1__next-state__H10,30,30,direction,cos(theta),29,96.66666666666667,accuracy,37.93103448275862,,
Pendulum-v1,next-state,10,3.5__Pendulum-v1__next-state__H10,30,30,direction,sin(theta),29,96.66666666666667,accuracy,51.724137931034484,,
Pendulum-v1,next-state,10,3.5__Pendulum-v1__next-state__H10,30,30,direction,angular_velocity,29,96.66666666666667,accuracy,31.03448275862069,,
Pendulum-v1,next-state,20,3.5__Pendulum-v1__next-state__H20,10,10,direction,cos(theta),10,100.0,accuracy,20.0,,
Pendulum-v1,next-state,20,3.5__Pendulum-v1__next-state__H20,10,10,direction,sin(theta),10,100.0,accuracy,40.0,,
Pendulum-v1,next-state,20,3.5__Pendulum-v1__next-state__H20,10,10,direction,angular_velocity,10,100.0,accuracy,40.0,,
Pendulum-v1,next-state,20,3.5__Pendulum-v1__next-state__H20,20,20,direction,cos(theta),18,90.0,accuracy,16.666666666666664,,
Pendulum-v1,next-state,20,3.5__Pendulum-v1__next-state__H20,20,20,direction,sin(theta),18,90.0,accuracy,44.44444444444444,,
Pendulum-v1,next-state,20,3.5__Pendulum-v1__next-state__H20,20,20,direction,angular_velocity,18,90.0,accuracy,27.77777777777778,,
Pendulum-v1,next-state,20,3.5__Pendulum-v1__next-state__H20,30,30,direction,cos(theta),28,93.33333333333333,accuracy,14.285714285714285,,
Pendulum-v1,next-state,20,3.5__Pendulum-v1__next-state__H20,30,30,direction,sin(theta),28,93.33333333333333,accuracy,42.857142857142854,,
Pendulum-v1,next-state,20,3.5__Pendulum-v1__next-state__H20,30,30,direction,angular_velocity,28,93.33333333333333,accuracy,25.0,,
Pendulum-v1,next-state,30,3.5__Pendulum-v1__next-state__H30,10,10,direction,cos(theta),10,100.0,accuracy,20.0,,
Pendulum-v1,next-state,30,3.5__Pendulum-v1__next-state__H30,10,10,direction,sin(theta),10,100.0,accuracy,20.0,,
Pendulum-v1,next-state,30,3.5__Pendulum-v1__next-state__H30,10,10,direction,angular_velocity,10,100.0,accuracy,50.0,,
Pendulum-v1,next-state,30,3.5__Pendulum-v1__next-state__H30,20,20,direction,cos(theta),20,100.0,accuracy,15.0,,
Pendulum-v1,next-state,30,3.5__Pendulum-v1__next-state__H30,20,20,direction,sin(theta),20,100.0,accuracy,20.0,,
Pendulum-v1,next-state,30,3.5__Pendulum-v1__next-state__H30,20,20,direction,angular_velocity,20,100.0,accuracy,50.0,,
Pendulum-v1,next-state,30,3.5__Pendulum-v1__next-state__H30,30,30,direction,cos(theta),30,100.0,accuracy,23.333333333333332,,
Pendulum-v1,next-state,30,3.5__Pendulum-v1__next-state__H30,30,30,direction,sin(theta),30,100.0,accuracy,20.0,,
Pendulum-v1,next-state,30,3.5__Pendulum-v1__next-state__H30,30,30,direction,angular_velocity,30,100.0,accuracy,50.0,,
Pendulum-v1,next-state,5,3.5__Pendulum-v1__next-state__H5,10,10,direction,cos(theta),9,90.0,accuracy,22.22222222222222,,
Pendulum-v1,next-state,5,3.5__Pendulum-v1__next-state__H5,10,10,direction,sin(theta),9,90.0,accuracy,44.44444444444444,,
Pendulum-v1,next-state,5,3.5__Pendulum-v1__next-state__H5,10,10,direction,angular_velocity,9,90.0,accuracy,44.44444444444444,,
Pendulum-v1,next-state,5,3.5__Pendulum-v1__next-state__H5,20,20,direction,cos(theta),17,85.0,accuracy,29.411764705882355,,
Pendulum-v1,next-state,5,3.5__Pendulum-v1__next-state__H5,20,20,direction,sin(theta),17,85.0,accuracy,35.294117647058826,,
Pendulum-v1,next-state,5,3.5__Pendulum-v1__next-state__H5,20,20,direction,angular_velocity,17,85.0,accuracy,47.05882352941176,,
Pendulum-v1,next-state,5,3.5__Pendulum-v1__next-state__H5,30,30,direction,cos(theta),26,86.66666666666667,accuracy,30.76923076923077,,
Pendulum-v1,next-state,5,3.5__Pendulum-v1__next-state__H5,30,30,direction,sin(theta),26,86.66666666666667,accuracy,30.76923076923077,,
Pendulum-v1,next-state,5,3.5__Pendulum-v1__next-state__H5,30,30,direction,angular_velocity,26,86.66666666666667,accuracy,38.46153846153847,,
