task,metric,component,selected_n,valid_n,failed_n,failure_reasons
MountainCar-v0,next-action,action,120,120,0,{}
MountainCar-v0,next-action,all_required,120,120,0,{}
MountainCar-v0,last-action,action,120,118,2,"{""missing_marker"": 2}"
MountainCar-v0,last-action,all_required,120,118,2,"{""one_or_more_components_failed"": 2}"
MountainCar-v0,next-state,direction,120,119,1,"{""missing_marker"": 1}"
MountainCar-v0,next-state,state_value,120,106,14,"{""missing_marker"": 5, ""non_literal_or_placeholder"": 9}"
MountainCar-v0,next-state,state_delta,120,107,13,"{""missing_marker"": 5, ""non_literal_or_placeholder"": 8}"
MountainCar-v0,next-state,all_required,120,103,17,"{""one_or_more_components_failed"": 17}"
MountainCar-v0,last-state,direction,120,119,1,"{""non_literal_or_placeholder"": 1}"
MountainCar-v0,last-state,state_value,120,112,8,"{""missing_marker"": 8}"
MountainCar-v0,last-state,state_delta,120,54,66,"{""non_literal_or_placeholder"": 58, ""missing_marker"": 8}"
MountainCar-v0,last-state,all_required,120,54,66,"{""one_or_more_components_failed"": 66}"
Pendulum-v1,next-action,action_value,120,114,6,"{""missing_marker"": 5, ""non_literal_or_placeholder"": 1}"
Pendulum-v1,next-action,action_bin,120,119,1,"{""non_literal_or_placeholder"": 1}"
Pendulum-v1,next-action,all_required,120,114,6,"{""one_or_more_components_failed"": 6}"
Pendulum-v1,last-action,action_value,120,116,4,"{""missing_marker"": 1, ""wrong_dimension"": 1, ""non_literal_or_placeholder"": 2}"
Pendulum-v1,last-action,action_bin,120,118,2,"{""wrong_dimension"": 2}"
Pendulum-v1,last-action,all_required,120,116,4,"{""one_or_more_components_failed"": 4}"
Pendulum-v1,next-state,direction,120,113,7,"{""missing_marker"": 5, ""non_literal_or_placeholder"": 2}"
Pendulum-v1,next-state,state_value,120,104,16,"{""non_literal_or_placeholder"": 6, ""missing_marker"": 10}"
Pendulum-v1,next-state,state_delta,120,97,23,"{""non_literal_or_placeholder"": 13, ""missing_marker"": 10}"
Pendulum-v1,next-state,all_required,120,92,28,"{""one_or_more_components_failed"": 28}"
Pendulum-v1,last-state,direction,120,113,7,"{""non_literal_or_placeholder"": 4, ""missing_marker"": 3}"
Pendulum-v1,last-state,state_value,120,111,9,"{""non_literal_or_placeholder"": 3, ""missing_marker"": 6}"
Pendulum-v1,last-state,state_delta,120,102,18,"{""non_literal_or_placeholder"": 12, ""missing_marker"": 6}"
Pendulum-v1,last-state,all_required,120,98,22,"{""one_or_more_components_failed"": 22}"
