task,metric,H,condition_id,subset_n,selected_n,component,dimension,valid_n,parse_success_rate,metric_name,value,std,na_reason,bootstrap_repetitions,bootstrap_seed,normalization_width,bootstrap_mean,std_kind
Pendulum-v1,last-action,10,3.5__Pendulum-v1__last-action__H10,10,10,action_value,torque,9,90.0,nrmse,0.34587732823314576,0.14386262045530557,,1000,11789387397854452108,4.0,0.3261863217531739,paired_bootstrap_ddof1
Pendulum-v1,last-action,10,3.5__Pendulum-v1__last-action__H10,10,10,action_value,torque,9,90.0,pearson,-0.008728337052607994,,,1000,11789387397854452108,4.0,,
Pendulum-v1,last-action,10,3.5__Pendulum-v1__last-action__H10,10,10,action_value,torque,9,90.0,cosine,0.10231921627995762,,,1000,11789387397854452108,4.0,,
Pendulum-v1,last-action,10,3.5__Pendulum-v1__last-action__H10,20,20,action_value,torque,19,95.0,nrmse,0.3887534677693645,0.06195242737046194,,1000,5262900480560172148,4.0,0.38569985811450874,paired_bootstrap_ddof1
Pendulum-v1,last-action,10,3.5__Pendulum-v1__last-action__H10,20,20,action_value,torque,19,95.0,pearson,-0.08944321435681248,,,1000,5262900480560172148,4.0,,
Pendulum-v1,last-action,10,3.5__Pendulum-v1__last-action__H10,20,20,action_value,torque,19,95.0,cosine,-0.07000035636875859,,,1000,5262900480560172148,4.0,,
Pendulum-v1,last-action,10,3.5__Pendulum-v1__last-action__H10,30,30,action_value,torque,28,93.33333333333333,nrmse,0.3914811638828273,0.05000970296033311,,1000,10859813758132046847,4.0,0.38892646250637924,paired_bootstrap_ddof1
Pendulum-v1,last-action,10,3.5__Pendulum-v1__last-action__H10,30,30,action_value,torque,28,93.33333333333333,pearson,-0.12119038147722323,,,1000,10859813758132046847,4.0,,
Pendulum-v1,last-action,10,3.5__Pendulum-v1__last-action__H10,30,30,action_value,torque,28,93.33333333333333,cosine,-0.03486638046731333,,,1000,10859813758132046847,4.0,,
Pendulum-v1,last-action,20,3.5__Pendulum-v1__last-action__H20,10,10,action_value,torque,10,100.0,nrmse,0.18168854925210745,0.05039210121739097,,1000,8082932269689936260,4.0,0.17356435847195292,paired_bootstrap_ddof1
Pendulum-v1,last-action,20,3.5__Pendulum-v1__last-action__H20,10,10,action_value,torque,10,100.0,pearson,0.6994886070328047,,,1000,8082932269689936260,4.0,,
Pendulum-v1,last-action,20,3.5__Pendulum-v1__last-action__H20,10,10,action_value,torque,10,100.0,cosine,0.7024388128040766,,,1000,8082932269689936260,4.0,,
Pendulum-v1,last-action,20,3.5__Pendulum-v1__last-action__H20,20,20,action_value,torque,20,100.0,nrmse,0.1637431930195374,0.030459118950458785,,1000,12482985993031331695,4.0,0.16089798312794368,paired_bootstrap_ddof1
Pendulum-v1,last-action,20,3.5__Pendulum-v1__last-action__H20,20,20,action_value,torque,20,100.0,pearson,0.7852005784530859,,,1000,12482985993031331695,4.0,,
Pendulum-v1,last-action,20,3.5__Pendulum-v1__last-action__H20,20,20,action_value,torque,20,100.0,cosine,0.7693508041200781,,,1000,12482985993031331695,4.0,,
Pendulum-v1,last-action,20,3.5__Pendulum-v1__last-action__H20,30,30,action_value,torque,29,96.66666666666667,nrmse,0.2239791083271208,0.035768026097733344,,1000,13537865598610752374,4.0,0.22017869962860356,paired_bootstrap_ddof1
Pendulum-v1,last-action,20,3.5__Pendulum-v1__last-action__H20,30,30,action_value,torque,29,96.66666666666667,pearson,0.566119677357972,,,1000,13537865598610752374,4.0,,
Pendulum-v1,last-action,20,3.5__Pendulum-v1__last-action__H20,30,30,action_value,torque,29,96.66666666666667,cosine,0.5390672635503849,,,1000,13537865598610752374,4.0,,
Pendulum-v1,last-action,30,3.5__Pendulum-v1__last-action__H30,10,10,action_value,torque,10,100.0,nrmse,0.27804495126930096,0.08855730189882556,,1000,1845441754049823348,4.0,0.2624541342484662,paired_bootstrap_ddof1
Pendulum-v1,last-action,30,3.5__Pendulum-v1__last-action__H30,10,10,action_value,torque,10,100.0,pearson,0.42180209312931405,,,1000,1845441754049823348,4.0,,
Pendulum-v1,last-action,30,3.5__Pendulum-v1__last-action__H30,10,10,action_value,torque,10,100.0,cosine,0.40125221725388294,,,1000,1845441754049823348,4.0,,
Pendulum-v1,last-action,30,3.5__Pendulum-v1__last-action__H30,20,20,action_value,torque,20,100.0,nrmse,0.2398966920302241,0.05260984181518907,,1000,14375966880694507758,4.0,0.23636526343894151,paired_bootstrap_ddof1
Pendulum-v1,last-action,30,3.5__Pendulum-v1__last-action__H30,20,20,action_value,torque,20,100.0,pearson,0.5019590327848908,,,1000,14375966880694507758,4.0,,
Pendulum-v1,last-action,30,3.5__Pendulum-v1__last-action__H30,20,20,action_value,torque,20,100.0,cosine,0.49535757762711013,,,1000,14375966880694507758,4.0,,
Pendulum-v1,last-action,30,3.5__Pendulum-v1__last-action__H30,30,30,action_value,torque,30,100.0,nrmse,0.24849775418593062,0.039069642558374744,,1000,3458342458622078825,4.0,0.24530305562400712,paired_bootstrap_ddof1
Pendulum-v1,last-action,30,3.5__Pendulum-v1__last-action__H30,30,30,action_value,torque,30,100.0,pearson,0.4573558591005296,,,1000,3458342458622078825,4.0,,
Pendulum-v1,last-action,30,3.5__Pendulum-v1__last-action__H30,30,30,action_value,torque,30,100.0,cosine,0.44759060944462087,,,1000,3458342458622078825,4.0,,
Pendulum-v1,last-action,5,3.5__Pendulum-v1__last-action__H5,10,10,action_value,torque,9,90.0,nrmse,0.3412533088671402,0.0897037127324329,,1000,7440121568727531708,4.0,0.3328353409768116,paired_bootstrap_ddof1
Pendulum-v1,last-action,5,3.5__Pendulum-v1__last-action__H5,10,10,action_value,torque,9,90.0,pearson,-0.27888772918773175,,,1000,7440121568727531708,4.0,,
Pendulum-v1,last-action,5,3.5__Pendulum-v1__last-action__H5,10,10,action_value,torque,9,90.0,cosine,-0.29798457696507946,,,1000,7440121568727531708,4.0,,
Pendulum-v1,last-action,5,3.5__Pendulum-v1__last-action__H5,20,20,action_value,torque,19,95.0,nrmse,0.3729157103759291,0.04336280492585545,,1000,1336417708050806383,4.0,0.37252416870235616,paired_bootstrap_ddof1
Pendulum-v1,last-action,5,3.5__Pendulum-v1__last-action__H5,20,20,action_value,torque,19,95.0,pearson,-0.20390915093415424,,,1000,1336417708050806383,4.0,,
Pendulum-v1,last-action,5,3.5__Pendulum-v1__last-action__H5,20,20,action_value,torque,19,95.0,cosine,-0.20318446959498435,,,1000,1336417708050806383,4.0,,
Pendulum-v1,last-action,5,3.5__Pendulum-v1__last-action__H5,30,30,action_value,torque,29,96.66666666666667,nrmse,0.34852028076030594,0.034000961117566085,,1000,13688765119190267276,4.0,0.34726693525199426,paired_bootstrap_ddof1
Pendulum-v1,last-action,5,3.5__Pendulum-v1__last-action__H5,30,30,action_value,torque,29,96.66666666666667,pearson,0.10482895384821334,,,1000,13688765119190267276,4.0,,
Pendulum-v1,last-action,5,3.5__Pendulum-v1__last-action__H5,30,30,action_value,torque,29,96.66666666666667,cosine,0.07979726744630351,,,1000,13688765119190267276,4.0,,
Pendulum-v1,next-action,10,3.5__Pendulum-v1__next-action__H10,10,10,action_value,torque,9,90.0,nrmse,0.32967090799791454,0.08663622077154555,,1000,13643724981228458051,4.0,0.3204839142915653,paired_bootstrap_ddof1
Pendulum-v1,next-action,10,3.5__Pendulum-v1__next-action__H10,10,10,action_value,torque,9,90.0,pearson,0.30060101560096597,,,1000,13643724981228458051,4.0,,
Pendulum-v1,next-action,10,3.5__Pendulum-v1__next-action__H10,10,10,action_value,torque,9,90.0,cosine,0.297549926246869,,,1000,13643724981228458051,4.0,,
Pendulum-v1,next-action,10,3.5__Pendulum-v1__next-action__H10,20,20,action_value,torque,18,90.0,nrmse,0.3246479702784026,0.055212961662641453,,1000,3976081222292071300,4.0,0.3203473729928693,paired_bootstrap_ddof1
Pendulum-v1,next-action,10,3.5__Pendulum-v1__next-action__H10,20,20,action_value,torque,18,90.0,pearson,0.2968003787370278,,,1000,3976081222292071300,4.0,,
Pendulum-v1,next-action,10,3.5__Pendulum-v1__next-action__H10,20,20,action_value,torque,18,90.0,cosine,0.2925137079728383,,,1000,3976081222292071300,4.0,,
Pendulum-v1,next-action,10,3.5__Pendulum-v1__next-action__H10,30,30,action_value,torque,27,90.0,nrmse,0.33307594623992,0.051262517869205604,,1000,14922316507581068963,4.0,0.33104440228044474,paired_bootstrap_ddof1
Pendulum-v1,next-action,10,3.5__Pendulum-v1__next-action__H10,30,30,action_value,torque,27,90.0,pearson,0.24596470735520648,,,1000,14922316507581068963,4.0,,
Pendulum-v1,next-action,10,3.5__Pendulum-v1__next-action__H10,30,30,action_value,torque,27,90.0,cosine,0.2932412095924065,,,1000,14922316507581068963,4.0,,
Pendulum-v1,next-action,20,3.5__Pendulum-v1__next-action__H20,10,10,action_value,torque,10,100.0,nrmse,0.41092474477991536,0.0720977551310739,,1000,13498069575279237487,4.0,0.40294967508252244,paired_bootstrap_ddof1
Pendulum-v1,next-action,20,3.5__Pendulum-v1__next-action__H20,10,10,action_value,torque,10,100.0,pearson,-0.513027108581753,,,1000,13498069575279237487,4.0,,
Pendulum-v1,next-action,20,3.5__Pendulum-v1__next-action__H20,10,10,action_value,torque,10,100.0,cosine,-0.44577517338831607,,,1000,13498069575279237487,4.0,,
Pendulum-v1,next-action,20,3.5__Pendulum-v1__next-action__H20,20,20,action_value,torque,20,100.0,nrmse,0.3756182299388394,0.04324568637080228,,1000,4635358092010263494,4.0,0.37287241691706696,paired_bootstrap_ddof1
Pendulum-v1,next-action,20,3.5__Pendulum-v1__next-action__H20,20,20,action_value,torque,20,100.0,pearson,-0.33654346545657876,,,1000,4635358092010263494,4.0,,
Pendulum-v1,next-action,20,3.5__Pendulum-v1__next-action__H20,20,20,action_value,torque,20,100.0,cosine,-0.3196776746256156,,,1000,4635358092010263494,4.0,,
Pendulum-v1,next-action,20,3.5__Pendulum-v1__next-action__H20,30,30,action_value,torque,30,100.0,nrmse,0.3895782443489192,0.042203533027100434,,1000,2675527824629949307,4.0,0.3849671603754122,paired_bootstrap_ddof1
Pendulum-v1,next-action,20,3.5__Pendulum-v1__next-action__H20,30,30,action_value,torque,30,100.0,pearson,-0.4658871310389802,,,1000,2675527824629949307,4.0,,
Pendulum-v1,next-action,20,3.5__Pendulum-v1__next-action__H20,30,30,action_value,torque,30,100.0,cosine,-0.4331626099559083,,,1000,2675527824629949307,4.0,,
Pendulum-v1,next-action,30,3.5__Pendulum-v1__next-action__H30,10,10,action_value,torque,10,100.0,nrmse,0.24247639013875324,0.05240886155805367,,1000,3467472413993104043,4.0,0.23822371699455294,paired_bootstrap_ddof1
Pendulum-v1,next-action,30,3.5__Pendulum-v1__next-action__H30,10,10,action_value,torque,10,100.0,pearson,0.5368868615376957,,,1000,3467472413993104043,4.0,,
Pendulum-v1,next-action,30,3.5__Pendulum-v1__next-action__H30,10,10,action_value,torque,10,100.0,cosine,0.5073509151506579,,,1000,3467472413993104043,4.0,,
Pendulum-v1,next-action,30,3.5__Pendulum-v1__next-action__H30,20,20,action_value,torque,20,100.0,nrmse,0.30943245726849716,0.04938117110442579,,1000,14194138710402333733,4.0,0.3079587731934364,paired_bootstrap_ddof1
Pendulum-v1,next-action,30,3.5__Pendulum-v1__next-action__H30,20,20,action_value,torque,20,100.0,pearson,0.02781107470785844,,,1000,14194138710402333733,4.0,,
Pendulum-v1,next-action,30,3.5__Pendulum-v1__next-action__H30,20,20,action_value,torque,20,100.0,cosine,0.030143805913906464,,,1000,14194138710402333733,4.0,,
Pendulum-v1,next-action,30,3.5__Pendulum-v1__next-action__H30,30,30,action_value,torque,30,100.0,nrmse,0.3113174623594525,0.0427851011065603,,1000,12854342524067103248,4.0,0.3069058089668035,paired_bootstrap_ddof1
Pendulum-v1,next-action,30,3.5__Pendulum-v1__next-action__H30,30,30,action_value,torque,30,100.0,pearson,0.0409287197357836,,,1000,12854342524067103248,4.0,,
Pendulum-v1,next-action,30,3.5__Pendulum-v1__next-action__H30,30,30,action_value,torque,30,100.0,cosine,0.1025707688985868,,,1000,12854342524067103248,4.0,,
Pendulum-v1,next-action,5,3.5__Pendulum-v1__next-action__H5,10,10,action_value,torque,9,90.0,nrmse,0.3675160813731195,0.08865729654520606,,1000,407048715820399275,4.0,0.35386425026770885,paired_bootstrap_ddof1
Pendulum-v1,next-action,5,3.5__Pendulum-v1__next-action__H5,10,10,action_value,torque,9,90.0,pearson,-0.24848355731331723,,,1000,407048715820399275,4.0,,
Pendulum-v1,next-action,5,3.5__Pendulum-v1__next-action__H5,10,10,action_value,torque,9,90.0,cosine,-0.2244230488504552,,,1000,407048715820399275,4.0,,
Pendulum-v1,next-action,5,3.5__Pendulum-v1__next-action__H5,20,20,action_value,torque,17,85.0,nrmse,0.466715483963731,0.05837829079349904,,1000,11632588042696284882,4.0,0.4612509766749586,paired_bootstrap_ddof1
Pendulum-v1,next-action,5,3.5__Pendulum-v1__next-action__H5,20,20,action_value,torque,17,85.0,pearson,-0.5705854066086495,,,1000,11632588042696284882,4.0,,
Pendulum-v1,next-action,5,3.5__Pendulum-v1__next-action__H5,20,20,action_value,torque,17,85.0,cosine,-0.570813909871383,,,1000,11632588042696284882,4.0,,
Pendulum-v1,next-action,5,3.5__Pendulum-v1__next-action__H5,30,30,action_value,torque,27,90.0,nrmse,0.433864926705894,0.04531867135628955,,1000,10256543163409613928,4.0,0.4310942087889862,paired_bootstrap_ddof1
Pendulum-v1,next-action,5,3.5__Pendulum-v1__next-action__H5,30,30,action_value,torque,27,90.0,pearson,-0.31538172138266596,,,1000,10256543163409613928,4.0,,
Pendulum-v1,next-action,5,3.5__Pendulum-v1__next-action__H5,30,30,action_value,torque,27,90.0,cosine,-0.3119921622694121,,,1000,10256543163409613928,4.0,,
Pendulum-v1,last-action,10,3.5__Pendulum-v1__last-action__H10,10,10,action_bin,all,9,90.0,bin_mae,1.6666666666666667,,,,,,,
Pendulum-v1,last-action,10,3.5__Pendulum-v1__last-action__H10,20,20,action_bin,all,19,95.0,bin_mae,3.0,,,,,,,
Pendulum-v1,last-action,10,3.5__Pendulum-v1__last-action__H10,30,30,action_bin,all,29,96.66666666666667,bin_mae,3.103448275862069,,,,,,,
Pendulum-v1,last-action,20,3.5__Pendulum-v1__last-action__H20,10,10,action_bin,all,10,100.0,bin_mae,1.1,,,,,,,
Pendulum-v1,last-action,20,3.5__Pendulum-v1__last-action__H20,20,20,action_bin,all,20,100.0,bin_mae,1.25,,,,,,,
Pendulum-v1,last-action,20,3.5__Pendulum-v1__last-action__H20,30,30,action_bin,all,29,96.66666666666667,bin_mae,1.6551724137931034,,,,,,,
Pendulum-v1,last-action,30,3.5__Pendulum-v1__last-action__H30,10,10,action_bin,all,10,100.0,bin_mae,1.5,,,,,,,
Pendulum-v1,last-action,30,3.5__Pendulum-v1__last-action__H30,20,20,action_bin,all,20,100.0,bin_mae,1.65,,,,,,,
Pendulum-v1,last-action,30,3.5__Pendulum-v1__last-action__H30,30,30,action_bin,all,30,100.0,bin_mae,1.7666666666666666,,,,,,,
Pendulum-v1,last-action,5,3.5__Pendulum-v1__last-action__H5,10,10,action_bin,all,10,100.0,bin_mae,2.6,,,,,,,
Pendulum-v1,last-action,5,3.5__Pendulum-v1__last-action__H5,20,20,action_bin,all,20,100.0,bin_mae,3.1,,,,,,,
Pendulum-v1,last-action,5,3.5__Pendulum-v1__last-action__H5,30,30,action_bin,all,30,100.0,bin_mae,2.8333333333333335,,,,,,,
Pendulum-v1,next-action,10,3.5__Pendulum-v1__next-action__H10,10,10,action_bin,all,9,90.0,bin_mae,2.2222222222222223,,,,,,,
Pendulum-v1,next-action,10,3.5__Pendulum-v1__next-action__H10,20,20,action_bin,all,19,95.0,bin_mae,2.473684210526316,,,,,,,
Pendulum-v1,next-action,10,3.5__Pendulum-v1__next-action__H10,30,30,action_bin,all,29,96.66666666666667,bin_mae,2.4827586206896552,,,,,,,
Pendulum-v1,next-action,20,3.5__Pendulum-v1__next-action__H20,10,10,action_bin,all,10,100.0,bin_mae,3.1,,,,,,,
Pendulum-v1,next-action,20,3.5__Pendulum-v1__next-action__H20,20,20,action_bin,all,20,100.0,bin_mae,3.1,,,,,,,
Pendulum-v1,next-action,20,3.5__Pendulum-v1__next-action__H20,30,30,action_bin,all,30,100.0,bin_mae,3.2,,,,,,,
Pendulum-v1,next-action,30,3.5__Pendulum-v1__next-action__H30,10,10,action_bin,all,10,100.0,bin_mae,1.5,,,,,,,
Pendulum-v1,next-action,30,3.5__Pendulum-v1__next-action__H30,20,20,action_bin,all,20,100.0,bin_mae,2.2,,,,,,,
Pendulum-v1,next-action,30,3.5__Pendulum-v1__next-action__H30,30,30,action_bin,all,30,100.0,bin_mae,2.2333333333333334,,,,,,,
Pendulum-v1,next-action,5,3.5__Pendulum-v1__next-action__H5,10,10,action_bin,all,10,100.0,bin_mae,2.5,,,,,,,
Pendulum-v1,next-action,5,3.5__Pendulum-v1__next-action__H5,20,20,action_bin,all,20,100.0,bin_mae,3.45,,,,,,,
Pendulum-v1,next-action,5,3.5__Pendulum-v1__next-action__H5,30,30,action_bin,all,30,100.0,bin_mae,3.2333333333333334,,,,,,,
