task,metric,H,condition_id,subset_n,selected_n,component,dimension,valid_n,parse_success_rate,metric_name,value,std,na_reason,bootstrap_repetitions,bootstrap_seed,bootstrap_mean,std_kind
MountainCar-v0,last-state,10,3.5__MountainCar-v0__last-state__H10,10,10,state_value,macro,9,90.0,macro_nrmse,0.020426016124239502,0.008111410595516245,,1000,9692605439688434403,0.018042555426491583,paired_bootstrap_ddof1
MountainCar-v0,last-state,10,3.5__MountainCar-v0__last-state__H10,10,10,state_delta,macro,4,40.0,macro_nrmse,0.04250067277985867,0.010342584182442075,,1000,12824939119464185757,0.03861397594365884,paired_bootstrap_ddof1
MountainCar-v0,last-state,10,3.5__MountainCar-v0__last-state__H10,20,20,state_value,macro,19,95.0,macro_nrmse,0.01597057076790945,0.0054398018827888405,,1000,14653412153526300448,0.01468553200997462,paired_bootstrap_ddof1
MountainCar-v0,last-state,10,3.5__MountainCar-v0__last-state__H10,20,20,state_delta,macro,12,60.0,macro_nrmse,0.028931623062035297,0.006239393582987137,,1000,16415692050314806052,0.02751619827875705,paired_bootstrap_ddof1
MountainCar-v0,last-state,10,3.5__MountainCar-v0__last-state__H10,30,30,state_value,macro,28,93.33333333333333,macro_nrmse,0.017997026412372722,0.004965555401989457,,1000,2724244056471715524,0.01712152404653994,paired_bootstrap_ddof1
MountainCar-v0,last-state,10,3.5__MountainCar-v0__last-state__H10,30,30,state_delta,macro,16,53.333333333333336,macro_nrmse,0.0344963548851874,0.005478713210081892,,1000,16565866555844225272,0.03339679478690163,paired_bootstrap_ddof1
MountainCar-v0,last-state,20,3.5__MountainCar-v0__last-state__H20,10,10,state_value,macro,9,90.0,macro_nrmse,0.007441995189135971,0.00018962375187037036,,1000,3216265938412380705,0.007382943625930925,paired_bootstrap_ddof1
MountainCar-v0,last-state,20,3.5__MountainCar-v0__last-state__H20,10,10,state_delta,macro,3,30.0,macro_nrmse,0.026772615983440176,0.011555389840799913,,1000,14544703832924622550,0.023189740275520208,paired_bootstrap_ddof1
MountainCar-v0,last-state,20,3.5__MountainCar-v0__last-state__H20,20,20,state_value,macro,18,90.0,macro_nrmse,0.00794174061585431,0.0004672249817570349,,1000,11900057479576776501,0.0078931913600289,paired_bootstrap_ddof1
MountainCar-v0,last-state,20,3.5__MountainCar-v0__last-state__H20,20,20,state_delta,macro,5,25.0,macro_nrmse,0.022795558688359256,0.008938335496413905,,1000,12184551391861905751,0.020423438797544265,paired_bootstrap_ddof1
MountainCar-v0,last-state,20,3.5__MountainCar-v0__last-state__H20,30,30,state_value,macro,28,93.33333333333333,macro_nrmse,0.007647831883887318,0.0003337293237347511,,1000,10965387572897915284,0.007604900014353753,paired_bootstrap_ddof1
MountainCar-v0,last-state,20,3.5__MountainCar-v0__last-state__H20,30,30,state_delta,macro,9,30.0,macro_nrmse,0.10248860400236472,0.04755522917232728,,1000,4536387447395827408,0.08795220688862479,paired_bootstrap_ddof1
MountainCar-v0,last-state,30,3.5__MountainCar-v0__last-state__H30,10,10,state_value,macro,9,90.0,macro_nrmse,0.011127226823795175,0.001417105059589283,,1000,14701103912440640660,0.010951083785257868,paired_bootstrap_ddof1
MountainCar-v0,last-state,30,3.5__MountainCar-v0__last-state__H30,10,10,state_delta,macro,1,10.0,macro_nrmse,0.02972993541331518,1.041354893267205e-17,,1000,5952640778476893797,0.02972993541331519,paired_bootstrap_ddof1
MountainCar-v0,last-state,30,3.5__MountainCar-v0__last-state__H30,20,20,state_value,macro,16,80.0,macro_nrmse,0.010421185901552957,0.001009839933252728,,1000,7667669541130436232,0.010312953519764136,paired_bootstrap_ddof1
MountainCar-v0,last-state,30,3.5__MountainCar-v0__last-state__H30,20,20,state_delta,macro,1,5.0,macro_nrmse,0.02972993541331518,1.041354893267205e-17,,1000,533290705315029737,0.02972993541331519,paired_bootstrap_ddof1
MountainCar-v0,last-state,30,3.5__MountainCar-v0__last-state__H30,30,30,state_value,macro,26,86.66666666666667,macro_nrmse,0.012129550443820952,0.001450216863303394,,1000,8415287564921327586,0.01198998829309453,paired_bootstrap_ddof1
MountainCar-v0,last-state,30,3.5__MountainCar-v0__last-state__H30,30,30,state_delta,macro,6,20.0,macro_nrmse,0.026443998287820604,0.0035225280174793444,,1000,17644391898532795834,0.02620872541620306,paired_bootstrap_ddof1
MountainCar-v0,last-state,5,3.5__MountainCar-v0__last-state__H5,10,10,state_value,macro,10,100.0,macro_nrmse,0.007082972775752124,0.0007586553509807058,,1000,1087837969477256981,0.006983403745727567,paired_bootstrap_ddof1
MountainCar-v0,last-state,5,3.5__MountainCar-v0__last-state__H5,10,10,state_delta,macro,9,90.0,macro_nrmse,0.013295883741374876,0.0033845516329097983,,1000,17432218578065647177,0.012801682117730633,paired_bootstrap_ddof1
MountainCar-v0,last-state,5,3.5__MountainCar-v0__last-state__H5,20,20,state_value,macro,20,100.0,macro_nrmse,0.006924740604785414,0.0004949440492310504,,1000,7701071433202629696,0.006849283389461995,paired_bootstrap_ddof1
MountainCar-v0,last-state,5,3.5__MountainCar-v0__last-state__H5,20,20,state_delta,macro,17,85.0,macro_nrmse,0.014705373341995094,0.002596568710098775,,1000,11726850253534240489,0.014285193201644942,paired_bootstrap_ddof1
MountainCar-v0,last-state,5,3.5__MountainCar-v0__last-state__H5,30,30,state_value,macro,30,100.0,macro_nrmse,0.009425574206367445,0.002092302557795507,,1000,5881572952270190952,0.00909068767131685,paired_bootstrap_ddof1
MountainCar-v0,last-state,5,3.5__MountainCar-v0__last-state__H5,30,30,state_delta,macro,23,76.66666666666667,macro_nrmse,0.016974291934258656,0.003235387767429618,,1000,13202865521018935001,0.016518153868884913,paired_bootstrap_ddof1
MountainCar-v0,next-state,10,3.5__MountainCar-v0__next-state__H10,10,10,state_value,macro,10,100.0,macro_nrmse,0.002896565621921699,0.0006539498264023111,,1000,3328210859292983188,0.0027873020881137352,paired_bootstrap_ddof1
MountainCar-v0,next-state,10,3.5__MountainCar-v0__next-state__H10,10,10,state_delta,macro,10,100.0,macro_nrmse,0.0040576459132490444,0.0010740740359559086,,1000,8860933397558429396,0.0037784182538971897,paired_bootstrap_ddof1
MountainCar-v0,next-state,10,3.5__MountainCar-v0__next-state__H10,20,20,state_value,macro,18,90.0,macro_nrmse,0.02558456806550862,0.014815566269502471,,1000,15175942658780939788,0.020515725979593336,paired_bootstrap_ddof1
MountainCar-v0,next-state,10,3.5__MountainCar-v0__next-state__H10,20,20,state_delta,macro,18,90.0,macro_nrmse,0.025603217715621022,0.013913791586360165,,1000,6914541027421731057,0.021673305351837088,paired_bootstrap_ddof1
MountainCar-v0,next-state,10,3.5__MountainCar-v0__next-state__H10,30,30,state_value,macro,27,90.0,macro_nrmse,0.021458914370624433,0.011305470999249957,,1000,14880192493368624350,0.017774226572241987,paired_bootstrap_ddof1
MountainCar-v0,next-state,10,3.5__MountainCar-v0__next-state__H10,30,30,state_delta,macro,27,90.0,macro_nrmse,0.021378272271778048,0.010961618268694394,,1000,3114746751092888782,0.01706608840055526,paired_bootstrap_ddof1
MountainCar-v0,next-state,20,3.5__MountainCar-v0__next-state__H20,10,10,state_value,macro,8,80.0,macro_nrmse,0.03633549253491929,0.01352533552785934,,1000,3489397394027546229,0.03368856042739832,paired_bootstrap_ddof1
MountainCar-v0,next-state,20,3.5__MountainCar-v0__next-state__H20,10,10,state_delta,macro,8,80.0,macro_nrmse,0.03641484587177364,0.01315762256750417,,1000,8243806157299549570,0.034359049818761235,paired_bootstrap_ddof1
MountainCar-v0,next-state,20,3.5__MountainCar-v0__next-state__H20,20,20,state_value,macro,18,90.0,macro_nrmse,0.024657555879959617,0.008692406345624891,,1000,15853876166633597364,0.0225392685063784,paired_bootstrap_ddof1
MountainCar-v0,next-state,20,3.5__MountainCar-v0__next-state__H20,20,20,state_delta,macro,18,90.0,macro_nrmse,0.02470777664998621,0.009238312181721655,,1000,8798841412033226967,0.023470204696795435,paired_bootstrap_ddof1
MountainCar-v0,next-state,20,3.5__MountainCar-v0__next-state__H20,30,30,state_value,macro,27,90.0,macro_nrmse,0.024344377211524052,0.007069157870074437,,1000,7410201081941139292,0.02328852842277987,paired_bootstrap_ddof1
MountainCar-v0,next-state,20,3.5__MountainCar-v0__next-state__H20,30,30,state_delta,macro,27,90.0,macro_nrmse,0.024393690139725033,0.006522903611388691,,1000,15286217500051433019,0.023768958202219265,paired_bootstrap_ddof1
MountainCar-v0,next-state,30,3.5__MountainCar-v0__next-state__H30,10,10,state_value,macro,10,100.0,macro_nrmse,0.022884433939112866,0.010463893398858616,,1000,13027129345204067355,0.020314973505450397,paired_bootstrap_ddof1
MountainCar-v0,next-state,30,3.5__MountainCar-v0__next-state__H30,10,10,state_delta,macro,10,100.0,macro_nrmse,0.022907334209758826,0.010503337559194588,,1000,4511344080198181464,0.0202944051188594,paired_bootstrap_ddof1
MountainCar-v0,next-state,30,3.5__MountainCar-v0__next-state__H30,20,20,state_value,macro,20,100.0,macro_nrmse,0.024780601688671265,0.008063067551573263,,1000,7903568274271917410,0.023375830871369387,paired_bootstrap_ddof1
MountainCar-v0,next-state,30,3.5__MountainCar-v0__next-state__H30,20,20,state_delta,macro,19,95.0,macro_nrmse,0.02525225043342469,0.008746158310661127,,1000,6337679793895591544,0.023957275384245965,paired_bootstrap_ddof1
MountainCar-v0,next-state,30,3.5__MountainCar-v0__next-state__H30,30,30,state_value,macro,27,90.0,macro_nrmse,0.02201865159435524,0.00683478772061189,,1000,11250121902213314039,0.020472554337877626,paired_bootstrap_ddof1
MountainCar-v0,next-state,30,3.5__MountainCar-v0__next-state__H30,30,30,state_delta,macro,26,86.66666666666667,macro_nrmse,0.022121554905970803,0.007319996328573651,,1000,2157980834097418649,0.02039567235284071,paired_bootstrap_ddof1
MountainCar-v0,next-state,5,3.5__MountainCar-v0__next-state__H5,10,10,state_value,macro,8,80.0,macro_nrmse,0.004060349406598153,0.0012590275738637326,,1000,10053005866887941840,0.0037560125556421586,paired_bootstrap_ddof1
MountainCar-v0,next-state,5,3.5__MountainCar-v0__next-state__H5,10,10,state_delta,macro,9,90.0,macro_nrmse,0.004211518501076967,0.0011040517956655397,,1000,7272303382928475590,0.003978845620507374,paired_bootstrap_ddof1
MountainCar-v0,next-state,5,3.5__MountainCar-v0__next-state__H5,20,20,state_value,macro,16,80.0,macro_nrmse,0.00414610008528231,0.0007889500204322724,,1000,12426303138924276517,0.003995333132323145,paired_bootstrap_ddof1
MountainCar-v0,next-state,5,3.5__MountainCar-v0__next-state__H5,20,20,state_delta,macro,18,90.0,macro_nrmse,0.004368669076671895,0.0006829739588237024,,1000,13042750317864098834,0.00425918170585233,paired_bootstrap_ddof1
MountainCar-v0,next-state,5,3.5__MountainCar-v0__next-state__H5,30,30,state_value,macro,25,83.33333333333333,macro_nrmse,0.003749088345009032,0.0005745281020635362,,1000,12376730433799805842,0.003674354583432314,paired_bootstrap_ddof1
MountainCar-v0,next-state,5,3.5__MountainCar-v0__next-state__H5,30,30,state_delta,macro,27,90.0,macro_nrmse,0.003937765091449091,0.0005496606481125568,,1000,14558331457398387047,0.0038407546803518352,paired_bootstrap_ddof1
Pendulum-v1,last-state,10,3.5__Pendulum-v1__last-state__H10,10,10,state_value,macro,10,100.0,macro_nrmse,0.004547720304645292,0.0008523253361512315,,1000,17460305173219713640,0.004476860899311031,paired_bootstrap_ddof1
Pendulum-v1,last-state,10,3.5__Pendulum-v1__last-state__H10,10,10,state_delta,macro,10,100.0,macro_nrmse,0.0037425140239393234,0.00055528072514029,,1000,10460999068114156324,0.0037041374805385574,paired_bootstrap_ddof1
Pendulum-v1,last-state,10,3.5__Pendulum-v1__last-state__H10,20,20,state_value,macro,19,95.0,macro_nrmse,0.004642731928265036,0.0004991479410687183,,1000,5741144324027408977,0.0046004227420455785,paired_bootstrap_ddof1
Pendulum-v1,last-state,10,3.5__Pendulum-v1__last-state__H10,20,20,state_delta,macro,19,95.0,macro_nrmse,0.007867257251692364,0.002293657446769838,,1000,14561890187565814405,0.00690102069328474,paired_bootstrap_ddof1
Pendulum-v1,last-state,10,3.5__Pendulum-v1__last-state__H10,30,30,state_value,macro,29,96.66666666666667,macro_nrmse,0.005010157038232569,0.0004607221844852372,,1000,15655624865798149384,0.004994002862822949,paired_bootstrap_ddof1
Pendulum-v1,last-state,10,3.5__Pendulum-v1__last-state__H10,30,30,state_delta,macro,26,86.66666666666667,macro_nrmse,0.007942035396495156,0.0020089882619519052,,1000,6963564387471750921,0.007158075014554077,paired_bootstrap_ddof1
Pendulum-v1,last-state,20,3.5__Pendulum-v1__last-state__H20,10,10,state_value,macro,10,100.0,macro_nrmse,0.0039012330658074975,0.0009678268925974714,,1000,14145245506194656758,0.0038068195469867887,paired_bootstrap_ddof1
Pendulum-v1,last-state,20,3.5__Pendulum-v1__last-state__H20,10,10,state_delta,macro,9,90.0,macro_nrmse,0.0033504192950414916,0.0006958451134812613,,1000,7243320625863378304,0.0032272845446035215,paired_bootstrap_ddof1
Pendulum-v1,last-state,20,3.5__Pendulum-v1__last-state__H20,20,20,state_value,macro,19,95.0,macro_nrmse,0.004056458184841144,0.0005749763375804592,,1000,853379788568798505,0.00401942976415323,paired_bootstrap_ddof1
Pendulum-v1,last-state,20,3.5__Pendulum-v1__last-state__H20,20,20,state_delta,macro,17,85.0,macro_nrmse,0.007838268055699016,0.0023850276429666813,,1000,15707454978488240039,0.006927947138643591,paired_bootstrap_ddof1
Pendulum-v1,last-state,20,3.5__Pendulum-v1__last-state__H20,30,30,state_value,macro,27,90.0,macro_nrmse,0.00404458977020397,0.0004261606658540135,,1000,11617670694591764147,0.0040480865700236995,paired_bootstrap_ddof1
Pendulum-v1,last-state,20,3.5__Pendulum-v1__last-state__H20,30,30,state_delta,macro,22,73.33333333333333,macro_nrmse,0.007417659974161377,0.0021600394300042335,,1000,4710433648261457924,0.006566666298534102,paired_bootstrap_ddof1
Pendulum-v1,last-state,30,3.5__Pendulum-v1__last-state__H30,10,10,state_value,macro,9,90.0,macro_nrmse,0.0035991678262720177,0.0006628591524502173,,1000,4144804749898483476,0.003513554090885492,paired_bootstrap_ddof1
Pendulum-v1,last-state,30,3.5__Pendulum-v1__last-state__H30,10,10,state_delta,macro,8,80.0,macro_nrmse,0.0037413676964313087,0.000646896253073672,,1000,5209950780686736470,0.003681938384084162,paired_bootstrap_ddof1
Pendulum-v1,last-state,30,3.5__Pendulum-v1__last-state__H30,20,20,state_value,macro,19,95.0,macro_nrmse,0.003960420665916016,0.00048818189688389096,,1000,9151818800187982416,0.0039098028611344576,paired_bootstrap_ddof1
Pendulum-v1,last-state,30,3.5__Pendulum-v1__last-state__H30,20,20,state_delta,macro,18,90.0,macro_nrmse,0.0042830547864862656,0.0004723112634896257,,1000,16016517382585837579,0.004243639699304503,paired_bootstrap_ddof1
Pendulum-v1,last-state,30,3.5__Pendulum-v1__last-state__H30,30,30,state_value,macro,28,93.33333333333333,macro_nrmse,0.0040053716931830645,0.00037475185183339667,,1000,16691557670958233405,0.003995545151413392,paired_bootstrap_ddof1
Pendulum-v1,last-state,30,3.5__Pendulum-v1__last-state__H30,30,30,state_delta,macro,27,90.0,macro_nrmse,0.004430095598579886,0.0003835249171097806,,1000,18014376720621090033,0.004415878546400405,paired_bootstrap_ddof1
Pendulum-v1,last-state,5,3.5__Pendulum-v1__last-state__H5,10,10,state_value,macro,9,90.0,macro_nrmse,0.008226131142252555,0.0033693546993291312,,1000,17347438934626676842,0.00752335060880524,paired_bootstrap_ddof1
Pendulum-v1,last-state,5,3.5__Pendulum-v1__last-state__H5,10,10,state_delta,macro,9,90.0,macro_nrmse,0.012115494700067684,0.0037753047486327033,,1000,8216479847962002863,0.011002565480576761,paired_bootstrap_ddof1
Pendulum-v1,last-state,5,3.5__Pendulum-v1__last-state__H5,20,20,state_value,macro,18,90.0,macro_nrmse,0.007302191474143113,0.001971414026872483,,1000,6640841286211848499,0.007111083937746215,paired_bootstrap_ddof1
Pendulum-v1,last-state,5,3.5__Pendulum-v1__last-state__H5,20,20,state_delta,macro,18,90.0,macro_nrmse,0.010772704567657136,0.0022260117927469115,,1000,15624317578434121196,0.010374760750379972,paired_bootstrap_ddof1
Pendulum-v1,last-state,5,3.5__Pendulum-v1__last-state__H5,30,30,state_value,macro,27,90.0,macro_nrmse,0.007644395590006388,0.0013665047703620098,,1000,1077150474761281032,0.007499505930548969,paired_bootstrap_ddof1
Pendulum-v1,last-state,5,3.5__Pendulum-v1__last-state__H5,30,30,state_delta,macro,27,90.0,macro_nrmse,0.010063105866984222,0.0016856855126072877,,1000,11501292930639767510,0.009730682243965103,paired_bootstrap_ddof1
Pendulum-v1,next-state,10,3.5__Pendulum-v1__next-state__H10,10,10,state_value,macro,8,80.0,macro_nrmse,0.00479593356223686,0.0009107547816579152,,1000,5953222673757621594,0.004674818579079566,paired_bootstrap_ddof1
Pendulum-v1,next-state,10,3.5__Pendulum-v1__next-state__H10,10,10,state_delta,macro,7,70.0,macro_nrmse,0.004442141793205731,0.0010275897928157612,,1000,7891531982246107205,0.004283212582416329,paired_bootstrap_ddof1
Pendulum-v1,next-state,10,3.5__Pendulum-v1__next-state__H10,20,20,state_value,macro,18,90.0,macro_nrmse,0.004932871940846421,0.0004444878039830778,,1000,5193681480044154109,0.00488569252467463,paired_bootstrap_ddof1
Pendulum-v1,next-state,10,3.5__Pendulum-v1__next-state__H10,20,20,state_delta,macro,17,85.0,macro_nrmse,0.004811582412834769,0.00043232376797834815,,1000,5236157720948263797,0.004763549691661873,paired_bootstrap_ddof1
Pendulum-v1,next-state,10,3.5__Pendulum-v1__next-state__H10,30,30,state_value,macro,28,93.33333333333333,macro_nrmse,0.005127994245046729,0.0004398397431443081,,1000,4938725922280739460,0.005091272986957281,paired_bootstrap_ddof1
Pendulum-v1,next-state,10,3.5__Pendulum-v1__next-state__H10,30,30,state_delta,macro,25,83.33333333333333,macro_nrmse,0.004783236107287501,0.00035875966025570357,,1000,2925375784266213512,0.004762325320208008,paired_bootstrap_ddof1
Pendulum-v1,next-state,20,3.5__Pendulum-v1__next-state__H20,10,10,state_value,macro,10,100.0,macro_nrmse,0.004056266193374312,0.000985218886648351,,1000,12116326551635463731,0.003946390685737,paired_bootstrap_ddof1
Pendulum-v1,next-state,20,3.5__Pendulum-v1__next-state__H20,10,10,state_delta,macro,10,100.0,macro_nrmse,0.004065864383425799,0.0009555314100983721,,1000,16239389658067438901,0.003910454625535586,paired_bootstrap_ddof1
Pendulum-v1,next-state,20,3.5__Pendulum-v1__next-state__H20,20,20,state_value,macro,19,95.0,macro_nrmse,0.004101843166265771,0.0005672664179534118,,1000,10683480827675355531,0.0040404005088792,paired_bootstrap_ddof1
Pendulum-v1,next-state,20,3.5__Pendulum-v1__next-state__H20,20,20,state_delta,macro,18,90.0,macro_nrmse,0.004130200319098386,0.0005962332974786023,,1000,9135548330066742393,0.004084535715239857,paired_bootstrap_ddof1
Pendulum-v1,next-state,20,3.5__Pendulum-v1__next-state__H20,30,30,state_value,macro,27,90.0,macro_nrmse,0.004022742645828117,0.00048292809088951855,,1000,7839497777295483537,0.004013937953336208,paired_bootstrap_ddof1
Pendulum-v1,next-state,20,3.5__Pendulum-v1__next-state__H20,30,30,state_delta,macro,24,80.0,macro_nrmse,0.0041784625415496055,0.000470691485275184,,1000,165140268689336072,0.0041506677985586205,paired_bootstrap_ddof1
Pendulum-v1,next-state,30,3.5__Pendulum-v1__next-state__H30,10,10,state_value,macro,10,100.0,macro_nrmse,0.007709665372099411,0.0023849211696799102,,1000,4829124328093509611,0.007094926997997648,paired_bootstrap_ddof1
Pendulum-v1,next-state,30,3.5__Pendulum-v1__next-state__H30,10,10,state_delta,macro,10,100.0,macro_nrmse,0.007723643830665578,0.0023538966669148,,1000,16253003865376948748,0.007056555596746256,paired_bootstrap_ddof1
Pendulum-v1,next-state,30,3.5__Pendulum-v1__next-state__H30,20,20,state_value,macro,17,85.0,macro_nrmse,0.0071096825647770185,0.0017680148428421884,,1000,16256090088454604074,0.00670602969373771,paired_bootstrap_ddof1
Pendulum-v1,next-state,30,3.5__Pendulum-v1__next-state__H30,20,20,state_delta,macro,17,85.0,macro_nrmse,0.0071195255759945895,0.0017231833054223923,,1000,2723491147845779085,0.006604060473717358,paired_bootstrap_ddof1
Pendulum-v1,next-state,30,3.5__Pendulum-v1__next-state__H30,30,30,state_value,macro,26,86.66666666666667,macro_nrmse,0.006194319285642379,0.0013665285278765403,,1000,10924855217345135982,0.0058601145010970315,paired_bootstrap_ddof1
Pendulum-v1,next-state,30,3.5__Pendulum-v1__next-state__H30,30,30,state_delta,macro,26,86.66666666666667,macro_nrmse,0.006201307240273773,0.0013187054447316036,,1000,1252493085722110533,0.005904585761099303,paired_bootstrap_ddof1
Pendulum-v1,next-state,5,3.5__Pendulum-v1__next-state__H5,10,10,state_value,macro,8,80.0,macro_nrmse,0.005799014531941408,0.0014154645909720952,,1000,2966042056514673596,0.0055572457725523924,paired_bootstrap_ddof1
Pendulum-v1,next-state,5,3.5__Pendulum-v1__next-state__H5,10,10,state_delta,macro,8,80.0,macro_nrmse,0.005747310370404163,0.0014106291539210103,,1000,2841872178463186515,0.005418706437725319,paired_bootstrap_ddof1
Pendulum-v1,next-state,5,3.5__Pendulum-v1__next-state__H5,20,20,state_value,macro,16,80.0,macro_nrmse,0.005187116061183109,0.0009304925185337118,,1000,4146590996510975253,0.0050678991214087015,paired_bootstrap_ddof1
Pendulum-v1,next-state,5,3.5__Pendulum-v1__next-state__H5,20,20,state_delta,macro,15,75.0,macro_nrmse,0.005253123209000969,0.0009697799160845855,,1000,1537405518917975871,0.005065139707489584,paired_bootstrap_ddof1
Pendulum-v1,next-state,5,3.5__Pendulum-v1__next-state__H5,30,30,state_value,macro,23,76.66666666666667,macro_nrmse,0.006414839662608414,0.001253850049086545,,1000,12933532892842577262,0.006245766095726665,paired_bootstrap_ddof1
Pendulum-v1,next-state,5,3.5__Pendulum-v1__next-state__H5,30,30,state_delta,macro,22,73.33333333333333,macro_nrmse,0.006498827274419139,0.0013135291778984713,,1000,716322265984456552,0.006340243201345596,paired_bootstrap_ddof1
