"query_id","model","Task","Metrics","H","shots","score_pattern","ordinal","history_start","query_index","repeat_id","reward_present","reward_scope","episode_path","Reasoning","score"
"d7053462b431b3069cb65ecc0362daa3fed653595003f31556b90903f7c3e533","terra","Pendulum-v1","next-action","5","0","none","0","0","5","1","1","target_history_only","data/llmx_data/offline_data/physics_data/raw_transitions/Pendulum-v1/episodes/episode_9_seed3407.npz","The agent has consistently applied near-maximum negative torque while the pendulum gains negative angular velocity and approaches the downward position (`theta ≈ -pi`). At `s5`, it is still rotating strongly in the negative direction, so continuing negative torque is likely intended to maintain momentum for the swing-up.",""
"94a7636fd0ecd7a4e115947447bfdbc895b0c0582334b7f5220fbb2c30ec7148","terra","Pendulum-v1","next-action","5","0","none","0","0","5","1","0","target_history_only","data/llmx_data/offline_data/physics_data/raw_transitions/Pendulum-v1/episodes/episode_9_seed3407.npz","The agent has consistently applied near-maximal negative torque as the pendulum gains negative angular velocity and approaches the downward position around \(\theta \approx -\pi\). At state \(s5\), it is still moving strongly in the negative direction (\(-3.80\) rad/s), so continuing with saturated negative torque is most likely to maintain swing-up momentum.",""
"482559eb49c705e19fe4a8f0b966bf1219cb3ae111a1e06262ad525bec82bc9c","terra","Pendulum-v1","next-action","5","0","none","1","0","5","2","1","target_history_only","data/llmx_data/offline_data/physics_data/raw_transitions/Pendulum-v1/episodes/episode_9_seed3407.npz","The pendulum is still moving clockwise rapidly (angular velocity \(-3.8025\)) toward the downward position near \(-\pi\). In the preceding states, the policy consistently applies near-maximal negative torque to accelerate the pendulum in its current swing direction and build energy. Therefore, it will most likely continue applying saturated negative torque at \(s_5\).",""
"187638c62b39f487560dac833f157a7a5fbec04ecd02d24658848c52d907e9d4","terra","Pendulum-v1","next-action","5","0","none","1","0","5","2","0","target_history_only","data/llmx_data/offline_data/physics_data/raw_transitions/Pendulum-v1/episodes/episode_9_seed3407.npz","The agent has consistently applied near-maximum negative torque while the pendulum moves clockwise (increasingly negative angular velocity) toward the downward region. At state \(s_5\), it is still building swing momentum, so the most likely action remains saturated negative torque.",""
"44fa0412d8c75ba10396084a953882ee09f99a2270d64670f20b0b59ddd4c8a3","terra","Pendulum-v1","next-action","5","0","none","2","0","5","3","1","target_history_only","data/llmx_data/offline_data/physics_data/raw_transitions/Pendulum-v1/episodes/episode_9_seed3407.npz","The agent has consistently applied near-maximal negative torque while the pendulum moves clockwise toward and through the downward position. At state \(s5\), it still has substantial negative angular velocity (\(-3.8025\)), and continued negative torque is likely used to maintain momentum for the swing-up. The most likely action remains saturated at the negative limit.",""
"79d6606c114c82e2112bb65649556c5b34f50890f5445bd74bce45ea0da19d78","terra","Pendulum-v1","next-action","5","0","none","2","0","5","3","0","target_history_only","data/llmx_data/offline_data/physics_data/raw_transitions/Pendulum-v1/episodes/episode_9_seed3407.npz","The agent has consistently applied near-maximum negative torque throughout steps 0–4 while the pendulum moves toward the downward position and gains negative angular velocity. At \(s_5\), it is still moving rapidly in the same direction (\(-3.80\) rad/s), so the likely policy is to continue applying maximum negative torque to build swing-up momentum.",""
"9b75a2efc0c0e77b2716515a2434d2adbf0e8429bc4d08f2c0168157e13e768f","terra","Pendulum-v1","next-action","5","4","pattern1","0","0","5","1","1","target_history_only","data/llmx_data/offline_data/physics_data/raw_transitions/Pendulum-v1/episodes/episode_9_seed3407.npz","The agent has consistently applied near-maximal negative torque while the pendulum moves clockwise (increasingly negative angular velocity) toward and through the downward position. At \(s_5\), it is near \(\theta\approx-\pi\) with substantial clockwise velocity, so continuing strong negative torque is likely intended to maintain momentum for the swing-up.",""
"c2adc25c1a949c821e5178167ab95cdaa2748bf5fa946577a26086c9b64980e8","terra","Pendulum-v1","next-action","5","4","pattern1","0","0","5","1","0","target_history_only","data/llmx_data/offline_data/physics_data/raw_transitions/Pendulum-v1/episodes/episode_9_seed3407.npz","The pendulum is near the downward position and moving rapidly in the negative direction. The agent has consistently applied near-maximum negative torque to build angular momentum for swing-up, so it will likely continue with saturated negative torque.",""
"2ba7cfbd793980b6e393806b66fda98a8eec3105208dee043687a78f154af721","terra","Pendulum-v1","next-action","5","4","pattern1","1","0","5","2","1","target_history_only","data/llmx_data/offline_data/physics_data/raw_transitions/Pendulum-v1/episodes/episode_9_seed3407.npz","The pendulum is near the downward position and rotating strongly clockwise (negative angular velocity). The preceding policy actions consistently apply near-maximal negative torque, reinforcing this rotation to build swing-up momentum. Thus, it will likely continue with saturated negative torque.",""
"2ef3718fdc6f2cee0f5018b396f8252d9c697bf80150959d7875bbae84a81d61","terra","Pendulum-v1","next-action","5","4","pattern1","1","0","5","2","0","target_history_only","data/llmx_data/offline_data/physics_data/raw_transitions/Pendulum-v1/episodes/episode_9_seed3407.npz","The agent has consistently applied near-maximal negative torque while the pendulum gains negative angular velocity and approaches the downward position. At \(s_5\), it is still rotating strongly in the negative direction, so continuing negative torque is the most likely behavior to sustain the swing-up trajectory.",""
"81193900c49ad6faa9778a71ad358a6e90389d9c93b1d8b0bdb9519d4482e7fc","terra","Pendulum-v1","next-action","5","4","pattern1","2","0","5","3","1","target_history_only","data/llmx_data/offline_data/physics_data/raw_transitions/Pendulum-v1/episodes/episode_9_seed3407.npz","The pendulum is near the downward position (\(\cos\theta\approx-0.992\)) and moving rapidly clockwise with angular velocity \(-3.80\). The agent has consistently applied near-maximal negative torque to build clockwise momentum for swing-up, so it will most likely continue with saturated negative torque.",""
"5885962ec0be75ff4f6d0a475c1c095d02609b26853cb9ae3d43425ddbf6c55e","terra","Pendulum-v1","next-action","5","4","pattern1","2","0","5","3","0","target_history_only","data/llmx_data/offline_data/physics_data/raw_transitions/Pendulum-v1/episodes/episode_9_seed3407.npz","The pendulum is near the downward position (\(\theta \approx -\pi\)) and is rotating rapidly clockwise (negative angular velocity). The policy has consistently applied near-maximal negative torque to build and maintain clockwise swing-up momentum. It will most likely continue applying saturated negative torque at \(s_5\).",""
"6a58e2a56042bcc0d9ceeb8ef5aac36a7809f5261b0bd4aba5ccb2933e17eb24","terra","Pendulum-v1","next-action","5","0","none","0","100","105","1","1","target_history_only","data/llmx_data/offline_data/physics_data/raw_transitions/Pendulum-v1/episodes/episode_9_seed3407.npz","The pendulum is close to upright, with a small negative angle (`sin(theta) ≈ -0.0414`) but a positive angular velocity (`0.1157`), meaning it is moving counterclockwise/leftward. In the preceding states, positive angular velocity near the upright position is generally countered with negative torque to reduce the motion and stabilize the pendulum. A moderately strong negative action is therefore likely.",""
"46d633ded9c30d695810963bc28f9918a6285ee6819f68c4bd9295b911ed7ef9","terra","Pendulum-v1","next-action","5","0","none","0","100","105","1","0","target_history_only","data/llmx_data/offline_data/physics_data/raw_transitions/Pendulum-v1/episodes/episode_9_seed3407.npz","The pendulum is very close to upright (`cos ≈ 0.999`, `sin < 0`) but has a positive angular velocity, meaning it is moving toward/through the upright position. Earlier near-upright states with smaller positive velocities were followed by negative torques, likely to brake the positive rotation and prevent overshooting. A moderately negative corrective torque is therefore most likely.",""
"101057983dbe9668cd9af861fa920b4548dbcef9c83eee628c5ab60934fbebe6","terra","Pendulum-v1","next-action","5","0","none","1","100","105","2","1","target_history_only","data/llmx_data/offline_data/physics_data/raw_transitions/Pendulum-v1/episodes/episode_9_seed3407.npz","The pendulum is very close to upright (`cos≈1`, `sin≈-0.041`), but has a modest positive angular velocity (`0.1157`). The recent behavior suggests the agent applies small corrective torque near equilibrium to avoid excessive oscillation. A small positive torque can counter the pendulum’s gravitational tendency to fall further negative while allowing its current motion toward upright to settle.",""
"ede5626e5d1f3575f0d0960f93c04ce40c1ebe8dad0b9d9be492a4a14bf311c1","terra","Pendulum-v1","next-action","5","0","none","1","100","105","2","0","target_history_only","data/llmx_data/offline_data/physics_data/raw_transitions/Pendulum-v1/episodes/episode_9_seed3407.npz","The pendulum is very close to upright (`cos≈1`, `sin≈-0.041`), but it has a modest positive angular velocity (`0.1157`). The preceding action at step 104 was a small positive torque, which reduced the velocity slightly while maintaining the pendulum near upright. A likely stabilizing policy will now use a small corrective torque near zero—slightly positive to compensate for the negative angle while avoiding excessive acceleration.",""
"ddaa856a60106064240f2ecf69d7cf2a284593c0621091e959a9b211ffdc5d74","terra","Pendulum-v1","next-action","5","0","none","2","100","105","3","1","target_history_only","data/llmx_data/offline_data/physics_data/raw_transitions/Pendulum-v1/episodes/episode_9_seed3407.npz","The pendulum is very close to upright: \(\theta \approx -0.041\) rad, but it has a positive angular velocity (\(+0.116\)), meaning it is moving counterclockwise/leftward away from the target direction. The preceding actions indicate that when angular velocity is positive near the upright position, the policy generally applies a negative torque to brake and reverse that motion. A moderately strong negative action is therefore most likely.",""
"1c81c681ff23f7f3b2acd2ed826e7de2501e9bb95eaa927d773af16d6a6c0d1e","terra","Pendulum-v1","next-action","5","0","none","2","100","105","3","0","target_history_only","data/llmx_data/offline_data/physics_data/raw_transitions/Pendulum-v1/episodes/episode_9_seed3407.npz","The pendulum is close to upright but is slightly left of vertical (`sin(theta) < 0`) and moving counterclockwise toward upright (`angular velocity > 0`). The previous action of about `+0.14` produced a controlled reduction in angular velocity while continuing to move toward the upright position. A similarly small positive torque is likely to maintain this smooth correction rather than applying a large corrective torque.",""
"aa33cc57fea6f194474bebb555e1b5ea067ee87c783cf8e23be06c439783a8c8","terra","Pendulum-v1","next-action","5","4","pattern1","0","100","105","1","1","target_history_only","data/llmx_data/offline_data/physics_data/raw_transitions/Pendulum-v1/episodes/episode_9_seed3407.npz","At \(s_{105}\), the pendulum is slightly left of upright and has positive angular velocity, so a negative torque is likely needed to brake its counterclockwise motion. The closest preceding state, \(s_{100}\), had a similar angle and lower positive velocity and used a negative action of \(-1.3059\); the higher velocity at \(s_{105}\) suggests a somewhat stronger negative correction.",""
"b08fc583c95ea25309496a70615e4a4bc4a5b2253fe719537fe8e853018c17bb","terra","Pendulum-v1","next-action","5","4","pattern1","0","100","105","1","0","target_history_only","data/llmx_data/offline_data/physics_data/raw_transitions/Pendulum-v1/episodes/episode_9_seed3407.npz","The pendulum is slightly left of upright (\(\sin\theta=-0.0414\)) but moving counterclockwise toward and potentially past the upright position (\(\dot{\theta}=0.1157\)). A strong negative torque is likely used to brake this positive angular velocity and stabilize near the upright position.",""
"a8be842f70d7c451a231206f4ff38b0da8e713a05ee0e69388080b2fc3375d53","terra","Pendulum-v1","next-action","5","4","pattern1","1","100","105","2","1","target_history_only","data/llmx_data/offline_data/physics_data/raw_transitions/Pendulum-v1/episodes/episode_9_seed3407.npz","The pendulum is still slightly on the negative-angle side and is moving counterclockwise (\(\dot\theta=0.1157\)), away from the upright equilibrium. The recent controller behavior uses negative torque to counter positive angular velocity, so a moderately strong negative corrective torque is likely.",""
"c4fb73c8ef2c5afa318ebaa9511a1e028d3effec3568297c73620e3b57c5f90f","terra","Pendulum-v1","next-action","5","4","pattern1","1","100","105","2","0","target_history_only","data/llmx_data/offline_data/physics_data/raw_transitions/Pendulum-v1/episodes/episode_9_seed3407.npz","At \(s_{105}\), the pendulum is close to upright but has positive angular velocity. Earlier states with similarly positive angular velocity received negative corrective torques to reduce that motion. A moderately strong negative torque is therefore most likely.",""
"f3561ce7c8d42a8c2e83f4c89b1a30608bebd7cbfa3f100f016a3dd8bde613ae","terra","Pendulum-v1","next-action","5","4","pattern1","2","100","105","3","1","target_history_only","data/llmx_data/offline_data/physics_data/raw_transitions/Pendulum-v1/episodes/episode_9_seed3407.npz","The pendulum is close to upright but remains on the negative-angle side and has a positive angular velocity. The preceding actions show an oscillatory, high-gain corrective policy: after allowing a small positive torque at step 104, the agent will likely apply a substantial negative torque to reverse the positive angular motion.",""
"fd9d9491c2f3c22e66859bfdd856169c6c92cfe06fd45f5324038a6e3058aae9","terra","Pendulum-v1","next-action","5","4","pattern1","2","100","105","3","0","target_history_only","data/llmx_data/offline_data/physics_data/raw_transitions/Pendulum-v1/episodes/episode_9_seed3407.npz","The pendulum is close to upright but has a positive angular velocity (\(+0.1157\)), moving away from the balance point. The preceding control pattern applies negative torque when angular velocity becomes positive, so a fairly strong negative corrective torque is likely.",""
"51cb9c5c0a6bd7f116961ff3ba34aa8a1f842019000d1f9d0d16a0231a0c9df4","terra","Pendulum-v1","next-action","20","0","none","0","0","20","1","1","target_history_only","data/llmx_data/offline_data/physics_data/raw_transitions/Pendulum-v1/episodes/episode_9_seed3407.npz","At \(s_{20}\), the pendulum is near the downward/opposite side (\(\cos\theta \approx -0.99\)) and is rotating strongly counterclockwise (\(\dot\theta \approx +5.10\)). In the preceding steps, the agent applies strongly positive torque while angular velocity is positive, continuing the swing-up momentum. The behavior is approximately symmetric to the earlier negative-torque phase, so a high positive torque is most likely.",""
"8d6e4431e3f7161ff7071b0186abab47cd62960855fa093d0dd6b09fd6680091","terra","Pendulum-v1","next-action","20","0","none","0","0","20","1","0","target_history_only","data/llmx_data/offline_data/physics_data/raw_transitions/Pendulum-v1/episodes/episode_9_seed3407.npz","The pendulum is near the downward configuration (`cos≈-0.99`, `sin≈0.12`) and has a large positive angular velocity (`5.10`). In the preceding states, the agent has generally applied strong positive torque while the pendulum is rotating with positive velocity, likely continuing the swing-up energy-building motion. A saturated positive action is therefore most likely.",""
"3e565675f33c921f4442a88120e1ffdafc5ce208f8971fdbe03632b2c0d3dd78","terra","Pendulum-v1","next-action","20","0","none","1","0","20","2","1","target_history_only","data/llmx_data/offline_data/physics_data/raw_transitions/Pendulum-v1/episodes/episode_9_seed3407.npz","At state \(s_{20}\), the pendulum is near the downward position (\(\cos\theta\approx-0.99\)) and moving rapidly with positive angular velocity (\(5.10\)). The recent positive torques have accelerated the pendulum in this direction. The policy will likely switch to a strong negative torque to counter the current rotation and begin the next swing-control phase.",""
"2a4804b72bd371b9354b671992a6c5336701fe94b7ae52e639244e55b973195b","terra","Pendulum-v1","next-action","20","0","none","1","0","20","2","0","target_history_only","data/llmx_data/offline_data/physics_data/raw_transitions/Pendulum-v1/episodes/episode_9_seed3407.npz","The pendulum is near the downward position (`x ≈ -0.99`, `y ≈ 0.12`) and rotating counterclockwise quickly (`angular velocity ≈ +5.10`). In the preceding states, the policy has consistently applied positive torque while the pendulum rotates in this direction, though the torque magnitude has begun decreasing from saturation. A moderately strong positive torque is therefore most likely.",""
"5ff6187761d997fb733ff4b92be6c0f5922d46c6d5abc20d04be394562bc71fb","terra","Pendulum-v1","next-action","20","0","none","2","0","20","3","1","target_history_only","data/llmx_data/offline_data/physics_data/raw_transitions/Pendulum-v1/episodes/episode_9_seed3407.npz","The pendulum is near the downward position (\(\theta \approx 3.02\)) and moving rapidly counterclockwise (\(\dot{\theta}=5.10\)). The agent has been applying strong positive torque over the recent steps to sustain/increase this swing direction. Although the torque magnitude slightly decreased from steps 17–19, it remains strongly positive, so the most likely next action is still a positive high-magnitude torque.",""
"40aac3dd8643f69cc56952dca731544f1a11682452370ed5b46924e846bcf0ee","terra","Pendulum-v1","next-action","20","0","none","2","0","20","3","0","target_history_only","data/llmx_data/offline_data/physics_data/raw_transitions/Pendulum-v1/episodes/episode_9_seed3407.npz","At s20 the pendulum is close to the downward position (`cos≈-0.99`, `sin≈0.12`) and moving rapidly in the positive angular direction (`ω≈+5.10`). Earlier in the trajectory, when the pendulum had high negative angular velocity, the policy switched to strong positive torque to oppose/brake that motion. By symmetry, with high positive angular velocity here, the agent will likely apply near-maximal negative torque to brake and shape the swing-up trajectory.",""
"f250985fecbf903dc5b4bdc05f05b465d12a2f63ee7bc286ad74438bc5b96dc3","terra","Pendulum-v1","next-action","20","4","pattern1","0","0","20","1","1","target_history_only","data/llmx_data/offline_data/physics_data/raw_transitions/Pendulum-v1/episodes/episode_9_seed3407.npz","The pendulum is close to the downward position and rotating strongly counterclockwise (\(\dot\theta=5.10\)). The policy has applied sustained positive torque during this counterclockwise swing to build energy for the upcoming ascent. Its positive torque has recently reduced somewhat as speed increases, so a still-positive but moderately reduced torque is likely.",""
"09b1aaa288cd8dfd24aff507fd00408c9b4c7fdf14e527ff83607201506d5d32","terra","Pendulum-v1","next-action","20","4","pattern1","0","0","20","1","0","target_history_only","data/llmx_data/offline_data/physics_data/raw_transitions/Pendulum-v1/episodes/episode_9_seed3407.npz","At \(s_{20}\), the pendulum is near the downward position on the positive-angle side and rotating rapidly counterclockwise (\(\dot{\theta}=5.10\)). The agent has used strong positive torques throughout the preceding positive-rotation swing to continue building/maintaining momentum. A positive torque near the upper range is therefore most likely.",""
"133308ca1c199ec486768ca91878a83a56eacd6f8c936a3b0b5ecbbd625c76ce","terra","Pendulum-v1","next-action","20","4","pattern1","1","0","20","2","1","target_history_only","data/llmx_data/offline_data/physics_data/raw_transitions/Pendulum-v1/episodes/episode_9_seed3407.npz","At \(s_{20}\), the pendulum is near the downward position and rotating rapidly counterclockwise (\(\dot{\theta}=5.1022\)). The preceding actions remain strongly positive while the pendulum moves through this portion of the swing, so the agent will likely continue applying a strong positive torque. A value close to the recent \(1.69\) action is expected.",""
"b5608c35df2fc1aa7f54e77d5288a17871f95527cb8fed8cd0d4792b66b7a8a3","terra","Pendulum-v1","next-action","20","4","pattern1","1","0","20","2","0","target_history_only","data/llmx_data/offline_data/physics_data/raw_transitions/Pendulum-v1/episodes/episode_9_seed3407.npz","The pendulum is near the downward position (\(\theta \approx 3.02\)) and rotating strongly counterclockwise (\(\dot{\theta}=5.10\)). The preceding actions have remained strongly positive while the pendulum accelerates through this part of the swing, though their magnitude has declined slightly at higher velocity. A still-positive corrective/driving torque, somewhat below saturation, is most likely.",""
"eaafe8a8abd4a91301195c1ecc0fecd8e1638c33d4b9edc5716383ac9ffb55e3","terra","Pendulum-v1","next-action","20","4","pattern1","2","0","20","3","1","target_history_only","data/llmx_data/offline_data/physics_data/raw_transitions/Pendulum-v1/episodes/episode_9_seed3407.npz","The pendulum is near the downward position (\(\theta \approx 3.02\)) and rotating strongly counterclockwise (\(\dot{\theta}=5.10\)). The preceding actions remain positive but decrease as angular velocity grows (from \(2.00\) to \(1.77\) to \(1.69\)), indicating continued positive torque with some moderation rather than a reversal. A positive torque around \(1.4\) is likely.",""
"fada5c2fdea0a10e9f5fd63576cc1b3e119be9a87e587b40b5ecc829650f05d5","terra","Pendulum-v1","next-action","20","4","pattern1","2","0","20","3","0","target_history_only","data/llmx_data/offline_data/physics_data/raw_transitions/Pendulum-v1/episodes/episode_9_seed3407.npz","At \(s_{20}\), the pendulum is near the downward position but rotating strongly counterclockwise (\(\dot{\theta}=5.1022\)). The recent policy actions remain strongly positive to sustain the swing through this region, though their magnitude has begun decreasing from saturation. A positive torque around \(1.4\) is most consistent with this trajectory.",""
"314313b0e0782a5c53ef197b045e2b594ad8eee99509b767636014290c1ce601","terra","Pendulum-v1","next-action","20","0","none","0","100","120","1","1","target_history_only","data/llmx_data/offline_data/physics_data/raw_transitions/Pendulum-v1/episodes/episode_9_seed3407.npz","The pendulum is very close to upright but slightly to the negative-angle side (`sin(theta) ≈ -0.048`) and has a small positive angular velocity (`0.0335`). In the nearby samples, positive velocity is generally countered with a slightly negative torque to damp motion. The closest observed state is step 110 (`angular velocity = 0.0317`), where the action was `-0.1655`. Therefore, a small negative action is most likely.",""
"9cb519131c1d0e106726bbfa00a0072c6379cda0cf8b46c15eafd9784d4fdeaf","terra","Pendulum-v1","next-action","20","0","none","0","100","120","1","0","target_history_only","data/llmx_data/offline_data/physics_data/raw_transitions/Pendulum-v1/episodes/episode_9_seed3407.npz","The pendulum is close to upright with a small negative angle (`sin(theta) ≈ -0.048`) and a small positive angular velocity (`0.0335`). Nearby states with positive angular velocity generally receive a small negative torque to damp the motion and stabilize upright balance. The closest comparable state is step 110 (`omega = 0.0317`), where the action was `-0.1655`.",""
"803fefb3dbc75928b5ce92d6001fafcf2d056822f54e552f3b09dd5ea44226cf","terra","Pendulum-v1","next-action","20","0","none","1","100","120","2","1","target_history_only","data/llmx_data/offline_data/physics_data/raw_transitions/Pendulum-v1/episodes/episode_9_seed3407.npz","The pendulum is very close to upright (`cos ≈ 0.999`, `sin ≈ -0.048`) with a small positive angular velocity (`0.0335`). In nearby states, the agent generally applies a small negative torque to damp positive angular motion and keep the pendulum stabilized near the upright position. The closest pattern is step 110, where a similar state and velocity led to an action of about `-0.17`.",""
"8b7ca6f5721d05c5f26c781f892a76cb10b4e5e5c48cbd5fcf63940a818e326c","terra","Pendulum-v1","next-action","20","0","none","1","100","120","2","0","target_history_only","data/llmx_data/offline_data/physics_data/raw_transitions/Pendulum-v1/episodes/episode_9_seed3407.npz","The pendulum is close to upright but slightly left of the target angle (negative sine value) and has a small positive angular velocity. The agent’s recent control pattern uses a negative torque to damp positive angular velocity before applying compensatory positive torque. States with similar small positive angular velocities, such as steps 110 and 113, received negative actions. A moderately negative torque is therefore most likely.",""
"e8b188421436a4a1b927d460ea33a453438cf9954612f69aec6dde134ac69582","terra","Pendulum-v1","next-action","20","0","none","2","100","120","3","1","target_history_only","data/llmx_data/offline_data/physics_data/raw_transitions/Pendulum-v1/episodes/episode_9_seed3407.npz","The pendulum is very close to upright with a small negative angle (`sin(theta) ≈ -0.0478`) and a small positive angular velocity (`0.0335`). In nearby states with similarly positive angular velocity, the agent generally applies a small-to-moderate negative torque to damp the motion and prevent overshooting. The closest observed behavior is around step 110, where a similar state led to a slightly negative action.",""
"dfcb32524b964114a4e6dd8b245a1cf5982bd2a689f6b910cfe4e625471f21b3","terra","Pendulum-v1","next-action","20","0","none","2","100","120","3","0","target_history_only","data/llmx_data/offline_data/physics_data/raw_transitions/Pendulum-v1/episodes/episode_9_seed3407.npz","The pendulum is close to upright with a small negative angle (\(\theta \approx -0.048\)) and a small positive angular velocity (\(0.0335\)). The agent’s recent behavior generally applies slightly negative torque when angular velocity is positive, damping the clockwise/positive motion while maintaining balance. Similar nearby states (e.g., steps 110 and 113) used modest negative actions. A small negative corrective torque is therefore most likely.",""
"a4714dc012ab820bd92b5d2789f385a5c1f58228b2761ee02c6146d4968dbbb1","terra","Pendulum-v1","next-action","20","4","pattern1","0","100","120","1","1","target_history_only","data/llmx_data/offline_data/physics_data/raw_transitions/Pendulum-v1/episodes/episode_9_seed3407.npz","The pendulum is slightly on the negative-angle side and moving back toward upright with positive angular velocity. Nearby states with positive angular velocity generally receive a negative torque to brake that motion and prevent overshoot. A moderate negative corrective torque is therefore likely.",""
"57bc375f23c16759603c074bd164edb81ef8e642ce68917c656c91487488bfb6","terra","Pendulum-v1","next-action","20","4","pattern1","0","100","120","1","0","target_history_only","data/llmx_data/offline_data/physics_data/raw_transitions/Pendulum-v1/episodes/episode_9_seed3407.npz","The pendulum is near upright but remains slightly on the negative-angle side and has a small positive angular velocity. Recent near-equilibrium actions generally apply a modest negative torque when angular velocity is positive, to damp the counterclockwise motion. The closest comparable state (step 110) used an action of \(-0.1655\), so a similarly small negative action is likely.",""
"758d6db1579d9dfc53a355b2e3737b93a4bc8206b4df50bd4b1e80f6b4cee54e","terra","Pendulum-v1","next-action","20","4","pattern1","1","100","120","2","1","target_history_only","data/llmx_data/offline_data/physics_data/raw_transitions/Pendulum-v1/episodes/episode_9_seed3407.npz","At \(s_{120}\), the pendulum remains slightly on the negative-angle side and has a small positive angular velocity. The recent near-upright control pattern applies mild negative torque when the positive velocity needs damping. A small negative corrective action is therefore likely.",""
"1a3d078e4a1d087f5ec4c50b2ad780386440b65bb97a02fa091953e62fd4456d","terra","Pendulum-v1","next-action","20","4","pattern1","1","100","120","2","0","target_history_only","data/llmx_data/offline_data/physics_data/raw_transitions/Pendulum-v1/episodes/episode_9_seed3407.npz","The pendulum remains slightly to the negative-angle side and has a small positive angular velocity. Nearby states with positive angular velocity generally receive a mildly negative torque to counteract that motion and maintain balance. A small negative action is therefore most likely.",""
"52a75b4953b12bfb53ef2f7688bf97c8134a3040d25822966034480bece2bdc9","terra","Pendulum-v1","next-action","20","4","pattern1","2","100","120","3","1","target_history_only","data/llmx_data/offline_data/physics_data/raw_transitions/Pendulum-v1/episodes/episode_9_seed3407.npz","At \(s_{120}\), the pendulum remains slightly on the negative-angle side and has a small positive angular velocity. In nearby states with positive velocity, the policy generally uses a negative torque to reduce that motion and hold the pendulum close to upright. The closest comparable actions suggest a moderately negative corrective torque.",""
"ff83381f27fff455f0dce487d1441915a5373dff5a981a19ff735f19ca067fa6","terra","Pendulum-v1","next-action","20","4","pattern1","2","100","120","3","0","target_history_only","data/llmx_data/offline_data/physics_data/raw_transitions/Pendulum-v1/episodes/episode_9_seed3407.npz","The pendulum is close to upright but has a small positive angular velocity. Nearby states with similar angle and positive velocity receive a slight negative torque to damp that motion. In particular, step 110 is very similar and used \(-0.1655\), so a comparable action is likely.",""
"8fc4f2ba17253bb8e99e884ca6c3d7f3f664bacfb17890d16c8993d539a15e70","luna","Pendulum-v1","next-action","5","0","none","0","0","5","1","1","target_history_only","data/llmx_data/offline_data/physics_data/raw_transitions/Pendulum-v1/episodes/episode_9_seed3407.npz","The pendulum is near the downward position, with a large negative angular velocity of \(-3.80\). The previous actions pushed it strongly in the negative direction; at this point, the agent will most likely apply a strong positive torque to brake the motion and prepare the pendulum for the next swing phase.",""
"cf9a4bd5d743072a2da6c6d3631b02759d6f200ffdd5836c97d247a26ed93f3d","luna","Pendulum-v1","next-action","5","0","none","0","0","5","1","0","target_history_only","data/llmx_data/offline_data/physics_data/raw_transitions/Pendulum-v1/episodes/episode_9_seed3407.npz","The agent has repeatedly applied a strong negative torque while the pendulum moves toward the downward position, with angular velocity becoming increasingly negative. At state \(s_5\), the pendulum is near \(\theta \approx -\pi\) and has substantial negative angular velocity (\(-3.80\)). The agent will most likely switch to a strong positive torque to brake and reverse the rotation.",""
"51307f718f296df035d92cda7d57de4b72e79372f04cea1859b90b1891537d47","luna","Pendulum-v1","next-action","5","0","none","1","0","5","2","1","target_history_only","data/llmx_data/offline_data/physics_data/raw_transitions/Pendulum-v1/episodes/episode_9_seed3407.npz","The agent has applied strong negative torque for several steps, driving the pendulum toward \(\theta \approx -\pi\) while angular velocity becomes increasingly negative. At state \(s_5\), the pendulum is near the downward position and still moving rapidly, so the agent will most likely switch to strong positive torque to brake and reverse the motion.",""
"d2320b61899b7806bbfcf4f43eaec14745c4072710234181da1b8008a061d3ab","luna","Pendulum-v1","next-action","5","0","none","1","0","5","2","0","target_history_only","data/llmx_data/offline_data/physics_data/raw_transitions/Pendulum-v1/episodes/episode_9_seed3407.npz","The agent has repeatedly applied strong negative torque, driving the pendulum toward the downward position while increasing its negative angular velocity. At \(s_5\), the pendulum is near \(\theta \approx -\pi\) with high negative velocity, so the agent will most likely switch to a strong positive torque to brake and reverse the motion for the swing-up.",""
"967a8dacc56a70b8bb0ee418f961c220fd219afe2469f1eaa6bbd64acbd78d9f","luna","Pendulum-v1","next-action","5","0","none","2","0","5","3","1","target_history_only","data/llmx_data/offline_data/physics_data/raw_transitions/Pendulum-v1/episodes/episode_9_seed3407.npz","The pendulum is near the downward position, with a large negative angular velocity. The agent has consistently applied strong negative torque over the previous steps, accelerating the pendulum in the same direction to build swing-up energy. Since the action is likely saturated at the lower bound, the most probable next action is approximately \(-2.00\).",""
"9efe9e6fe28838a0e4fff7602d9b2b258331dc007675ab23ebb157f16872bb9d","luna","Pendulum-v1","next-action","5","0","none","2","0","5","3","0","target_history_only","data/llmx_data/offline_data/physics_data/raw_transitions/Pendulum-v1/episodes/episode_9_seed3407.npz","The pendulum is approaching the downward position, with \(\theta \approx -3.01\) radians and a large negative angular velocity of \(-3.80\). After applying strong negative torques to build momentum, the agent will most likely switch to the maximum positive torque to brake the rotation and begin swinging back toward the upright position.",""
"02d4f3ff0f98b02dca9123c0f89559006694a25dbe07cb0e504fb19399313da4","luna","Pendulum-v1","next-action","5","4","pattern1","0","0","5","1","1","target_history_only","data/llmx_data/offline_data/physics_data/raw_transitions/Pendulum-v1/episodes/episode_9_seed3407.npz","The pendulum is near the downward position with a large negative angular velocity, and the agent has consistently applied strong negative torque over the preceding steps. It will most likely continue using the maximum negative torque to keep driving the swing.",""
"21f59c2c3a99ba69acbfc5fa93ebe7d6db759bd75f36060ce268309ca821a623","luna","Pendulum-v1","next-action","5","4","pattern1","0","0","5","1","0","target_history_only","data/llmx_data/offline_data/physics_data/raw_transitions/Pendulum-v1/episodes/episode_9_seed3407.npz","The pendulum is near the downward-side angle with a large negative angular velocity, and the agent has consistently applied nearly maximal negative torque. Given the repeated saturation at \(-2\), it will most likely continue with the minimum action.",""
"258ee5f4714bd4d3caa75e3270e9bc7cb0536bd27cb9a014cb0a345bad62df51","luna","Pendulum-v1","next-action","5","4","pattern1","1","0","5","2","1","target_history_only","data/llmx_data/offline_data/physics_data/raw_transitions/Pendulum-v1/episodes/episode_9_seed3407.npz","The pendulum is near the downward position and has increasingly negative angular velocity. The agent has applied nearly maximum negative torque throughout the sequence, indicating that it is continuing to build rotational momentum in the same direction. Thus, the most likely next action is the minimum torque, \(-2.00\).",""
"1fd6beecf9f59b88962b67d0c9a12fbd4941eab5e1cfaaebb26ff31244ea67d5","luna","Pendulum-v1","next-action","5","4","pattern1","1","0","5","2","0","target_history_only","data/llmx_data/offline_data/physics_data/raw_transitions/Pendulum-v1/episodes/episode_9_seed3407.npz","The agent has consistently applied a strong negative torque as the pendulum moves toward the inverted-side angle and its angular velocity becomes increasingly negative. At \(s_5\), the velocity is \(-3.8025\), so the policy will most likely maintain saturated negative torque.",""
"05856cf833ffc65c2d03a5523605ed59337bf19016b7570d814b0ab91bed4a71","luna","Pendulum-v1","next-action","5","4","pattern1","2","0","5","3","1","target_history_only","data/llmx_data/offline_data/physics_data/raw_transitions/Pendulum-v1/episodes/episode_9_seed3407.npz","The pendulum is moving rapidly with angular velocity \(-3.8025\), while the previous actions have consistently been near the minimum torque. Since the agent continues applying strong negative torque as the pendulum moves toward this region, it will most likely keep the torque saturated at \(-2.0\).",""
"c95422175288305da88b3c81fea9379d3377ae70cfaa8e2e45fc3ed99e4799f6","luna","Pendulum-v1","next-action","5","4","pattern1","2","0","5","3","0","target_history_only","data/llmx_data/offline_data/physics_data/raw_transitions/Pendulum-v1/episodes/episode_9_seed3407.npz","The pendulum is near the inverted-angle boundary with a rapidly decreasing angular position and strongly negative angular velocity (\(-3.8025\)). The agent has consistently applied near-maximum negative torque in the preceding steps, so it will most likely continue with the minimum action, \(-2.0\).",""
"68063f7abee0419d45b0c02de77dc1b3331f1c33779a0d17069daa686f15c7b0","luna","Pendulum-v1","next-action","5","0","none","0","100","105","1","1","target_history_only","data/llmx_data/offline_data/physics_data/raw_transitions/Pendulum-v1/episodes/episode_9_seed3407.npz","The pendulum is very close to upright, with a small negative angle (`sin(theta) ≈ -0.0414`) and positive angular velocity (`0.1157`). The recent behavior suggests the agent applies a negative torque when the pendulum is moving positively near the upright position, as seen at steps 100 and 102. Therefore, a moderate negative action is most likely.",""
"39564ab2db798f8b1481cb0e0bdb95bf6fe7351674443082782894b5caa7dedb","luna","Pendulum-v1","next-action","5","0","none","0","100","105","1","0","target_history_only","data/llmx_data/offline_data/physics_data/raw_transitions/Pendulum-v1/episodes/episode_9_seed3407.npz","The pendulum is very close to upright, but its angular velocity is positive (`0.1157`), indicating motion in the positive angular direction. The agent has generally applied a negative torque when the pendulum moves positively, so a moderate negative corrective action is most likely.",""
"9aab8a3a0faee11b6e20d1e929c4c76a7a23838c592863c1a740813d0871135a","luna","Pendulum-v1","next-action","5","0","none","1","100","105","2","1","target_history_only","data/llmx_data/offline_data/physics_data/raw_transitions/Pendulum-v1/episodes/episode_9_seed3407.npz","The pendulum remains close to upright, but its angular velocity is positive. In the preceding steps, positive angular velocity was generally followed by a negative torque to damp the motion. Since the velocity at \(s_{105}\) is still positive and somewhat larger than at step 102, a moderately strong negative action is likely.",""
"d8a04cb466b3f0d00c9b0c5af6f2000226a699fe9eaa1e8f2439fc3de7cd2375","luna","Pendulum-v1","next-action","5","0","none","1","100","105","2","0","target_history_only","data/llmx_data/offline_data/physics_data/raw_transitions/Pendulum-v1/episodes/episode_9_seed3407.npz","The pendulum is very close to upright, with a small negative angle and positive angular velocity. The previous action at a nearly identical state was a small positive torque (`0.139`), suggesting the agent is making a fine corrective adjustment rather than applying a large swing-up torque. A slightly larger small positive action is therefore plausible.",""
"b896abcd58bad5246a6f7878aafc02647035db697496a64e1075008797394f57","luna","Pendulum-v1","next-action","5","0","none","2","100","105","3","1","target_history_only","data/llmx_data/offline_data/physics_data/raw_transitions/Pendulum-v1/episodes/episode_9_seed3407.npz","The pendulum is still very close to upright, with a small negative angle (`sin(theta) ≈ -0.0414`) but a positive angular velocity (`0.1157`). The agent has generally applied negative torque when the angular velocity is positive, as seen at steps 100 and 102. Therefore, a moderate negative corrective torque is most likely.",""
"5ba54e67e74ac858f98877aa922957b1da815aab1be138a4febfef2d5e87ae03","luna","Pendulum-v1","next-action","5","0","none","2","100","105","3","0","target_history_only","data/llmx_data/offline_data/physics_data/raw_transitions/Pendulum-v1/episodes/episode_9_seed3407.npz","The pendulum is very close to upright: \(x \approx 1\) and \(y<0\), indicating a small negative angle. Its angular velocity is positive but modest. The recent actions show the agent reducing torque magnitude as it approaches the upright state. A small positive torque is therefore the most likely choice to correct the remaining negative angle without causing a large oscillation.",""
"627ab96b1b6f30e0f5cdefe9d6233024d1d085dad9dc9b62c095232a6ed01926","luna","Pendulum-v1","next-action","5","4","pattern1","0","100","105","1","1","target_history_only","data/llmx_data/offline_data/physics_data/raw_transitions/Pendulum-v1/episodes/episode_9_seed3407.npz","At \(s_{105}\), the pendulum is slightly below the upright position with positive angular velocity, so it is moving toward the upright position but should be braked with a negative torque. The recent positive-velocity actions have decreased from \(-1.31\) to \(-0.88\) and then near zero; accounting for the current state, a moderate negative torque around \(-0.45\) is most likely.",""
"e0e04fbb2b7cb88bbb32e7e7380dc7345e48761b4c6f3a40b1b73b10da73f9ae","luna","Pendulum-v1","next-action","5","4","pattern1","0","100","105","1","0","target_history_only","data/llmx_data/offline_data/physics_data/raw_transitions/Pendulum-v1/episodes/episode_9_seed3407.npz","At \(s_{105}\), the pendulum is slightly below the upright position with positive angular velocity \(0.1157\), so it is moving toward and potentially past the upright position. The preceding similar states with positive velocity received negative torque, suggesting the agent will apply a moderate negative correction.",""
"fae3d7e6bed209c5e80bb7051bb20a66bdeb4f2c35550fa0330198f9841da2c4","luna","Pendulum-v1","next-action","5","4","pattern1","1","100","105","2","1","target_history_only","data/llmx_data/offline_data/physics_data/raw_transitions/Pendulum-v1/episodes/episode_9_seed3407.npz","At \(s_{105}\), the pendulum is slightly displaced to the negative-angle side and has a small positive angular velocity. The recent actions alternate to correct the angular motion; since the velocity is positive, the next corrective action is likely to be a moderate negative torque.",""
"ff5ab4e146d67df5865cb0c810021ab6414c8a0cc412e4bf60024da7608eda5f","luna","Pendulum-v1","next-action","5","4","pattern1","1","100","105","2","0","target_history_only","data/llmx_data/offline_data/physics_data/raw_transitions/Pendulum-v1/episodes/episode_9_seed3407.npz","The pendulum is slightly displaced to the negative-angle side and has positive angular velocity. In the preceding similar states with positive angular velocity, the agent generally applied a negative torque to counter the motion. A moderate negative action around \(-0.9\) is therefore most likely.",""
"5d69cbefcfc11ac8eef64a95ebf12efcc83f2caf5b23e07d21aab3470d6ca467","luna","Pendulum-v1","next-action","5","4","pattern1","2","100","105","3","1","target_history_only","data/llmx_data/offline_data/physics_data/raw_transitions/Pendulum-v1/episodes/episode_9_seed3407.npz","The pendulum is slightly left of upright (\(\theta\approx -0.0414\)) while moving with positive angular velocity (\(0.1157\)). The agent should apply a modest negative torque to brake this motion and keep the pendulum near upright. Interpolating the nearby actions suggests a torque of roughly \(-0.43\).",""
"a9821d8053a2b6671b75ad3c27b59ba33b4004cf4669e4c6f6fd5ed4ddb2425b","luna","Pendulum-v1","next-action","5","4","pattern1","2","100","105","3","0","target_history_only","data/llmx_data/offline_data/physics_data/raw_transitions/Pendulum-v1/episodes/episode_9_seed3407.npz","The state at \(s_{105}\) is very close to the preceding state \(s_{104}\): the angle remains slightly negative and the angular velocity is still small and positive. Since the agent used a small positive torque at \(s_{104}\), it will likely apply a similarly small corrective torque near zero at \(s_{105}\).",""
"ee2af3ccad6593992282fddc70645203ca0097d156ddf8c6abd1e2d49f0470dd","luna","Pendulum-v1","next-action","20","0","none","0","0","20","1","1","target_history_only","data/llmx_data/offline_data/physics_data/raw_transitions/Pendulum-v1/episodes/episode_9_seed3407.npz","The agent has been applying strong positive torque since Step 9, causing the angular velocity to rise to \(5.10\). At \(s_{20}\), the pendulum is near the downward position (\(\cos\theta \approx -1\)) and moving rapidly in the positive direction. Mirroring the earlier reversal from strong negative to positive torque, the agent will most likely apply strong negative torque to brake and reverse the motion.",""
"e1920d1ba285855e5d0629e486b51f6ec0423aa28c22a6d0cb795458e06a911e","luna","Pendulum-v1","next-action","20","0","none","0","0","20","1","0","target_history_only","data/llmx_data/offline_data/physics_data/raw_transitions/Pendulum-v1/episodes/episode_9_seed3407.npz","The pendulum is near the downward position, with a large positive angular velocity (`5.1022`). The agent has been applying strong positive torque, which increased the angular velocity. It will likely switch to strong negative torque to brake and reverse the motion.",""
"29e419e62175838e24a7c9f012af9ae7f4992927c8eb7791c8f9afa7278100c1","luna","Pendulum-v1","next-action","20","0","none","1","0","20","2","1","target_history_only","data/llmx_data/offline_data/physics_data/raw_transitions/Pendulum-v1/episodes/episode_9_seed3407.npz","The pendulum is near the downward position, with a large positive angular velocity of \(5.10\). In the preceding steps, the agent applied strong positive torque while the angular velocity was positive, but it is now likely to reverse the torque to brake the motion and begin the next swing. Thus, the most likely action is near the minimum torque.",""
"90e409987d12d632f2b05ca846f20fbb600e94d56be87ed46b82224181f84ee3","luna","Pendulum-v1","next-action","20","0","none","1","0","20","2","0","target_history_only","data/llmx_data/offline_data/physics_data/raw_transitions/Pendulum-v1/episodes/episode_9_seed3407.npz","The pendulum is near the downward position, with a large positive angular velocity of \(5.10\). The agent has been applying strong positive torque, but at this point it will likely begin braking the rotation to avoid overshooting as the pendulum swings toward the upright position. A strong negative torque is therefore most likely.",""
"cc317124a62d9470bfaaa0c272cfca0843338cc635391a4b24da34a472ca287d","luna","Pendulum-v1","next-action","20","0","none","2","0","20","3","1","target_history_only","data/llmx_data/offline_data/physics_data/raw_transitions/Pendulum-v1/episodes/episode_9_seed3407.npz","The pendulum is moving with a large positive angular velocity while approaching the downward position from the positive-angle side. The agent has recently used strong positive torques, but the decreasing actions at Steps 17–19 suggest it is beginning to reduce the torque rather than continue applying the maximum. A moderately strong positive action is therefore most likely.",""
"9deb19548196a982654bc08542476145b1d49f8791b216d49a738455e89cbff1","luna","Pendulum-v1","next-action","20","0","none","2","0","20","3","0","target_history_only","data/llmx_data/offline_data/physics_data/raw_transitions/Pendulum-v1/episodes/episode_9_seed3407.npz","The pendulum is near the downward position, with \(x\approx -1\), and its angular velocity is strongly positive (\(5.10\)). The agent has applied positive torque while building momentum, but at this high velocity it will most likely switch to maximum negative torque to brake and reverse the motion, as seen previously when the angular velocity became large in magnitude.",""
"da14a8f901c093dcee2a8091d73fdf9f82183bb95a1111364b94dfc244546b05","luna","Pendulum-v1","next-action","20","4","pattern1","0","0","20","1","1","target_history_only","data/llmx_data/offline_data/physics_data/raw_transitions/Pendulum-v1/episodes/episode_9_seed3407.npz","At \(s_{20}\), the pendulum is near the leftmost/downward position, with a very large positive angular velocity of \(5.1022\). The preceding positive torques have continued increasing this velocity, so the agent will likely switch to a strong negative torque to brake the motion and begin reversing its direction.",""
"1dc5b584826fa5c16f8110ec9074902bbc8373a77f4e4b70111adad62af3bbcc","luna","Pendulum-v1","next-action","20","4","pattern1","0","0","20","1","0","target_history_only","data/llmx_data/offline_data/physics_data/raw_transitions/Pendulum-v1/episodes/episode_9_seed3407.npz","At \(s_{20}\), the pendulum is near the leftmost angular position, with a large positive angular velocity of \(5.10\). The preceding positive torques have accelerated this motion, so the agent will likely switch to a strong negative torque to brake and reverse the rotation. The action is therefore expected to be near the lower bound.",""
"cde84ff4f76bbdbc0261f7c21cb4d290c8363676e4fa77eb28c77fe7a9618799","luna","Pendulum-v1","next-action","20","4","pattern1","1","0","20","2","1","target_history_only","data/llmx_data/offline_data/physics_data/raw_transitions/Pendulum-v1/episodes/episode_9_seed3407.npz","The pendulum is approaching the inverted-side angle \(\theta \approx \pi\) with a large positive angular velocity (\(5.10\)). The agent has applied strong positive torque during the preceding steps, increasing this motion. It will likely switch to a strong negative torque to brake and reverse the rotation.",""
"76d944a1955adefe0ecb94d440eef238ced0f0976ead1dd991454242d2f1852f","luna","Pendulum-v1","next-action","20","4","pattern1","1","0","20","2","0","target_history_only","data/llmx_data/offline_data/physics_data/raw_transitions/Pendulum-v1/episodes/episode_9_seed3407.npz","At \(s_{20}\), the pendulum is near the downward position (\(\cos\theta\approx -1\)) and has a large positive angular velocity of \(5.10\). The agent has been applying positive torque to build momentum, but it should now reverse the torque strongly to brake the rotation and begin steering back toward the upright position. A saturated negative torque is therefore most likely.",""
"683ca2348ff67e376a43e878cb4599a624469f7db9125e271662d94b35365319","luna","Pendulum-v1","next-action","20","4","pattern1","2","0","20","3","1","target_history_only","data/llmx_data/offline_data/physics_data/raw_transitions/Pendulum-v1/episodes/episode_9_seed3407.npz","At \(s_{20}\), the pendulum is near the downward extreme with a large positive angular velocity (\(5.10\)). The preceding positive torques have accelerated this motion, so the agent will likely apply a strong negative torque to brake and reverse the swing. The action is therefore expected to saturate near \(-2\).",""
"53f7b335fd53b06735200c45f6be03464d9ef86a96548436c43db443becd1f5c","luna","Pendulum-v1","next-action","20","4","pattern1","2","0","20","3","0","target_history_only","data/llmx_data/offline_data/physics_data/raw_transitions/Pendulum-v1/episodes/episode_9_seed3407.npz","At \(s_{20}\), the pendulum is near the downward-side angle (\(x\approx -1\)) and has a very large positive angular velocity of \(5.10\). After several consecutive strong positive torques, the agent will likely apply a strong negative torque to brake and reverse this motion.",""
"8ede6621b60176f551e9d15200b770ab7010898f4dd39e1a80d9b65a0dbeba7c","luna","Pendulum-v1","next-action","20","0","none","0","100","120","1","1","target_history_only","data/llmx_data/offline_data/physics_data/raw_transitions/Pendulum-v1/episodes/episode_9_seed3407.npz","The pendulum is close to upright, with a small negative angle (`y ≈ -0.0478`) and a small positive angular velocity (`0.0335`). The agent has generally used a negative torque when the angular velocity is positive, to damp the motion. Since the state is near those at steps 110–113, a modest negative action is most likely.",""
"1f6c2118e9963c3a952402fb5116667949f0e7ee5941fd72665874b4310d1025","luna","Pendulum-v1","next-action","20","0","none","0","100","120","1","0","target_history_only","data/llmx_data/offline_data/physics_data/raw_transitions/Pendulum-v1/episodes/episode_9_seed3407.npz","The pendulum is close to upright, but its angular velocity is slightly positive. The agent generally applies a small negative torque to damp this motion, as seen for similar states (e.g., actions \(-0.1655\) and \(-0.5454\)). Thus, a modest negative action is most likely.",""
"de63681ccb4dac7ac3bbca32f6e684261abe0bf1f71bb22e2862808513637a0a","luna","Pendulum-v1","next-action","20","0","none","1","100","120","2","1","target_history_only","data/llmx_data/offline_data/physics_data/raw_transitions/Pendulum-v1/episodes/episode_9_seed3407.npz","The pendulum is very close to upright: \(x\approx 0.999\), \(y\approx -0.048\), and angular velocity is small and positive (\(0.0335\)). In nearby states, the agent generally applies a small corrective torque, often slightly negative, to damp the motion. A value near \(-0.2\) is therefore most likely.",""
"a2b42f4b2727bba7a5a92ae08afebe0f6ab167dc3049eec4d91d6409779f527d","luna","Pendulum-v1","next-action","20","0","none","1","100","120","2","0","target_history_only","data/llmx_data/offline_data/physics_data/raw_transitions/Pendulum-v1/episodes/episode_9_seed3407.npz","The pendulum remains close to upright, with a small negative angle and positive angular velocity. The agent has recently used small negative torques to damp this positive motion. The most similar prior state is Step 110, where the action was approximately \(-0.17\). Therefore, a small negative action is most likely.",""
"59a5d69eea0fcf0009abf5a05e29189c0bf1f2f5cabedbc3484bbe05b45eac3d","luna","Pendulum-v1","next-action","20","0","none","2","100","120","3","1","target_history_only","data/llmx_data/offline_data/physics_data/raw_transitions/Pendulum-v1/episodes/episode_9_seed3407.npz","The pendulum is close to upright, with a small negative angle and a small positive angular velocity. In nearby states with similar values, the agent generally applies a modest negative torque to damp the positive angular motion and maintain stability. A reasonable prediction is therefore a small-to-moderate negative action, around \(-0.5\).",""
"7c14162db2f1d860ac7cc1703d26bd654fcfcc6db827703a8c94cd085bffbbb0","luna","Pendulum-v1","next-action","20","0","none","2","100","120","3","0","target_history_only","data/llmx_data/offline_data/physics_data/raw_transitions/Pendulum-v1/episodes/episode_9_seed3407.npz","The pendulum is close to upright, with a small negative angle and a small positive angular velocity. In nearby states with similar observations, the agent generally applies a small corrective torque, often slightly negative—for example, state 110 has nearly the same velocity and receives action \(-0.1655\). Thus, a small negative action is most likely.",""
"3e2ab7126a20c44df965558bc8fd770f1d527740341fe9ed6c4dadec9aee3f11","luna","Pendulum-v1","next-action","20","4","pattern1","0","100","120","1","1","target_history_only","data/llmx_data/offline_data/physics_data/raw_transitions/Pendulum-v1/episodes/episode_9_seed3407.npz","The pendulum is slightly displaced to the negative-angle side with a small positive angular velocity. The recent behavior shows the agent applying a moderate negative torque to counter this motion, with stronger negative corrections when the positive velocity increases. A torque around \(-0.6\) is therefore likely.",""
"1e48585c028d12fd1723dec4a7eba7a31dfc80e6e0b6d208b0aee35985de549c","luna","Pendulum-v1","next-action","20","4","pattern1","0","100","120","1","0","target_history_only","data/llmx_data/offline_data/physics_data/raw_transitions/Pendulum-v1/episodes/episode_9_seed3407.npz","The pendulum is close to upright with a small positive angular velocity. In the nearby sequence, the agent generally applies a modest negative torque to damp this motion, so a small negative action is most likely.",""
"a8d8d5ab04e231cc57be3350d3888585e1be2201b6e75d97d3bb6bdb972d7489","luna","Pendulum-v1","next-action","20","4","pattern1","1","100","120","2","1","target_history_only","data/llmx_data/offline_data/physics_data/raw_transitions/Pendulum-v1/episodes/episode_9_seed3407.npz","The pendulum is slightly displaced to the negative-angle side and has a small positive angular velocity. The agent will likely apply a modest negative torque to oppose this motion and stabilize near upright. States with similar small positive velocities used negative actions, such as \(-0.5454\) at Step 113.",""
"98812b91d2b21a7254f723c972461ef0441fff5c5cf07e86245488eaba92d60e","luna","Pendulum-v1","next-action","20","4","pattern1","1","100","120","2","0","target_history_only","data/llmx_data/offline_data/physics_data/raw_transitions/Pendulum-v1/episodes/episode_9_seed3407.npz","The pendulum remains slightly displaced to the negative-angle side, while its angular velocity is small and positive. The recent controller generally applies a modest negative torque when the velocity becomes positive, although actions vary due to the learned policy’s corrections. A small negative action is therefore most likely at \(s_{120}\).",""
"632a311620fe609033fa28362847c09726271bd6384905f56d99c2365913e611","luna","Pendulum-v1","next-action","20","4","pattern1","2","100","120","3","1","target_history_only","data/llmx_data/offline_data/physics_data/raw_transitions/Pendulum-v1/episodes/episode_9_seed3407.npz","The pendulum is slightly displaced to the negative-angle side with a small positive angular velocity. In the nearby stable portion of the trajectory, the agent generally applies a modest negative torque to damp this motion. A value around \(-0.55\) is therefore plausible.",""
"43260a14a0cf75ff2e13476096c591ec44aadb04b8b817cb0ddd01e246b81d06","luna","Pendulum-v1","next-action","20","4","pattern1","2","100","120","3","0","target_history_only","data/llmx_data/offline_data/physics_data/raw_transitions/Pendulum-v1/episodes/episode_9_seed3407.npz","The state at \(s_{120}\) is very close to the earlier state \(s_{110}\), with a small positive angular velocity and a slightly negative angle. At \(s_{110}\), the agent applied a small negative torque (\(-0.1655\)) to counter the positive motion. A similar corrective action is therefore likely at \(s_{120}\).",""
