task,factor,level,model,n,correct,accuracy,error_n,mae,score_n,reasoning_score,accuracy_unparsed
MountainCar-v0,score_pattern,pattern1,terra,18,17,0.9444444444444444,18,0.05555555555555555,18,3.0,0
MountainCar-v0,score_pattern,pattern2,terra,18,18,1.0,18,0.0,18,3.0,0
MountainCar-v0,score_pattern,pattern1,luna,18,13,0.7222222222222222,18,0.5555555555555556,18,2.888888888888889,0
MountainCar-v0,score_pattern,pattern2,luna,18,17,0.9444444444444444,18,0.1111111111111111,18,2.9444444444444446,0
MountainCar-v0,shots,4,terra,12,11,0.9166666666666666,12,0.08333333333333333,12,3.0,0
MountainCar-v0,shots,8,terra,12,12,1.0,12,0.0,12,3.0,0
MountainCar-v0,shots,12,terra,12,12,1.0,12,0.0,12,3.0,0
MountainCar-v0,shots,4,luna,12,9,0.75,12,0.5,12,3.0,0
MountainCar-v0,shots,8,luna,12,10,0.8333333333333334,12,0.3333333333333333,12,3.0,0
MountainCar-v0,shots,12,luna,12,11,0.9166666666666666,12,0.16666666666666666,12,2.75,0
MountainCar-v0,H,5,terra,18,18,1.0,18,0.0,18,3.0,0
MountainCar-v0,H,20,terra,18,17,0.9444444444444444,18,0.05555555555555555,18,3.0,0
MountainCar-v0,H,5,luna,18,18,1.0,18,0.0,18,2.888888888888889,0
MountainCar-v0,H,20,luna,18,12,0.6666666666666666,18,0.6666666666666666,18,2.9444444444444446,0
Pendulum-v1,score_pattern,pattern1,terra,18,16,0.8888888888888888,18,0.19309461381700302,18,3.0555555555555554,0
Pendulum-v1,score_pattern,pattern2,terra,18,16,0.8888888888888888,18,0.19355149269104005,18,2.6666666666666665,0
Pendulum-v1,score_pattern,pattern1,luna,18,13,0.7222222222222222,18,0.2829465987947252,18,3.2777777777777777,0
Pendulum-v1,score_pattern,pattern2,luna,18,14,0.7777777777777778,18,0.2640577099058363,18,2.888888888888889,0
Pendulum-v1,shots,4,terra,12,10,0.8333333333333334,12,0.22607616186141968,12,2.75,0
Pendulum-v1,shots,8,terra,12,12,1.0,12,0.13198350270589193,12,2.9166666666666665,0
Pendulum-v1,shots,12,terra,12,10,0.8333333333333334,12,0.221909495194753,12,2.9166666666666665,0
Pendulum-v1,shots,4,luna,12,8,0.6666666666666666,12,0.2951688210169474,12,2.9166666666666665,0
Pendulum-v1,shots,8,luna,12,10,0.8333333333333334,12,0.24516882101694745,12,3.3333333333333335,0
Pendulum-v1,shots,12,luna,12,9,0.75,12,0.28016882101694746,12,3.0,0
Pendulum-v1,H,5,terra,18,14,0.7777777777777778,18,0.25744038157992893,18,2.9444444444444446,0
Pendulum-v1,H,20,terra,18,18,1.0,18,0.12920572492811414,18,2.7777777777777777,0
Pendulum-v1,H,5,luna,18,12,0.6666666666666666,18,0.3246132654613919,18,3.1666666666666665,0
Pendulum-v1,H,20,luna,18,15,0.8333333333333334,18,0.22239104323916964,18,3.0,0
