"query_id","condition_id","model","Task","Metrics","H","method","K","E","ordinal","history_start","query_index","repeat_id","reward_present","target_episode","episode_path","Reasoning","score"
"41078bb4fe23f98136d2682e0235aa4ea0e384927b107c2d6c6e7d4ff0cc90d1","terra__direct__E1","terra","Pendulum-v1","next-action","20","direct","","1","0","0","20","1","1","episode_9_seed3407.npz","data/llmx_data/offline_data/physics_data/raw_transitions/Pendulum-v1/episodes/episode_9_seed3407.npz","At \(s_{20}\), the pendulum is near the downward position (\(\theta \approx 3.02\) rad) and moving strongly in the positive/counterclockwise direction (\(\dot\theta=5.10\)). In the earlier analogous passage near the downward position with negative velocity, the agent applied negative torque to reinforce the swing. Here the symmetric behavior is to apply strong positive torque, likely saturating near the maximum action.","2"
"25ff127bf0f3523f494b0a09801b7d72aa4b1186e47007ecea52b2bae569ec04","terra__direct__E1","terra","Pendulum-v1","next-action","20","direct","","1","1","0","20","2","1","episode_9_seed3407.npz","data/llmx_data/offline_data/physics_data/raw_transitions/Pendulum-v1/episodes/episode_9_seed3407.npz","The pendulum is near the downward position (\(\cos\theta\approx -1\), \(\sin\theta>0\)) and is moving rapidly in the positive angular direction (\(\dot\theta=5.1022\)). In the preceding steps, the agent consistently applies a strong positive torque while the angular velocity is positive, helping maintain swing-up momentum through the lower portion of the trajectory. The action is therefore likely to remain strongly positive, around the upper action range.","2"
"6dfba6268158a7e11913a48524ff5a58a1307c88cded2303f60c38eb04c6dd7f","terra__direct__E1","terra","Pendulum-v1","next-action","20","direct","","1","2","0","20","3","1","episode_9_seed3407.npz","data/llmx_data/offline_data/physics_data/raw_transitions/Pendulum-v1/episodes/episode_9_seed3407.npz","The pendulum is near the downward position (\(\theta \approx \pi\)) and moving strongly in the positive/counterclockwise direction (\(\dot\theta = 5.10\)). Earlier, when it passed a similar downward configuration with negative angular velocity, the agent applied strong negative torque to reinforce that swing direction. Thus, with positive angular velocity here, the policy will most likely apply a strong positive torque to continue injecting energy for swing-up.","2"
"3752030b74770e1e84c21c85d5fceab30e805d466504402ad98a5012fe2ef91b","terra__direct__E3","terra","Pendulum-v1","next-action","20","direct","","3","0","0","20","1","1","episode_9_seed3407.npz","data/llmx_data/offline_data/physics_data/raw_transitions/Pendulum-v1/episodes/episode_9_seed3407.npz","At s20 the pendulum is near the downward position on the left side (`x≈-0.99`, `y≈0.12`) with high positive angular velocity (`≈5.10`). The agent has been applying strong positive torque during this portion of the swing to maintain momentum, consistent with the similar reference trajectory. A near-maximal positive action is most likely.","2"
"95eff922fe40156c46f7252a8247cc51f53099b1025fa50469c54836afedf9e9","terra__direct__E3","terra","Pendulum-v1","next-action","20","direct","","3","1","0","20","2","1","episode_9_seed3407.npz","data/llmx_data/offline_data/physics_data/raw_transitions/Pendulum-v1/episodes/episode_9_seed3407.npz","At s20 the pendulum is near the downward position (angle close to \(+\pi\)) with high positive angular velocity (5.10). The agent’s preceding behavior applies strong positive torque during this portion of the swing to maintain momentum for swing-up. This closely matches reference episode 2 near similar angle/velocity, where actions were around \(+1.7\) to \(+1.9\).","2"
"387892f4140ee4dd5541aebfafea8c13f7bde39c7be11cbaf5e68d7ddca7c13b","terra__direct__E3","terra","Pendulum-v1","next-action","20","direct","","3","2","0","20","3","1","episode_9_seed3407.npz","data/llmx_data/offline_data/physics_data/raw_transitions/Pendulum-v1/episodes/episode_9_seed3407.npz","At s20 the pendulum is near the downward position on the left side (`cos≈-0.993`, `sin≈0.120`) and is rotating quickly counterclockwise (`angular velocity≈5.10`). The observed policy applies strong positive torque during this swing-up phase to maintain momentum, as seen in the comparable reference trajectory near the same angle and velocity. A value around +1.7 to +1.9 is most likely.","2"
"696d927766796b269dc95b1958759309f532ab3cbf82da5d8be0b823c39ca44c","terra__direct__E9","terra","Pendulum-v1","next-action","20","direct","","9","0","0","20","1","1","episode_9_seed3407.npz","data/llmx_data/offline_data/physics_data/raw_transitions/Pendulum-v1/episodes/episode_9_seed3407.npz","At this near-downward-left configuration (`cos≈-0.99`, `sin≈0.12`) with a large positive angular velocity, the agent’s reference behavior generally applies strong positive torque to sustain the swing and carry momentum through the bottom/left-side portion of its trajectory. Similar states use actions around `+1.7` to `+2.0`.","2"
"48ba312f6ef12ce4d861be8b1a3cbf4eafebe15e940ec05e0ba53be4c50f4720","terra__direct__E9","terra","Pendulum-v1","next-action","20","direct","","9","1","0","20","2","1","episode_9_seed3407.npz","data/llmx_data/offline_data/physics_data/raw_transitions/Pendulum-v1/episodes/episode_9_seed3407.npz","The pendulum is near the downward position (`x ≈ -0.99`) and rotating with substantial positive angular velocity (`5.10`). In comparable reference trajectories, the agent generally continues applying a strong positive (counterclockwise) torque in this region to maintain swing-up momentum. The prior actions were also strongly positive, around `1.7–2.0`.","2"
"0f9dd6fd85d8d8f60ccc421fed2d9c66ddc672639ca57bfd2311b12d695f6520","terra__direct__E9","terra","Pendulum-v1","next-action","20","direct","","9","2","0","20","3","1","episode_9_seed3407.npz","data/llmx_data/offline_data/physics_data/raw_transitions/Pendulum-v1/episodes/episode_9_seed3407.npz","The pendulum is near the downward position (`cos(theta) ≈ -0.99`) with a large positive angular velocity (`5.10`), moving counterclockwise. In comparable reference states near this configuration, the agent typically applies a strong positive torque to sustain the swing and guide the pendulum toward the upright position. A value around `+1.7` is most consistent with the observed behavior.","2"
"bbee43935ec5ea33d16363c38753f47e581d7071ea480dd4cc254f28e6aa3cca","terra__ppo_prior__E1","terra","Pendulum-v1","next-action","20","ppo_prior","","1","0","0","20","1","1","episode_9_seed3407.npz","data/llmx_data/offline_data/physics_data/raw_transitions/Pendulum-v1/episodes/episode_9_seed3407.npz","The pendulum is near the downward position (\(\theta \approx +\pi\)) and rotating rapidly counterclockwise (\(\dot\theta = 5.10\)). In the preceding states with increasing positive angular velocity, the PPO policy consistently applies strong positive torque, generally in the \(1.7\)–\(2.0\) range, to continue pumping energy into the swing. Therefore, the most likely action remains near the positive torque limit.","2"
"d7d363e112cefaa4911d5000b6836102e9f1e251a4ecffb1d6d98c3452469faa","terra__ppo_prior__E1","terra","Pendulum-v1","next-action","20","ppo_prior","","1","1","0","20","2","1","episode_9_seed3407.npz","data/llmx_data/offline_data/physics_data/raw_transitions/Pendulum-v1/episodes/episode_9_seed3407.npz","At \(s_{20}\), the pendulum is near the downward position (\(\cos\theta\approx -0.993\), \(\sin\theta\approx 0.120\)) and is rotating rapidly in the positive/counterclockwise direction (\(\dot\theta=5.10\)). The agent has been applying strong positive torque during this positive swing phase (steps 9–19), apparently injecting energy to continue the swing-up. Thus a near-maximal positive torque is most likely.","3"
"60c987de51bdd496b9d771c22f433cc1508365f94014a1260f9dce1ee93bb9e4","terra__ppo_prior__E1","terra","Pendulum-v1","next-action","20","ppo_prior","","1","2","0","20","3","1","episode_9_seed3407.npz","data/llmx_data/offline_data/physics_data/raw_transitions/Pendulum-v1/episodes/episode_9_seed3407.npz","The pendulum is near the downward position (`cos(theta) ≈ -0.99`) but moving rapidly in the positive angular direction (`theta_dt ≈ 5.10`). Earlier in the trajectory, the policy applies strong torque in the same direction as the swing while approaching/passing the downward region to build momentum for swing-up. By approximate sign symmetry relative to the earlier negative-angle/negative-velocity portion, a strongly positive torque is most likely.","2"
"c403c8c3c5a6d61a5d86acd490322c9dcffd5f66c7eb990faed4fafcb3c83c14","terra__ppo_prior__E3","terra","Pendulum-v1","next-action","20","ppo_prior","","3","0","0","20","1","1","episode_9_seed3407.npz","data/llmx_data/offline_data/physics_data/raw_transitions/Pendulum-v1/episodes/episode_9_seed3407.npz","At s20, the pendulum is near the downward position on the left side (`cos≈-0.993`, `sin≈0.120`) and moving counterclockwise rapidly (`angular velocity≈+5.10`). In similar high-positive-velocity states near this angle, the trained PPO policy applies a strong positive torque to sustain the swing-up trajectory. The preceding actions also remain strongly positive as velocity increases.","2"
"67cf0c143cd4238f7561be80dce11eb7a3e655b89df500c69c2ec2cc4d76ed1d","terra__ppo_prior__E3","terra","Pendulum-v1","next-action","20","ppo_prior","","3","1","0","20","2","1","episode_9_seed3407.npz","data/llmx_data/offline_data/physics_data/raw_transitions/Pendulum-v1/episodes/episode_9_seed3407.npz","At \(s_{20}\), the pendulum is near the downward/inverted side (\(x\approx-0.99\)) and rotating rapidly counterclockwise (\(\dot\theta\approx 5.10\)). The policy’s behavior in both the target trajectory and reference episode 2 applies strong positive torque in this region to continue the swing-up trajectory. A closely matching reference state \([ -0.9954, 0.0962, 4.8296]\) received action \(1.686\). Thus the most likely action is a strong positive torque near \(+1.7\).","3"
"6b8da950beec8f26ad8f20cdbca1a1445b6d0535e0eb52c926a0eeba01d9df0a","terra__ppo_prior__E3","terra","Pendulum-v1","next-action","20","ppo_prior","","3","2","0","20","3","1","episode_9_seed3407.npz","data/llmx_data/offline_data/physics_data/raw_transitions/Pendulum-v1/episodes/episode_9_seed3407.npz","At \(s_{20}\), the pendulum is near the downward position (\(x\approx-0.993,\ y\approx0.120\)) and rotating rapidly with positive angular velocity (\(\dot\theta\approx5.10\)). In the reference episode, a very similar state near the downward crossing with positive high velocity receives a strongly positive torque (about \(+1.7\) to \(+1.9\)). The policy is therefore likely to continue applying near-maximal positive torque to maintain swing-up momentum.","2"
"14b4a7998d249d9a7a840aa754f8a8abbfcd19899c08668241c6cbb315734bf9","terra__ppo_prior__E9","terra","Pendulum-v1","next-action","20","ppo_prior","","9","0","0","20","1","1","episode_9_seed3407.npz","data/llmx_data/offline_data/physics_data/raw_transitions/Pendulum-v1/episodes/episode_9_seed3407.npz","At \(s_{20}=[-0.9928, 0.1197, 5.1022]\), the pendulum is near the downward/opposite side with a large positive angular velocity. Comparable reference states—especially reference episode 2 around \([-0.995, 0.096, 4.83]\) and \([-0.987, -0.161, 5.15]\)—receive strong positive torque around \(1.7\)–\(1.9\). The policy is therefore likely to continue applying near-maximal positive torque.","3"
"e0993a0d4d858e02477c31635914df19b3ff84f32bddef8ee060743668d7c057","terra__ppo_prior__E9","terra","Pendulum-v1","next-action","20","ppo_prior","","9","1","0","20","2","1","episode_9_seed3407.npz","data/llmx_data/offline_data/physics_data/raw_transitions/Pendulum-v1/episodes/episode_9_seed3407.npz","At \(s_{20}\), the pendulum is near the downward-left side (\(\cos\theta\approx-0.993,\sin\theta\approx0.120\)) and rotating counterclockwise quickly (\(\dot\theta\approx5.10\)). In comparable reference states, the PPO policy generally applies a strong positive torque, typically around \(+1.7\) to \(+2.0\), to continue the swing-up trajectory. Therefore the most likely action remains strongly positive.","2"
"484129207fe5539e3d3a96976bf7a289bd251546edf9ad31e388fe1afb1226b6","terra__ppo_prior__E9","terra","Pendulum-v1","next-action","20","ppo_prior","","9","2","0","20","3","1","episode_9_seed3407.npz","data/llmx_data/offline_data/physics_data/raw_transitions/Pendulum-v1/episodes/episode_9_seed3407.npz","At \(s_{20}\), the pendulum is near the leftmost/downward-side region (\(\cos\theta\approx-0.993\)) and moving rapidly counterclockwise (\(\dot\theta\approx5.10\)). In the reference trajectories, comparable states consistently receive a strong positive torque, typically around \(+1.7\) to \(+2.0\), to continue the swing-up trajectory.","2"
"d30364fba421fe03725c09c5a27428648c822723234f5ab4a457d759d8033cc7","terra__icrfqi_k2__E1","terra","Pendulum-v1","next-action","20","icrfqi_k2","2","1","0","0","20","1","1","episode_9_seed3407.npz","data/llmx_data/offline_data/physics_data/raw_transitions/Pendulum-v1/episodes/episode_9_seed3407.npz","The state is near the downward position with large positive angular velocity. The trajectory’s approximately symmetric behavior indicates a strong positive torque to continue the swing and control the high-speed motion. Nearby comparable states used actions around \(+1.4\) to \(+1.8\), so the highest positive-action bin is most likely.","2"
"048dd01d377bea57d07988fd8c04cb38ec0fb0a57e09977b4ea54e6a3a25fdc5","terra__icrfqi_k2__E1","terra","Pendulum-v1","next-action","20","icrfqi_k2","2","1","1","0","20","2","1","episode_9_seed3407.npz","data/llmx_data/offline_data/physics_data/raw_transitions/Pendulum-v1/episodes/episode_9_seed3407.npz","The pendulum is near the downward position with large positive angular velocity. The observed policy applies positive torque to sustain and control the clockwise-to-upright swing, while reducing torque somewhat as angular speed becomes high. A positive action around 1.4 is most consistent with nearby trajectory behavior and the fitted value interpolation.","2"
"aefe7fe8b0a94d5a309a0d413a3d2040f069d8a42a48e78f46be572d4a9aabfd","terra__icrfqi_k2__E1","terra","Pendulum-v1","next-action","20","icrfqi_k2","2","1","2","0","20","3","1","episode_9_seed3407.npz","data/llmx_data/offline_data/physics_data/raw_transitions/Pendulum-v1/episodes/episode_9_seed3407.npz","At \(s_{20}\), the pendulum is near the downward position and rotating rapidly counterclockwise (\(\dot{\theta}=5.10\)). The observed policy applies strong positive torque in the analogous high-speed phase to regulate the swing and prepare to decelerate toward upright. A near-maximal positive action is therefore most likely.","2"
"92de3097d181a5b3645d34ca68b3f6a5f631b6bb9e1e7a136307bf8076bb3473","terra__icrfqi_k2__E3","terra","Pendulum-v1","next-action","20","icrfqi_k2","2","3","0","0","20","1","1","episode_9_seed3407.npz","data/llmx_data/offline_data/physics_data/raw_transitions/Pendulum-v1/episodes/episode_9_seed3407.npz","The query state closely matches the high-angular-velocity region in the reference trajectories where the learned policy applies strong positive (counterclockwise) torque to continue the swing-up. Two-step fitted-Q interpolation favors the highest positive-action bin.","2"
"fc00b70718b2512b72f98b94d717866a74f2b2113ef3ae91c9bc1ede4d520e04","terra__icrfqi_k2__E3","terra","Pendulum-v1","next-action","20","icrfqi_k2","2","3","1","0","20","2","1","episode_9_seed3407.npz","data/llmx_data/offline_data/physics_data/raw_transitions/Pendulum-v1/episodes/episode_9_seed3407.npz","The query state closely matches reference episode 2 around its high positive angular-velocity swing near the leftward/downward side. The trained policy applies strong positive (counterclockwise) torque there to maintain the swing-up trajectory. The fitted two-step return estimate therefore favors the highest positive-action bin.","2"
"2ab1f89d412b62b321aec22eeaadca7ee92ed72834bbff670d32640ac06035c9","terra__icrfqi_k2__E3","terra","Pendulum-v1","next-action","20","icrfqi_k2","2","3","2","0","20","3","1","episode_9_seed3407.npz","data/llmx_data/offline_data/physics_data/raw_transitions/Pendulum-v1/episodes/episode_9_seed3407.npz","At this high positive angular velocity near the downward position, the agent’s behavior matches the reference swing-up trajectory, where it applies a strong positive torque to continue the counterclockwise swing. The closest reference state used an action near \(+1.69\).","2"
"7416c6cece5952ef4589775ed63bff27e59061a746027a9cff25258d777f5102","terra__icrfqi_k2__E9","terra","Pendulum-v1","next-action","20","icrfqi_k2","2","9","0","0","20","1","1","episode_9_seed3407.npz","data/llmx_data/offline_data/physics_data/raw_transitions/Pendulum-v1/episodes/episode_9_seed3407.npz","The query state is near the leftmost swing with high positive angular velocity. Nearby reference transitions with similar angle and positive velocity consistently use strong positive torque to continue the counterclockwise swing. The two-step fitted-Q comparison favors bin 9, and the observed policy actions in that region cluster around \(1.8\)–\(2.0\).","2"
"ed9238cabea119f0a6066f034cffc80d224d344d8aac09f1bc8e0db10fd7b17b","terra__icrfqi_k2__E9","terra","Pendulum-v1","next-action","20","icrfqi_k2","2","9","1","0","20","2","1","episode_9_seed3407.npz","data/llmx_data/offline_data/physics_data/raw_transitions/Pendulum-v1/episodes/episode_9_seed3407.npz","At this near-downward-left state with large positive angular velocity, comparable positive-velocity trajectories apply strong positive (counterclockwise) torque to sustain the swing-up. The fitted two-step value estimate favors the highest positive-torque bin.","2"
"f8ba97dfd21f4f2781ad7be4df47500a321fb0e49a8176cb7917690aca22920b","terra__icrfqi_k2__E9","terra","Pendulum-v1","next-action","20","icrfqi_k2","2","9","2","0","20","3","1","episode_9_seed3407.npz","data/llmx_data/offline_data/physics_data/raw_transitions/Pendulum-v1/episodes/episode_9_seed3407.npz","The state is near the downward position with a large positive angular velocity. Nearby reference trajectories apply strong positive torque in this regime to sustain the counterclockwise swing, typically in the highest action bin.","2"
"c8b821464d5154ce9b0a721d708cf10a718a05dad47c9ff91980423259036803","terra__icrfqi_k5__E1","terra","Pendulum-v1","next-action","20","icrfqi_k5","5","1","0","0","20","1","1","episode_9_seed3407.npz","data/llmx_data/offline_data/physics_data/raw_transitions/Pendulum-v1/episodes/episode_9_seed3407.npz","The query state is near the downward configuration with high positive angular velocity. Nearby trajectory states with similar phase and velocity direction use strong positive torques; the fitted/interpolated value estimate therefore favors action bin 9, with a torque close to the observed values around \(1.7\).","2"
"85d5726b65e88377e784b9eb905ddd1516a02de017de934b7a18fdd45a26b74c","terra__icrfqi_k5__E1","terra","Pendulum-v1","next-action","20","icrfqi_k5","5","1","1","0","20","2","1","episode_9_seed3407.npz","data/llmx_data/offline_data/physics_data/raw_transitions/Pendulum-v1/episodes/episode_9_seed3407.npz","The pendulum is near the downward position with high positive angular velocity. The agent’s recent behavior applies strong positive torque in this region to sustain/control the swing, so the highest-valued bin is the strongest positive-torque bin.","2"
"41dc33e7c3c756e811494ed4ec53e1682ce9c2dbaeb814677a6c2bde240ba772","terra__icrfqi_k5__E1","terra","Pendulum-v1","next-action","20","icrfqi_k5","5","1","2","0","20","3","1","episode_9_seed3407.npz","data/llmx_data/offline_data/physics_data/raw_transitions/Pendulum-v1/episodes/episode_9_seed3407.npz","The state is near the downward position with large positive angular velocity. The recent policy behavior applies strong positive torque in this region to maintain momentum for the swing-up. The fitted value estimate therefore favors the highest positive-action bin.","2"
"47d55d9a31b1da9583b7481dae75d61d6b5bbfbc54cb2b0fab6ce6797b577563","terra__icrfqi_k5__E3","terra","Pendulum-v1","next-action","20","icrfqi_k5","5","3","0","0","20","1","1","episode_9_seed3407.npz","data/llmx_data/offline_data/physics_data/raw_transitions/Pendulum-v1/episodes/episode_9_seed3407.npz","The query state is near the downward/wrap-around region with high positive angular velocity. A closely matching reference state has angular velocity about 5.15 and received a strong positive torque (~1.85). The fitted value estimate therefore favors the highest positive-action bin to sustain the swing-up motion.","3"
"b6cc808d376450a426203d93db59b7feb70642185581f84566d5760c47ead5a8","terra__icrfqi_k5__E3","terra","Pendulum-v1","next-action","20","icrfqi_k5","5","3","1","0","20","2","1","episode_9_seed3407.npz","data/llmx_data/offline_data/physics_data/raw_transitions/Pendulum-v1/episodes/episode_9_seed3407.npz","At this near-downward, high-positive-angular-velocity state, the agent behavior in the target trajectory and the closest reference trajectory applies strong positive (counterclockwise) torque. The nearest comparable reference state uses an action around 1.7–1.9, so the predicted action remains in the strongest positive-action bin.","2"
"6efd36efdb1a96abd828336052c2f0e2e0af35f3a7b5c325889251b7d55d27ea","terra__icrfqi_k5__E3","terra","Pendulum-v1","next-action","20","icrfqi_k5","5","3","2","0","20","3","1","episode_9_seed3407.npz","data/llmx_data/offline_data/physics_data/raw_transitions/Pendulum-v1/episodes/episode_9_seed3407.npz","The query state is near the downward position with high positive angular velocity. Nearby transitions in both trajectories apply strong positive torque in this regime, especially the closely matching reference state `[-0.9954, 0.0962, 4.8296]` with action `1.686`. The fitted value estimate therefore favors the highest positive-action bin.","3"
"72adbb2c92520d0e85842262f62e4f42584b59cc358bcf0a311f86ba865816e3","terra__icrfqi_k5__E9","terra","Pendulum-v1","next-action","20","icrfqi_k5","5","9","0","0","20","1","1","episode_9_seed3407.npz","data/llmx_data/offline_data/physics_data/raw_transitions/Pendulum-v1/episodes/episode_9_seed3407.npz","The query state is near the downward-left position with a large positive angular velocity. Nearby reference trajectories at very similar states consistently apply strong positive torque to sustain the swing-up trajectory. The fitted value estimate therefore favors the highest positive-action bin.","2"
"b2fbe919a5a7a6881e6ff3285c7c7f05427531157ad34b728eacbd51d7e7390f","terra__icrfqi_k5__E9","terra","Pendulum-v1","next-action","20","icrfqi_k5","5","9","1","0","20","2","1","episode_9_seed3407.npz","data/llmx_data/offline_data/physics_data/raw_transitions/Pendulum-v1/episodes/episode_9_seed3407.npz","The queried state closely matches reference trajectories near the left-side, high positive-angular-velocity swing phase. In these nearby states, the fitted/interpolated value is highest for the strongest positive-torque bin, continuing the counterclockwise swing. The observed policy actions in comparable states are typically about \(1.7\)–\(2.0\).","2"
"41b1871fe0608b64c5cc29071821445a1a38c4529883280e95f8d940de8dbcba","terra__icrfqi_k5__E9","terra","Pendulum-v1","next-action","20","icrfqi_k5","5","9","2","0","20","3","1","episode_9_seed3407.npz","data/llmx_data/offline_data/physics_data/raw_transitions/Pendulum-v1/episodes/episode_9_seed3407.npz","The query state closely matches high-positive-angular-velocity swing-up states in the reference trajectories, where the trained policy consistently applies strong positive (counterclockwise) torque. Fitted-Q interpolation favors the highest positive-action bin.","2"
"285727338fcd94d82382368e7cce9a79c274fd319de82767884f53f02b995ecd","luna__direct__E1","luna","Pendulum-v1","next-action","20","direct","","1","0","0","20","1","1","episode_9_seed3407.npz","data/llmx_data/offline_data/physics_data/raw_transitions/Pendulum-v1/episodes/episode_9_seed3407.npz","The pendulum is near the bottom position, with strongly positive angular velocity increasing from \(4.57\) to \(5.10\). After applying mostly positive torque through steps 9–19, the agent will likely reverse the torque to brake the motion and avoid excessive angular velocity. Thus, the most likely action is near the negative limit.","3"
"6eb94e5e656c1c297b8e9225a8c86c05197a7655e501eed15e0e5027c783eea3","luna__direct__E1","luna","Pendulum-v1","next-action","20","direct","","1","1","0","20","2","1","episode_9_seed3407.npz","data/llmx_data/offline_data/physics_data/raw_transitions/Pendulum-v1/episodes/episode_9_seed3407.npz","The pendulum is approaching the opposite extreme, with angular velocity increasing positively from \(4.57\) to \(5.10\). The agent has previously used a strong opposing torque near the maximum-magnitude angular velocity (e.g., switching from negative to positive torque around Steps 8–9). By symmetry, it will likely switch to a strong negative torque at Step 20 to brake the positive rotation.","3"
"bb2f1f60b033c00340af407c210f52f379f2f92957a41e73ddd3efcb7ab307d7","luna__direct__E1","luna","Pendulum-v1","next-action","20","direct","","1","2","0","20","3","1","episode_9_seed3407.npz","data/llmx_data/offline_data/physics_data/raw_transitions/Pendulum-v1/episodes/episode_9_seed3407.npz","The pendulum is near the downward-side angle, with a large positive angular velocity (`5.1022`). In the preceding steps, the agent has applied mostly positive torque while increasing the angular velocity. At this point, it will most likely reverse the torque strongly to brake the motion and prepare for the next swing.","2"
"9247cd09f28fbc365cc824cddb2a0c1cdd52e5bfb051fb391c43bac2f059f114","luna__direct__E3","luna","Pendulum-v1","next-action","20","direct","","3","0","0","20","1","1","episode_9_seed3407.npz","data/llmx_data/offline_data/physics_data/raw_transitions/Pendulum-v1/episodes/episode_9_seed3407.npz","At \(s_{20}\), the pendulum is near the leftmost horizontal position with a large positive angular velocity (\(\approx 5.10\)). In the comparable reference episode, the agent consistently applies strong positive torque in this region, typically between \(1.7\) and \(2.0\). The recent target actions also remain strongly positive, so the most likely action is approximately \(1.75\).","2"
"af880f95938e5ece9d696da80fa1f37df11fa55e2f140573826e99fc9eb2cfda","luna__direct__E3","luna","Pendulum-v1","next-action","20","direct","","3","1","0","20","2","1","episode_9_seed3407.npz","data/llmx_data/offline_data/physics_data/raw_transitions/Pendulum-v1/episodes/episode_9_seed3407.npz","At \(s_{20}\), the pendulum is near the leftmost position with a large negative cosine and high positive angular velocity (\(5.10\)). In the similar reference episode, the agent applied strong positive torques around \(1.69\)–\(1.85\) in this region. Thus, it will most likely continue with a strong positive action.","2"
"8dd8f8ab41abe53b5de64e45e0c71746c5e8d4525cf7c33d379f7d9c87c46bec","luna__direct__E3","luna","Pendulum-v1","next-action","20","direct","","3","2","0","20","3","1","episode_9_seed3407.npz","data/llmx_data/offline_data/physics_data/raw_transitions/Pendulum-v1/episodes/episode_9_seed3407.npz","The state \(s_{20}\) is very close to the corresponding high-angular-velocity states in reference episode 2, where the agent applied a strong positive torque around \(1.69\)–\(1.85\). Since the pendulum is near the leftmost angular position and still rotating rapidly, the agent will likely continue applying positive torque, most likely around \(1.75\).","2"
"5938966e2ccce3b3e7e142efd3a35cf4addef85d95662105da71328776226bcd","luna__direct__E9","luna","Pendulum-v1","next-action","20","direct","","9","0","0","20","1","1","episode_9_seed3407.npz","data/llmx_data/offline_data/physics_data/raw_transitions/Pendulum-v1/episodes/episode_9_seed3407.npz","At \(s_{20}\), the pendulum is near the leftmost/downward position with a large positive angular velocity (\(\approx 5.10\)). Similar reference states—especially episode 3, step 7 \(([-0.9929, 0.1188, 6.1214])\)—received a strongly positive action of about \(1.93\). The agent is therefore most likely to select a near-maximum positive torque.","3"
"870d526f88ba28206757deaea843616b8b7192dbfaef0e80e406b9fd584596d6","luna__direct__E9","luna","Pendulum-v1","next-action","20","direct","","9","1","0","20","2","1","episode_9_seed3407.npz","data/llmx_data/offline_data/physics_data/raw_transitions/Pendulum-v1/episodes/episode_9_seed3407.npz","At \(s_{20}=[[-0.9928, 0.1197, 5.1022]]\), the pendulum is near the leftmost position with high positive angular velocity. A very similar state appears in reference episode 3 at step 7, \([[-0.9929, 0.1188, 6.1214]]\), where the agent selected action \(1.932\). Thus, the agent will most likely apply a strong positive torque near the upper action range.","3"
"c571f685ae5134e6fd81ae8416918fe92acf1c3f6ada35f19cf95e39e280e607","luna__direct__E9","luna","Pendulum-v1","next-action","20","direct","","9","2","0","20","3","1","episode_9_seed3407.npz","data/llmx_data/offline_data/physics_data/raw_transitions/Pendulum-v1/episodes/episode_9_seed3407.npz","The pendulum is approaching the leftmost horizontal position with a large positive angular velocity (`5.1022`). In the reference episodes, the agent typically continues applying a strong positive torque in this phase, usually between about `1.7` and `2.0`, before later braking near the upright position. Thus, the most likely action is approximately `1.85`.","2"
"6e473cdb63a1752ab1b9714132ac59f0ce4988ee53650cc0c9786364c9aad682","luna__ppo_prior__E1","luna","Pendulum-v1","next-action","20","ppo_prior","","1","0","0","20","1","1","episode_9_seed3407.npz","data/llmx_data/offline_data/physics_data/raw_transitions/Pendulum-v1/episodes/episode_9_seed3407.npz","The pendulum is near the downward position, with a large positive angular velocity of \(5.10\). The policy has been applying positive torque while the pendulum accelerated, so it will likely switch to strong negative torque to brake and reverse the motion, as seen in the earlier trajectory. Thus, the action is expected to saturate near \(-2\).","2"
"4e524ba7e620824c4dad6ef8aad92721531ca28314e4060447ba72ddd456fecb","luna__ppo_prior__E1","luna","Pendulum-v1","next-action","20","ppo_prior","","1","1","0","20","2","1","episode_9_seed3407.npz","data/llmx_data/offline_data/physics_data/raw_transitions/Pendulum-v1/episodes/episode_9_seed3407.npz","The pendulum is approaching the upright position from the left with a large positive angular velocity (`5.1022`). The policy has been applying positive torque to accelerate this swing, so it will likely switch to a strong negative torque to brake the motion and avoid overshooting. This corresponds to the lower action bound.","2"
"7016357940ae16e9bb003db40d97d560c653ec1e2045ab41d4f480d18bf611db","luna__ppo_prior__E1","luna","Pendulum-v1","next-action","20","ppo_prior","","1","2","0","20","3","1","episode_9_seed3407.npz","data/llmx_data/offline_data/physics_data/raw_transitions/Pendulum-v1/episodes/episode_9_seed3407.npz","The pendulum is near the downward position (\(\theta \approx \pi\)) and has a large positive angular velocity. The policy has recently applied positive torque while the pendulum moves in this direction, but the torque magnitude has begun decreasing near the angular extreme. By comparison with the earlier negative-velocity swing, a moderate positive action is most likely.","3"
"8efa909263d46ef708d2b93cd79748e67b32c4f68283d9bae06f2d8efd561517","luna__ppo_prior__E3","luna","Pendulum-v1","next-action","20","ppo_prior","","3","0","0","20","1","1","episode_9_seed3407.npz","data/llmx_data/offline_data/physics_data/raw_transitions/Pendulum-v1/episodes/episode_9_seed3407.npz","The agent is near the downward position with a large positive angular velocity of 5.10. In the comparable reference trajectory, it continues applying a strong positive torque in this state regime, typically around \(1.7\)–\(1.9\). Thus, a positive action near 1.8 is most likely.","2"
"c9b1e0282ebe7357b567eabc7d1f422aa5e5b0212d9343e308eb62b9ee346da7","luna__ppo_prior__E3","luna","Pendulum-v1","next-action","20","ppo_prior","","3","1","0","20","2","1","episode_9_seed3407.npz","data/llmx_data/offline_data/physics_data/raw_transitions/Pendulum-v1/episodes/episode_9_seed3407.npz","At \(s_{20}\), the pendulum is near the downward position with high positive angular velocity (\(\omega \approx 5.10\)). In the reference episodes, the agent applies a strong positive torque in this region, typically between about \(1.7\) and \(2.0\). Thus, a positive action near \(1.8\) is most likely.","2"
"83427ec1b08b82d2335e7a9c564463cdd7875362fed565a7b9281e9e49a01c06","luna__ppo_prior__E3","luna","Pendulum-v1","next-action","20","ppo_prior","","3","2","0","20","3","1","episode_9_seed3407.npz","data/llmx_data/offline_data/physics_data/raw_transitions/Pendulum-v1/episodes/episode_9_seed3407.npz","At \(s_{20}\), the pendulum is near the downward-side angle with a large positive angular velocity (\(\omega \approx 5.10\)). In the target trajectory, the agent has switched to strong positive torque since step 9 and has continued using values around \(1.7\)–\(2.0\). The reference episode shows similar behavior at angular velocities near \(5\), with actions mostly between \(1.7\) and \(1.9\). Thus, a strong positive action is most likely.","3"
"5ee925a85a3ab054d8e627bb654c9289be8ef846c2a233c5d8046875caeed936","luna__ppo_prior__E9","luna","Pendulum-v1","next-action","20","ppo_prior","","9","0","0","20","1","1","episode_9_seed3407.npz","data/llmx_data/offline_data/physics_data/raw_transitions/Pendulum-v1/episodes/episode_9_seed3407.npz","At \(s_{20}\), the pendulum is near the leftmost position with high positive angular velocity (\(\omega \approx 5.10\)). In the reference episodes, the agent consistently applies a strong positive torque in this region, typically around \(1.7\)–\(1.9\), to continue the swing toward upright. Therefore, a positive action near \(1.75\) is most likely.","2"
"dbdf5b2a0c15192e322534227db092683d989d20e3bd21119307e0fc152a85a2","luna__ppo_prior__E9","luna","Pendulum-v1","next-action","20","ppo_prior","","9","1","0","20","2","1","episode_9_seed3407.npz","data/llmx_data/offline_data/physics_data/raw_transitions/Pendulum-v1/episodes/episode_9_seed3407.npz","At \(s_{20}\), the pendulum is near the leftmost angular position with a large positive angular velocity (\(\omega \approx 5.10\)). In the reference episodes, the agent typically applies a strong positive torque in this region, usually between about \(1.7\) and \(2.0\), to continue the swing and regulate its motion. Therefore, a value around \(1.8\) is most likely.","2"
"5a5b631de22fc5da53224d284655e44047e02a776a7019ea3c21a0f4f3c22590","luna__ppo_prior__E9","luna","Pendulum-v1","next-action","20","ppo_prior","","9","2","0","20","3","1","episode_9_seed3407.npz","data/llmx_data/offline_data/physics_data/raw_transitions/Pendulum-v1/episodes/episode_9_seed3407.npz","At \(s_{20}\), the pendulum is near the leftmost extreme (\(x\approx -0.993\)) and has a large positive angular velocity (\(\dot\theta\approx 5.10\)). In comparable reference states, the trained agent continues applying a strong positive torque, typically between about \(1.7\) and \(2.0\), to maintain the swing-up motion. Thus, a value around \(1.8\) is most likely.","2"
"e5c4f62e80a44a85d025b0f3d67cb802f562ce5cc39b1f77894c686f8a79a040","luna__icrfqi_k2__E1","luna","Pendulum-v1","next-action","20","icrfqi_k2","2","1","0","0","20","1","1","episode_9_seed3407.npz","data/llmx_data/offline_data/physics_data/raw_transitions/Pendulum-v1/episodes/episode_9_seed3407.npz","The pendulum is near the downward position with high positive angular velocity. The agent has recently applied strong positive torque while building momentum, so it will likely switch to a strong negative torque to brake and reverse the swing. The Fitted Q-Iteration estimate therefore favors the most negative action bin.","2"
"7d13ece5ffd428785f77a0d736d883e009fea3071a59ed19aeafe4f673d45440","luna__icrfqi_k2__E1","luna","Pendulum-v1","next-action","20","icrfqi_k2","2","1","1","0","20","2","1","episode_9_seed3407.npz","data/llmx_data/offline_data/physics_data/raw_transitions/Pendulum-v1/episodes/episode_9_seed3407.npz","The pendulum is approaching the downward-side turning region with high positive angular velocity. The observed behavior suggests switching torque direction to brake and redirect the swing, so the next action is most likely strongly negative.","2"
"31631bd9a2d452558c21ebbeca6199503abb9bd183fcab6e9fb176683afce919","luna__icrfqi_k2__E1","luna","Pendulum-v1","next-action","20","icrfqi_k2","2","1","2","0","20","3","1","episode_9_seed3407.npz","data/llmx_data/offline_data/physics_data/raw_transitions/Pendulum-v1/episodes/episode_9_seed3407.npz","The agent has been applying positive torque while the pendulum rotates toward the left, increasing its angular velocity. At \(s_{20}\), the pendulum is near the downward position with a high positive angular velocity (\(\dot\theta \approx 5.1\)), so the learned behavior will likely switch to strong negative torque to brake and reverse the swing. The Fitted Q-Iteration estimate therefore favors action bin 0.","2"
"e0249b350c7a7683773b7f2605d07a6be25376ff032aa69a3c0a0d991a7e6c43","luna__icrfqi_k2__E3","luna","Pendulum-v1","next-action","20","icrfqi_k2","2","3","0","0","20","1","1","episode_9_seed3407.npz","data/llmx_data/offline_data/physics_data/raw_transitions/Pendulum-v1/episodes/episode_9_seed3407.npz","The query state is near the high-angular-velocity, leftmost position. In the comparable reference trajectory, the agent uses strong positive torque in this region, with actions around \(1.69\)–\(1.85\). The fitted value estimate therefore favors the highest action bin, \([1.6, 2.0]\), while interpolation suggests an action near \(1.73\).","3"
"52905ce99e67af5526cef41e3a193e383a1178ea89234ceefda8f6131764c897","luna__icrfqi_k2__E3","luna","Pendulum-v1","next-action","20","icrfqi_k2","2","3","1","0","20","2","1","episode_9_seed3407.npz","data/llmx_data/offline_data/physics_data/raw_transitions/Pendulum-v1/episodes/episode_9_seed3407.npz","The query state closely matches Additional reference episode 2 around steps 6–7, where the pendulum has angle near \(\pi\), high positive angular velocity, and the agent applies a strong positive torque around \(1.7\). The target trajectory also uses actions \(1.77\) and \(1.69\) immediately before this state. Fitted Q-style comparison therefore favors action bin 9, with a real action near \(1.70\).","3"
"c63f380082fadfaf517c5cc32bed6ddb960b20d1e7413ac6c8c8e66809b9eec3","luna__icrfqi_k2__E3","luna","Pendulum-v1","next-action","20","icrfqi_k2","2","3","2","0","20","3","1","episode_9_seed3407.npz","data/llmx_data/offline_data/physics_data/raw_transitions/Pendulum-v1/episodes/episode_9_seed3407.npz","The state \(s_{20}\) is near the downward position with high positive angular velocity (\(\omega \approx 5.10\)). In the target trajectory and the analogous reference episode, the agent applies a strong positive torque in this region, typically around \(1.7\)–\(1.9\), corresponding to action bin 9.","2"
"08e5aa2546a88f389aeb73558424a429ddabdfcfc0a1afdf7d21754198a00b11","luna__icrfqi_k2__E9","luna","Pendulum-v1","next-action","20","icrfqi_k2","2","9","0","0","20","1","1","episode_9_seed3407.npz","data/llmx_data/offline_data/physics_data/raw_transitions/Pendulum-v1/episodes/episode_9_seed3407.npz","The state is near the leftmost swing with substantial positive angular velocity. Similar trajectories consistently apply a strong positive torque in this region, typically around \(1.7\)–\(1.9\), placing the action in the highest bin.","2"
"d5f0d23deaf30ec0654e0c4496e7e79eec39bd21ddda2eb2885ddaf24ee5ae11","luna__icrfqi_k2__E9","luna","Pendulum-v1","next-action","20","icrfqi_k2","2","9","1","0","20","2","1","episode_9_seed3407.npz","data/llmx_data/offline_data/physics_data/raw_transitions/Pendulum-v1/episodes/episode_9_seed3407.npz","At \(s_{20}\), the pendulum is near the leftmost position with substantial positive angular velocity (\(\dot\theta \approx 5.10\)). In the reference trajectories, similar states with positive angular velocity consistently receive a strong positive torque, typically around \(1.8\)–\(2.0\). The fitted-value estimate therefore favors the highest positive-action bin.","2"
"5376be61ad5d77018303113ff778577b06b6386eca1a8cc2192b04a28fc0b0bc","luna__icrfqi_k2__E9","luna","Pendulum-v1","next-action","20","icrfqi_k2","2","9","2","0","20","3","1","episode_9_seed3407.npz","data/llmx_data/offline_data/physics_data/raw_transitions/Pendulum-v1/episodes/episode_9_seed3407.npz","The state is near the leftmost angular position with high positive angular velocity. In comparable trajectories, the agent applies a strong positive torque, typically around \(1.7\)–\(2.0\), corresponding to action bin 9.","2"
"17106eea42b0a0668dc5f1f6e306dc074beed52a8400dec388926fa2d7239f18","luna__icrfqi_k5__E1","luna","Pendulum-v1","next-action","20","icrfqi_k5","5","1","0","0","20","1","1","episode_9_seed3407.npz","data/llmx_data/offline_data/physics_data/raw_transitions/Pendulum-v1/episodes/episode_9_seed3407.npz","The agent has applied positive torque since step 9, increasing the angular velocity while the pendulum approaches the opposite side. At \(s_{20}\), the angular velocity is high and positive (\(5.1022\)), so the learned behavior is likely to switch to strong negative torque to brake and reverse the motion.","3"
"06177c5d4ec3854f7d2ba758c0f1df8f5c68a9153c573c514eef983038a49814","luna__icrfqi_k5__E1","luna","Pendulum-v1","next-action","20","icrfqi_k5","5","1","1","0","20","2","1","episode_9_seed3407.npz","data/llmx_data/offline_data/physics_data/raw_transitions/Pendulum-v1/episodes/episode_9_seed3407.npz","The agent has been applying torque in the same direction as the increasing angular velocity during this swing. At \(s_{20}\), the pendulum is near the bottom position with large positive angular velocity, so the learned policy most likely continues with a strong positive torque. The estimated best action bin is the highest positive bin.","2"
"3fa25435a8b44c9124e5b8963a368cd70600a35833745721437321d6e319eada","luna__icrfqi_k5__E1","luna","Pendulum-v1","next-action","20","icrfqi_k5","5","1","2","0","20","3","1","episode_9_seed3407.npz","data/llmx_data/offline_data/physics_data/raw_transitions/Pendulum-v1/episodes/episode_9_seed3407.npz","The pendulum is near the downward position with strongly positive angular velocity. The agent has been applying positive torque during this phase, continuing the swing in the positive direction. A torque near the previously observed value around \(+1.7\) is most likely.","2"
"4e0763551384157632a3e58a19fad233d6d6d888fc913cf69880b01d2e3de18d","luna__icrfqi_k5__E3","luna","Pendulum-v1","next-action","20","icrfqi_k5","5","3","0","0","20","1","1","episode_9_seed3407.npz","data/llmx_data/offline_data/physics_data/raw_transitions/Pendulum-v1/episodes/episode_9_seed3407.npz","The state is near the leftmost position with a large positive angular velocity (5.10). In the analogous reference trajectory, states with similar \((\cos\theta,\sin\theta,\dot\theta)\) received strong positive torque around \(1.7\)–\(1.9\). The estimated best action bin is therefore bin 9.","2"
"7f7fa0404bf77eef2726c1a8e6842aa6184e4480968d78a7aa0f6b364f1e9e57","luna__icrfqi_k5__E3","luna","Pendulum-v1","next-action","20","icrfqi_k5","5","3","1","0","20","2","1","episode_9_seed3407.npz","data/llmx_data/offline_data/physics_data/raw_transitions/Pendulum-v1/episodes/episode_9_seed3407.npz","The state \(s_{20}\) closely matches the high-angular-velocity portion of reference episode 2, where the agent applies a strong positive torque around \(1.7\)–\(1.9\). The preceding target actions also remain strongly positive, so the most likely action is approximately \(+1.75\), in bin 9.","2"
"059c33af35f7354607a6dd3b201434edb960212d8584f014d7178c3391a8f956","luna__icrfqi_k5__E3","luna","Pendulum-v1","next-action","20","icrfqi_k5","5","3","2","0","20","3","1","episode_9_seed3407.npz","data/llmx_data/offline_data/physics_data/raw_transitions/Pendulum-v1/episodes/episode_9_seed3407.npz","The query state is near the bottom of the swing with high positive angular velocity (\(\dot\theta \approx 5.10\)). In the reference trajectory, very similar states consistently receive strong positive torque, typically around \(1.7\)–\(1.9\), to continue the swing-up. The fitted action-bin estimate therefore favors the highest bin, \([1.6, 2.0]\).","3"
"9151dd5bb72a8f621057115861116072f50efa8bf8a13d455b6a93b7725b1fb8","luna__icrfqi_k5__E9","luna","Pendulum-v1","next-action","20","icrfqi_k5","5","9","0","0","20","1","1","episode_9_seed3407.npz","data/llmx_data/offline_data/physics_data/raw_transitions/Pendulum-v1/episodes/episode_9_seed3407.npz","The pendulum is near the inverted upright angle but has substantial positive angular velocity. Similar reference states with \(x\approx -1\), positive \(y\), and angular velocity around \(5\!-\!6\) receive a strong positive torque, typically around \(1.7\!-\!1.9\). Thus, the most likely action is approximately \(+1.90\), which lies in the highest action bin.","3"
"4205535244940f85ae12118a4c9922ecee6d527dc149152908f460cc588c6c7b","luna__icrfqi_k5__E9","luna","Pendulum-v1","next-action","20","icrfqi_k5","5","9","1","0","20","2","1","episode_9_seed3407.npz","data/llmx_data/offline_data/physics_data/raw_transitions/Pendulum-v1/episodes/episode_9_seed3407.npz","At \(s_{20}\), the pendulum is near the leftmost position with a large positive angular velocity (\(\dot\theta \approx 5.10\)). In the reference trajectories, the agent consistently applies a strong positive torque in this region, typically between \(1.7\) and \(2.0\). The estimated best action bin is therefore bin 9.","2"
"039687598816307c07174a4a71cbbe4d5df74cd3989a6975cc630e3f264697f9","luna__icrfqi_k5__E9","luna","Pendulum-v1","next-action","20","icrfqi_k5","5","9","2","0","20","3","1","episode_9_seed3407.npz","data/llmx_data/offline_data/physics_data/raw_transitions/Pendulum-v1/episodes/episode_9_seed3407.npz","At \(s_{20}\), the pendulum is near the upright-angle wraparound with a large positive angular velocity (\(\dot\theta \approx 5.1\)). Comparable reference trajectories apply a strong positive torque in this region, typically around \(1.7\)–\(2.0\). The closest behavior suggests an action near \(1.70\), which lies in bin 9.","2"
