query_id,condition_id,model_alias,H,history_start,query_index,shots,reward_present,repeat_id
d7053462b431b3069cb65ecc0362daa3fed653595003f31556b90903f7c3e533,terra__H5__t0__shots0__reward1,terra,5,0,5,0,True,1
94a7636fd0ecd7a4e115947447bfdbc895b0c0582334b7f5220fbb2c30ec7148,terra__H5__t0__shots0__reward0,terra,5,0,5,0,False,1
482559eb49c705e19fe4a8f0b966bf1219cb3ae111a1e06262ad525bec82bc9c,terra__H5__t0__shots0__reward1,terra,5,0,5,0,True,2
187638c62b39f487560dac833f157a7a5fbec04ecd02d24658848c52d907e9d4,terra__H5__t0__shots0__reward0,terra,5,0,5,0,False,2
44fa0412d8c75ba10396084a953882ee09f99a2270d64670f20b0b59ddd4c8a3,terra__H5__t0__shots0__reward1,terra,5,0,5,0,True,3
79d6606c114c82e2112bb65649556c5b34f50890f5445bd74bce45ea0da19d78,terra__H5__t0__shots0__reward0,terra,5,0,5,0,False,3
9b75a2efc0c0e77b2716515a2434d2adbf0e8429bc4d08f2c0168157e13e768f,terra__H5__t0__shots4__reward1,terra,5,0,5,4,True,1
c2adc25c1a949c821e5178167ab95cdaa2748bf5fa946577a26086c9b64980e8,terra__H5__t0__shots4__reward0,terra,5,0,5,4,False,1
2ba7cfbd793980b6e393806b66fda98a8eec3105208dee043687a78f154af721,terra__H5__t0__shots4__reward1,terra,5,0,5,4,True,2
2ef3718fdc6f2cee0f5018b396f8252d9c697bf80150959d7875bbae84a81d61,terra__H5__t0__shots4__reward0,terra,5,0,5,4,False,2
81193900c49ad6faa9778a71ad358a6e90389d9c93b1d8b0bdb9519d4482e7fc,terra__H5__t0__shots4__reward1,terra,5,0,5,4,True,3
5885962ec0be75ff4f6d0a475c1c095d02609b26853cb9ae3d43425ddbf6c55e,terra__H5__t0__shots4__reward0,terra,5,0,5,4,False,3
6a58e2a56042bcc0d9ceeb8ef5aac36a7809f5261b0bd4aba5ccb2933e17eb24,terra__H5__t100__shots0__reward1,terra,5,100,105,0,True,1
46d633ded9c30d695810963bc28f9918a6285ee6819f68c4bd9295b911ed7ef9,terra__H5__t100__shots0__reward0,terra,5,100,105,0,False,1
101057983dbe9668cd9af861fa920b4548dbcef9c83eee628c5ab60934fbebe6,terra__H5__t100__shots0__reward1,terra,5,100,105,0,True,2
ede5626e5d1f3575f0d0960f93c04ce40c1ebe8dad0b9d9be492a4a14bf311c1,terra__H5__t100__shots0__reward0,terra,5,100,105,0,False,2
ddaa856a60106064240f2ecf69d7cf2a284593c0621091e959a9b211ffdc5d74,terra__H5__t100__shots0__reward1,terra,5,100,105,0,True,3
1c81c681ff23f7f3b2acd2ed826e7de2501e9bb95eaa927d773af16d6a6c0d1e,terra__H5__t100__shots0__reward0,terra,5,100,105,0,False,3
aa33cc57fea6f194474bebb555e1b5ea067ee87c783cf8e23be06c439783a8c8,terra__H5__t100__shots4__reward1,terra,5,100,105,4,True,1
b08fc583c95ea25309496a70615e4a4bc4a5b2253fe719537fe8e853018c17bb,terra__H5__t100__shots4__reward0,terra,5,100,105,4,False,1
a8be842f70d7c451a231206f4ff38b0da8e713a05ee0e69388080b2fc3375d53,terra__H5__t100__shots4__reward1,terra,5,100,105,4,True,2
c4fb73c8ef2c5afa318ebaa9511a1e028d3effec3568297c73620e3b57c5f90f,terra__H5__t100__shots4__reward0,terra,5,100,105,4,False,2
f3561ce7c8d42a8c2e83f4c89b1a30608bebd7cbfa3f100f016a3dd8bde613ae,terra__H5__t100__shots4__reward1,terra,5,100,105,4,True,3
fd9d9491c2f3c22e66859bfdd856169c6c92cfe06fd45f5324038a6e3058aae9,terra__H5__t100__shots4__reward0,terra,5,100,105,4,False,3
51cb9c5c0a6bd7f116961ff3ba34aa8a1f842019000d1f9d0d16a0231a0c9df4,terra__H20__t0__shots0__reward1,terra,20,0,20,0,True,1
8d6e4431e3f7161ff7071b0186abab47cd62960855fa093d0dd6b09fd6680091,terra__H20__t0__shots0__reward0,terra,20,0,20,0,False,1
3e565675f33c921f4442a88120e1ffdafc5ce208f8971fdbe03632b2c0d3dd78,terra__H20__t0__shots0__reward1,terra,20,0,20,0,True,2
2a4804b72bd371b9354b671992a6c5336701fe94b7ae52e639244e55b973195b,terra__H20__t0__shots0__reward0,terra,20,0,20,0,False,2
5ff6187761d997fb733ff4b92be6c0f5922d46c6d5abc20d04be394562bc71fb,terra__H20__t0__shots0__reward1,terra,20,0,20,0,True,3
40aac3dd8643f69cc56952dca731544f1a11682452370ed5b46924e846bcf0ee,terra__H20__t0__shots0__reward0,terra,20,0,20,0,False,3
f250985fecbf903dc5b4bdc05f05b465d12a2f63ee7bc286ad74438bc5b96dc3,terra__H20__t0__shots4__reward1,terra,20,0,20,4,True,1
09b1aaa288cd8dfd24aff507fd00408c9b4c7fdf14e527ff83607201506d5d32,terra__H20__t0__shots4__reward0,terra,20,0,20,4,False,1
133308ca1c199ec486768ca91878a83a56eacd6f8c936a3b0b5ecbbd625c76ce,terra__H20__t0__shots4__reward1,terra,20,0,20,4,True,2
b5608c35df2fc1aa7f54e77d5288a17871f95527cb8fed8cd0d4792b66b7a8a3,terra__H20__t0__shots4__reward0,terra,20,0,20,4,False,2
eaafe8a8abd4a91301195c1ecc0fecd8e1638c33d4b9edc5716383ac9ffb55e3,terra__H20__t0__shots4__reward1,terra,20,0,20,4,True,3
fada5c2fdea0a10e9f5fd63576cc1b3e119be9a87e587b40b5ecc829650f05d5,terra__H20__t0__shots4__reward0,terra,20,0,20,4,False,3
314313b0e0782a5c53ef197b045e2b594ad8eee99509b767636014290c1ce601,terra__H20__t100__shots0__reward1,terra,20,100,120,0,True,1
9cb519131c1d0e106726bbfa00a0072c6379cda0cf8b46c15eafd9784d4fdeaf,terra__H20__t100__shots0__reward0,terra,20,100,120,0,False,1
803fefb3dbc75928b5ce92d6001fafcf2d056822f54e552f3b09dd5ea44226cf,terra__H20__t100__shots0__reward1,terra,20,100,120,0,True,2
8b7ca6f5721d05c5f26c781f892a76cb10b4e5e5c48cbd5fcf63940a818e326c,terra__H20__t100__shots0__reward0,terra,20,100,120,0,False,2
e8b188421436a4a1b927d460ea33a453438cf9954612f69aec6dde134ac69582,terra__H20__t100__shots0__reward1,terra,20,100,120,0,True,3
dfcb32524b964114a4e6dd8b245a1cf5982bd2a689f6b910cfe4e625471f21b3,terra__H20__t100__shots0__reward0,terra,20,100,120,0,False,3
a4714dc012ab820bd92b5d2789f385a5c1f58228b2761ee02c6146d4968dbbb1,terra__H20__t100__shots4__reward1,terra,20,100,120,4,True,1
57bc375f23c16759603c074bd164edb81ef8e642ce68917c656c91487488bfb6,terra__H20__t100__shots4__reward0,terra,20,100,120,4,False,1
758d6db1579d9dfc53a355b2e3737b93a4bc8206b4df50bd4b1e80f6b4cee54e,terra__H20__t100__shots4__reward1,terra,20,100,120,4,True,2
1a3d078e4a1d087f5ec4c50b2ad780386440b65bb97a02fa091953e62fd4456d,terra__H20__t100__shots4__reward0,terra,20,100,120,4,False,2
52a75b4953b12bfb53ef2f7688bf97c8134a3040d25822966034480bece2bdc9,terra__H20__t100__shots4__reward1,terra,20,100,120,4,True,3
ff83381f27fff455f0dce487d1441915a5373dff5a981a19ff735f19ca067fa6,terra__H20__t100__shots4__reward0,terra,20,100,120,4,False,3
8fc4f2ba17253bb8e99e884ca6c3d7f3f664bacfb17890d16c8993d539a15e70,luna__H5__t0__shots0__reward1,luna,5,0,5,0,True,1
cf9a4bd5d743072a2da6c6d3631b02759d6f200ffdd5836c97d247a26ed93f3d,luna__H5__t0__shots0__reward0,luna,5,0,5,0,False,1
51307f718f296df035d92cda7d57de4b72e79372f04cea1859b90b1891537d47,luna__H5__t0__shots0__reward1,luna,5,0,5,0,True,2
d2320b61899b7806bbfcf4f43eaec14745c4072710234181da1b8008a061d3ab,luna__H5__t0__shots0__reward0,luna,5,0,5,0,False,2
967a8dacc56a70b8bb0ee418f961c220fd219afe2469f1eaa6bbd64acbd78d9f,luna__H5__t0__shots0__reward1,luna,5,0,5,0,True,3
9efe9e6fe28838a0e4fff7602d9b2b258331dc007675ab23ebb157f16872bb9d,luna__H5__t0__shots0__reward0,luna,5,0,5,0,False,3
02d4f3ff0f98b02dca9123c0f89559006694a25dbe07cb0e504fb19399313da4,luna__H5__t0__shots4__reward1,luna,5,0,5,4,True,1
21f59c2c3a99ba69acbfc5fa93ebe7d6db759bd75f36060ce268309ca821a623,luna__H5__t0__shots4__reward0,luna,5,0,5,4,False,1
258ee5f4714bd4d3caa75e3270e9bc7cb0536bd27cb9a014cb0a345bad62df51,luna__H5__t0__shots4__reward1,luna,5,0,5,4,True,2
1fd6beecf9f59b88962b67d0c9a12fbd4941eab5e1cfaaebb26ff31244ea67d5,luna__H5__t0__shots4__reward0,luna,5,0,5,4,False,2
05856cf833ffc65c2d03a5523605ed59337bf19016b7570d814b0ab91bed4a71,luna__H5__t0__shots4__reward1,luna,5,0,5,4,True,3
c95422175288305da88b3c81fea9379d3377ae70cfaa8e2e45fc3ed99e4799f6,luna__H5__t0__shots4__reward0,luna,5,0,5,4,False,3
68063f7abee0419d45b0c02de77dc1b3331f1c33779a0d17069daa686f15c7b0,luna__H5__t100__shots0__reward1,luna,5,100,105,0,True,1
39564ab2db798f8b1481cb0e0bdb95bf6fe7351674443082782894b5caa7dedb,luna__H5__t100__shots0__reward0,luna,5,100,105,0,False,1
9aab8a3a0faee11b6e20d1e929c4c76a7a23838c592863c1a740813d0871135a,luna__H5__t100__shots0__reward1,luna,5,100,105,0,True,2
d8a04cb466b3f0d00c9b0c5af6f2000226a699fe9eaa1e8f2439fc3de7cd2375,luna__H5__t100__shots0__reward0,luna,5,100,105,0,False,2
b896abcd58bad5246a6f7878aafc02647035db697496a64e1075008797394f57,luna__H5__t100__shots0__reward1,luna,5,100,105,0,True,3
5ba54e67e74ac858f98877aa922957b1da815aab1be138a4febfef2d5e87ae03,luna__H5__t100__shots0__reward0,luna,5,100,105,0,False,3
627ab96b1b6f30e0f5cdefe9d6233024d1d085dad9dc9b62c095232a6ed01926,luna__H5__t100__shots4__reward1,luna,5,100,105,4,True,1
e0e04fbb2b7cb88bbb32e7e7380dc7345e48761b4c6f3a40b1b73b10da73f9ae,luna__H5__t100__shots4__reward0,luna,5,100,105,4,False,1
fae3d7e6bed209c5e80bb7051bb20a66bdeb4f2c35550fa0330198f9841da2c4,luna__H5__t100__shots4__reward1,luna,5,100,105,4,True,2
ff5ab4e146d67df5865cb0c810021ab6414c8a0cc412e4bf60024da7608eda5f,luna__H5__t100__shots4__reward0,luna,5,100,105,4,False,2
5d69cbefcfc11ac8eef64a95ebf12efcc83f2caf5b23e07d21aab3470d6ca467,luna__H5__t100__shots4__reward1,luna,5,100,105,4,True,3
a9821d8053a2b6671b75ad3c27b59ba33b4004cf4669e4c6f6fd5ed4ddb2425b,luna__H5__t100__shots4__reward0,luna,5,100,105,4,False,3
ee2af3ccad6593992282fddc70645203ca0097d156ddf8c6abd1e2d49f0470dd,luna__H20__t0__shots0__reward1,luna,20,0,20,0,True,1
e1920d1ba285855e5d0629e486b51f6ec0423aa28c22a6d0cb795458e06a911e,luna__H20__t0__shots0__reward0,luna,20,0,20,0,False,1
29e419e62175838e24a7c9f012af9ae7f4992927c8eb7791c8f9afa7278100c1,luna__H20__t0__shots0__reward1,luna,20,0,20,0,True,2
90e409987d12d632f2b05ca846f20fbb600e94d56be87ed46b82224181f84ee3,luna__H20__t0__shots0__reward0,luna,20,0,20,0,False,2
cc317124a62d9470bfaaa0c272cfca0843338cc635391a4b24da34a472ca287d,luna__H20__t0__shots0__reward1,luna,20,0,20,0,True,3
9deb19548196a982654bc08542476145b1d49f8791b216d49a738455e89cbff1,luna__H20__t0__shots0__reward0,luna,20,0,20,0,False,3
da14a8f901c093dcee2a8091d73fdf9f82183bb95a1111364b94dfc244546b05,luna__H20__t0__shots4__reward1,luna,20,0,20,4,True,1
1dc5b584826fa5c16f8110ec9074902bbc8373a77f4e4b70111adad62af3bbcc,luna__H20__t0__shots4__reward0,luna,20,0,20,4,False,1
cde84ff4f76bbdbc0261f7c21cb4d290c8363676e4fa77eb28c77fe7a9618799,luna__H20__t0__shots4__reward1,luna,20,0,20,4,True,2
76d944a1955adefe0ecb94d440eef238ced0f0976ead1dd991454242d2f1852f,luna__H20__t0__shots4__reward0,luna,20,0,20,4,False,2
683ca2348ff67e376a43e878cb4599a624469f7db9125e271662d94b35365319,luna__H20__t0__shots4__reward1,luna,20,0,20,4,True,3
53f7b335fd53b06735200c45f6be03464d9ef86a96548436c43db443becd1f5c,luna__H20__t0__shots4__reward0,luna,20,0,20,4,False,3
8ede6621b60176f551e9d15200b770ab7010898f4dd39e1a80d9b65a0dbeba7c,luna__H20__t100__shots0__reward1,luna,20,100,120,0,True,1
1f6c2118e9963c3a952402fb5116667949f0e7ee5941fd72665874b4310d1025,luna__H20__t100__shots0__reward0,luna,20,100,120,0,False,1
de63681ccb4dac7ac3bbca32f6e684261abe0bf1f71bb22e2862808513637a0a,luna__H20__t100__shots0__reward1,luna,20,100,120,0,True,2
a2b42f4b2727bba7a5a92ae08afebe0f6ab167dc3049eec4d91d6409779f527d,luna__H20__t100__shots0__reward0,luna,20,100,120,0,False,2
59a5d69eea0fcf0009abf5a05e29189c0bf1f2f5cabedbc3484bbe05b45eac3d,luna__H20__t100__shots0__reward1,luna,20,100,120,0,True,3
7c14162db2f1d860ac7cc1703d26bd654fcfcc6db827703a8c94cd085bffbbb0,luna__H20__t100__shots0__reward0,luna,20,100,120,0,False,3
3e2ab7126a20c44df965558bc8fd770f1d527740341fe9ed6c4dadec9aee3f11,luna__H20__t100__shots4__reward1,luna,20,100,120,4,True,1
1e48585c028d12fd1723dec4a7eba7a31dfc80e6e0b6d208b0aee35985de549c,luna__H20__t100__shots4__reward0,luna,20,100,120,4,False,1
a8d8d5ab04e231cc57be3350d3888585e1be2201b6e75d97d3bb6bdb972d7489,luna__H20__t100__shots4__reward1,luna,20,100,120,4,True,2
98812b91d2b21a7254f723c972461ef0441fff5c5cf07e86245488eaba92d60e,luna__H20__t100__shots4__reward0,luna,20,100,120,4,False,2
632a311620fe609033fa28362847c09726271bd6384905f56d99c2365913e611,luna__H20__t100__shots4__reward1,luna,20,100,120,4,True,3
43260a14a0cf75ff2e13476096c591ec44aadb04b8b817cb0ddd01e246b81d06,luna__H20__t100__shots4__reward0,luna,20,100,120,4,False,3
