model,E,n,matches,accuracy_pct,action_mae,reasoning_mean
pooled,1,24,13,54.166666666666664,1.5929362932840982,2.2083333333333335
pooled,3,24,24,100,0.15711277325948078,2.2916666666666665
pooled,9,24,24,100,0.09387624661127722,2.1666666666666665
luna,1,12,2,16.666666666666664,3.0029461065928142,2.3333333333333335
luna,3,12,12,100,0.15877943992614746,2.3333333333333335
luna,9,12,12,100,0.08230638662974037,2.25
terra,1,12,11,91.66666666666666,0.1829264799753825,2.0833333333333335
terra,3,12,12,100,0.15544610659281413,2.25
terra,9,12,12,100,0.10544610659281407,2.0833333333333335
