query_id,model,method,K,E,repeat_id,H,history_start,query_index,episode_path,correct,absolute_error,reasoning_score
41078bb4fe23f98136d2682e0235aa4ea0e384927b107c2d6c6e7d4ff0cc90d1,terra,direct,,1,1,20,0,20,data/llmx_data/offline_data/physics_data/raw_transitions/Pendulum-v1/episodes/episode_9_seed3407.npz,1,0.08872056007385254,2
25ff127bf0f3523f494b0a09801b7d72aa4b1186e47007ecea52b2bae569ec04,terra,direct,,1,2,20,0,20,data/llmx_data/offline_data/physics_data/raw_transitions/Pendulum-v1/episodes/episode_9_seed3407.npz,1,0.2112794399261475,2
6dfba6268158a7e11913a48524ff5a58a1307c88cded2303f60c38eb04c6dd7f,terra,direct,,1,3,20,0,20,data/llmx_data/offline_data/physics_data/raw_transitions/Pendulum-v1/episodes/episode_9_seed3407.npz,1,0.08872056007385254,2
3752030b74770e1e84c21c85d5fceab30e805d466504402ad98a5012fe2ef91b,terra,direct,,3,1,20,0,20,data/llmx_data/offline_data/physics_data/raw_transitions/Pendulum-v1/episodes/episode_9_seed3407.npz,1,0.11127943992614742,2
95eff922fe40156c46f7252a8247cc51f53099b1025fa50469c54836afedf9e9,terra,direct,,3,2,20,0,20,data/llmx_data/offline_data/physics_data/raw_transitions/Pendulum-v1/episodes/episode_9_seed3407.npz,1,0.11127943992614742,2
387892f4140ee4dd5541aebfafea8c13f7bde39c7be11cbaf5e68d7ddca7c13b,terra,direct,,3,3,20,0,20,data/llmx_data/offline_data/physics_data/raw_transitions/Pendulum-v1/episodes/episode_9_seed3407.npz,1,0.13127943992614743,2
696d927766796b269dc95b1958759309f532ab3cbf82da5d8be0b823c39ca44c,terra,direct,,9,1,20,0,20,data/llmx_data/offline_data/physics_data/raw_transitions/Pendulum-v1/episodes/episode_9_seed3407.npz,1,0.16127943992614746,2
48ba312f6ef12ce4d861be8b1a3cbf4eafebe15e940ec05e0ba53be4c50f4720,terra,direct,,9,2,20,0,20,data/llmx_data/offline_data/physics_data/raw_transitions/Pendulum-v1/episodes/episode_9_seed3407.npz,1,0.11127943992614742,2
0f9dd6fd85d8d8f60ccc421fed2d9c66ddc672639ca57bfd2311b12d695f6520,terra,direct,,9,3,20,0,20,data/llmx_data/offline_data/physics_data/raw_transitions/Pendulum-v1/episodes/episode_9_seed3407.npz,1,0.2112794399261475,2
bbee43935ec5ea33d16363c38753f47e581d7071ea480dd4cc254f28e6aa3cca,terra,ppo_prior,,1,1,20,0,20,data/llmx_data/offline_data/physics_data/raw_transitions/Pendulum-v1/episodes/episode_9_seed3407.npz,1,0.06127943992614737,2
d7d363e112cefaa4911d5000b6836102e9f1e251a4ecffb1d6d98c3452469faa,terra,ppo_prior,,1,2,20,0,20,data/llmx_data/offline_data/physics_data/raw_transitions/Pendulum-v1/episodes/episode_9_seed3407.npz,1,0.08872056007385254,3
60c987de51bdd496b9d771c22f433cc1508365f94014a1260f9dce1ee93bb9e4,terra,ppo_prior,,1,3,20,0,20,data/llmx_data/offline_data/physics_data/raw_transitions/Pendulum-v1/episodes/episode_9_seed3407.npz,1,0.08872056007385254,2
c403c8c3c5a6d61a5d86acd490322c9dcffd5f66c7eb990faed4fafcb3c83c14,terra,ppo_prior,,3,1,20,0,20,data/llmx_data/offline_data/physics_data/raw_transitions/Pendulum-v1/episodes/episode_9_seed3407.npz,1,0.11127943992614742,2
67cf0c143cd4238f7561be80dce11eb7a3e655b89df500c69c2ec2cc4d76ed1d,terra,ppo_prior,,3,2,20,0,20,data/llmx_data/offline_data/physics_data/raw_transitions/Pendulum-v1/episodes/episode_9_seed3407.npz,1,0.2112794399261475,3
6b8da950beec8f26ad8f20cdbca1a1445b6d0535e0eb52c926a0eeba01d9df0a,terra,ppo_prior,,3,3,20,0,20,data/llmx_data/offline_data/physics_data/raw_transitions/Pendulum-v1/episodes/episode_9_seed3407.npz,1,0.11127943992614742,2
14b4a7998d249d9a7a840aa754f8a8abbfcd19899c08668241c6cbb315734bf9,terra,ppo_prior,,9,1,20,0,20,data/llmx_data/offline_data/physics_data/raw_transitions/Pendulum-v1/episodes/episode_9_seed3407.npz,1,0.0912794399261474,3
e0993a0d4d858e02477c31635914df19b3ff84f32bddef8ee060743668d7c057,terra,ppo_prior,,9,2,20,0,20,data/llmx_data/offline_data/physics_data/raw_transitions/Pendulum-v1/episodes/episode_9_seed3407.npz,1,0.11127943992614742,2
484129207fe5539e3d3a96976bf7a289bd251546edf9ad31e388fe1afb1226b6,terra,ppo_prior,,9,3,20,0,20,data/llmx_data/offline_data/physics_data/raw_transitions/Pendulum-v1/episodes/episode_9_seed3407.npz,1,0.06127943992614737,2
d30364fba421fe03725c09c5a27428648c822723234f5ab4a457d759d8033cc7,terra,icrfqi_k2,2,1,1,20,0,20,data/llmx_data/offline_data/physics_data/raw_transitions/Pendulum-v1/episodes/episode_9_seed3407.npz,1,0.4612794399261475,2
048dd01d377bea57d07988fd8c04cb38ec0fb0a57e09977b4ea54e6a3a25fdc5,terra,icrfqi_k2,2,1,2,20,0,20,data/llmx_data/offline_data/physics_data/raw_transitions/Pendulum-v1/episodes/episode_9_seed3407.npz,0,0.5112794399261475,2
aefe7fe8b0a94d5a309a0d413a3d2040f069d8a42a48e78f46be572d4a9aabfd,terra,icrfqi_k2,2,1,3,20,0,20,data/llmx_data/offline_data/physics_data/raw_transitions/Pendulum-v1/episodes/episode_9_seed3407.npz,1,0.06127943992614737,2
92de3097d181a5b3645d34ca68b3f6a5f631b6bb9e1e7a136307bf8076bb3473,terra,icrfqi_k2,2,3,1,20,0,20,data/llmx_data/offline_data/physics_data/raw_transitions/Pendulum-v1/episodes/episode_9_seed3407.npz,1,0.2112794399261475,2
fc00b70718b2512b72f98b94d717866a74f2b2113ef3ae91c9bc1ede4d520e04,terra,icrfqi_k2,2,3,2,20,0,20,data/llmx_data/offline_data/physics_data/raw_transitions/Pendulum-v1/episodes/episode_9_seed3407.npz,1,0.2112794399261475,2
2ab1f89d412b62b321aec22eeaadca7ee92ed72834bbff670d32640ac06035c9,terra,icrfqi_k2,2,3,3,20,0,20,data/llmx_data/offline_data/physics_data/raw_transitions/Pendulum-v1/episodes/episode_9_seed3407.npz,1,0.22127943992614751,2
7416c6cece5952ef4589775ed63bff27e59061a746027a9cff25258d777f5102,terra,icrfqi_k2,2,9,1,20,0,20,data/llmx_data/offline_data/physics_data/raw_transitions/Pendulum-v1/episodes/episode_9_seed3407.npz,1,0.06127943992614737,2
ed9238cabea119f0a6066f034cffc80d224d344d8aac09f1bc8e0db10fd7b17b,terra,icrfqi_k2,2,9,2,20,0,20,data/llmx_data/offline_data/physics_data/raw_transitions/Pendulum-v1/episodes/episode_9_seed3407.npz,1,0.06127943992614737,2
f8ba97dfd21f4f2781ad7be4df47500a321fb0e49a8176cb7917690aca22920b,terra,icrfqi_k2,2,9,3,20,0,20,data/llmx_data/offline_data/physics_data/raw_transitions/Pendulum-v1/episodes/episode_9_seed3407.npz,1,0.06127943992614737,2
c8b821464d5154ce9b0a721d708cf10a718a05dad47c9ff91980423259036803,terra,icrfqi_k5,5,1,1,20,0,20,data/llmx_data/offline_data/physics_data/raw_transitions/Pendulum-v1/episodes/episode_9_seed3407.npz,1,0.2112794399261475,2
85d5726b65e88377e784b9eb905ddd1516a02de017de934b7a18fdd45a26b74c,terra,icrfqi_k5,5,1,2,20,0,20,data/llmx_data/offline_data/physics_data/raw_transitions/Pendulum-v1/episodes/episode_9_seed3407.npz,1,0.11127943992614742,2
41dc33e7c3c756e811494ed4ec53e1682ce9c2dbaeb814677a6c2bde240ba772,terra,icrfqi_k5,5,1,3,20,0,20,data/llmx_data/offline_data/physics_data/raw_transitions/Pendulum-v1/episodes/episode_9_seed3407.npz,1,0.2112794399261475,2
47d55d9a31b1da9583b7481dae75d61d6b5bbfbc54cb2b0fab6ce6797b577563,terra,icrfqi_k5,5,3,1,20,0,20,data/llmx_data/offline_data/physics_data/raw_transitions/Pendulum-v1/episodes/episode_9_seed3407.npz,1,0.06127943992614737,3
b6cc808d376450a426203d93db59b7feb70642185581f84566d5760c47ead5a8,terra,icrfqi_k5,5,3,2,20,0,20,data/llmx_data/offline_data/physics_data/raw_transitions/Pendulum-v1/episodes/episode_9_seed3407.npz,1,0.16127943992614746,2
6efd36efdb1a96abd828336052c2f0e2e0af35f3a7b5c325889251b7d55d27ea,terra,icrfqi_k5,5,3,3,20,0,20,data/llmx_data/offline_data/physics_data/raw_transitions/Pendulum-v1/episodes/episode_9_seed3407.npz,1,0.2112794399261475,3
72adbb2c92520d0e85842262f62e4f42584b59cc358bcf0a311f86ba865816e3,terra,icrfqi_k5,5,9,1,20,0,20,data/llmx_data/offline_data/physics_data/raw_transitions/Pendulum-v1/episodes/episode_9_seed3407.npz,1,0.11127943992614742,2
b2fbe919a5a7a6881e6ff3285c7c7f05427531157ad34b728eacbd51d7e7390f,terra,icrfqi_k5,5,9,2,20,0,20,data/llmx_data/offline_data/physics_data/raw_transitions/Pendulum-v1/episodes/episode_9_seed3407.npz,1,0.11127943992614742,2
41b1871fe0608b64c5cc29071821445a1a38c4529883280e95f8d940de8dbcba,terra,icrfqi_k5,5,9,3,20,0,20,data/llmx_data/offline_data/physics_data/raw_transitions/Pendulum-v1/episodes/episode_9_seed3407.npz,1,0.11127943992614742,2
285727338fcd94d82382368e7cce9a79c274fd319de82767884f53f02b995ecd,luna,direct,,1,1,20,0,20,data/llmx_data/offline_data/physics_data/raw_transitions/Pendulum-v1/episodes/episode_9_seed3407.npz,0,3.9112794399261475,3
6eb94e5e656c1c297b8e9225a8c86c05197a7655e501eed15e0e5027c783eea3,luna,direct,,1,2,20,0,20,data/llmx_data/offline_data/physics_data/raw_transitions/Pendulum-v1/episodes/episode_9_seed3407.npz,0,3.9112794399261475,3
bb2f1f60b033c00340af407c210f52f379f2f92957a41e73ddd3efcb7ab307d7,luna,direct,,1,3,20,0,20,data/llmx_data/offline_data/physics_data/raw_transitions/Pendulum-v1/episodes/episode_9_seed3407.npz,0,3.9112794399261475,2
9247cd09f28fbc365cc824cddb2a0c1cdd52e5bfb051fb391c43bac2f059f114,luna,direct,,3,1,20,0,20,data/llmx_data/offline_data/physics_data/raw_transitions/Pendulum-v1/episodes/episode_9_seed3407.npz,1,0.16127943992614746,2
af880f95938e5ece9d696da80fa1f37df11fa55e2f140573826e99fc9eb2cfda,luna,direct,,3,2,20,0,20,data/llmx_data/offline_data/physics_data/raw_transitions/Pendulum-v1/episodes/episode_9_seed3407.npz,1,0.16127943992614746,2
8dd8f8ab41abe53b5de64e45e0c71746c5e8d4525cf7c33d379f7d9c87c46bec,luna,direct,,3,3,20,0,20,data/llmx_data/offline_data/physics_data/raw_transitions/Pendulum-v1/episodes/episode_9_seed3407.npz,1,0.16127943992614746,2
5938966e2ccce3b3e7e142efd3a35cf4addef85d95662105da71328776226bcd,luna,direct,,9,1,20,0,20,data/llmx_data/offline_data/physics_data/raw_transitions/Pendulum-v1/episodes/episode_9_seed3407.npz,1,0.018720560073852477,3
870d526f88ba28206757deaea843616b8b7192dbfaef0e80e406b9fd584596d6,luna,direct,,9,2,20,0,20,data/llmx_data/offline_data/physics_data/raw_transitions/Pendulum-v1/episodes/episode_9_seed3407.npz,1,0.018720560073852477,3
c571f685ae5134e6fd81ae8416918fe92acf1c3f6ada35f19cf95e39e280e607,luna,direct,,9,3,20,0,20,data/llmx_data/offline_data/physics_data/raw_transitions/Pendulum-v1/episodes/episode_9_seed3407.npz,1,0.06127943992614737,2
6e473cdb63a1752ab1b9714132ac59f0ce4988ee53650cc0c9786364c9aad682,luna,ppo_prior,,1,1,20,0,20,data/llmx_data/offline_data/physics_data/raw_transitions/Pendulum-v1/episodes/episode_9_seed3407.npz,0,3.9112794399261475,2
4e524ba7e620824c4dad6ef8aad92721531ca28314e4060447ba72ddd456fecb,luna,ppo_prior,,1,2,20,0,20,data/llmx_data/offline_data/physics_data/raw_transitions/Pendulum-v1/episodes/episode_9_seed3407.npz,0,3.9112794399261475,2
7016357940ae16e9bb003db40d97d560c653ec1e2045ab41d4f480d18bf611db,luna,ppo_prior,,1,3,20,0,20,data/llmx_data/offline_data/physics_data/raw_transitions/Pendulum-v1/episodes/episode_9_seed3407.npz,0,0.5112794399261475,3
8efa909263d46ef708d2b93cd79748e67b32c4f68283d9bae06f2d8efd561517,luna,ppo_prior,,3,1,20,0,20,data/llmx_data/offline_data/physics_data/raw_transitions/Pendulum-v1/episodes/episode_9_seed3407.npz,1,0.11127943992614742,2
c9b1e0282ebe7357b567eabc7d1f422aa5e5b0212d9343e308eb62b9ee346da7,luna,ppo_prior,,3,2,20,0,20,data/llmx_data/offline_data/physics_data/raw_transitions/Pendulum-v1/episodes/episode_9_seed3407.npz,1,0.11127943992614742,2
83427ec1b08b82d2335e7a9c564463cdd7875362fed565a7b9281e9e49a01c06,luna,ppo_prior,,3,3,20,0,20,data/llmx_data/offline_data/physics_data/raw_transitions/Pendulum-v1/episodes/episode_9_seed3407.npz,1,0.11127943992614742,3
5ee925a85a3ab054d8e627bb654c9289be8ef846c2a233c5d8046875caeed936,luna,ppo_prior,,9,1,20,0,20,data/llmx_data/offline_data/physics_data/raw_transitions/Pendulum-v1/episodes/episode_9_seed3407.npz,1,0.16127943992614746,2
dbdf5b2a0c15192e322534227db092683d989d20e3bd21119307e0fc152a85a2,luna,ppo_prior,,9,2,20,0,20,data/llmx_data/offline_data/physics_data/raw_transitions/Pendulum-v1/episodes/episode_9_seed3407.npz,1,0.11127943992614742,2
5a5b631de22fc5da53224d284655e44047e02a776a7019ea3c21a0f4f3c22590,luna,ppo_prior,,9,3,20,0,20,data/llmx_data/offline_data/physics_data/raw_transitions/Pendulum-v1/episodes/episode_9_seed3407.npz,1,0.0912794399261474,2
e5c4f62e80a44a85d025b0f3d67cb802f562ce5cc39b1f77894c686f8a79a040,luna,icrfqi_k2,2,1,1,20,0,20,data/llmx_data/offline_data/physics_data/raw_transitions/Pendulum-v1/episodes/episode_9_seed3407.npz,0,3.9112794399261475,2
7d13ece5ffd428785f77a0d736d883e009fea3071a59ed19aeafe4f673d45440,luna,icrfqi_k2,2,1,2,20,0,20,data/llmx_data/offline_data/physics_data/raw_transitions/Pendulum-v1/episodes/episode_9_seed3407.npz,0,3.9112794399261475,2
31631bd9a2d452558c21ebbeca6199503abb9bd183fcab6e9fb176683afce919,luna,icrfqi_k2,2,1,3,20,0,20,data/llmx_data/offline_data/physics_data/raw_transitions/Pendulum-v1/episodes/episode_9_seed3407.npz,0,3.9112794399261475,2
e0249b350c7a7683773b7f2605d07a6be25376ff032aa69a3c0a0d991a7e6c43,luna,icrfqi_k2,2,3,1,20,0,20,data/llmx_data/offline_data/physics_data/raw_transitions/Pendulum-v1/episodes/episode_9_seed3407.npz,1,0.18127943992614748,3
52905ce99e67af5526cef41e3a193e383a1178ea89234ceefda8f6131764c897,luna,icrfqi_k2,2,3,2,20,0,20,data/llmx_data/offline_data/physics_data/raw_transitions/Pendulum-v1/episodes/episode_9_seed3407.npz,1,0.2112794399261475,3
c63f380082fadfaf517c5cc32bed6ddb960b20d1e7413ac6c8c8e66809b9eec3,luna,icrfqi_k2,2,3,3,20,0,20,data/llmx_data/offline_data/physics_data/raw_transitions/Pendulum-v1/episodes/episode_9_seed3407.npz,1,0.11127943992614742,2
08e5aa2546a88f389aeb73558424a429ddabdfcfc0a1afdf7d21754198a00b11,luna,icrfqi_k2,2,9,1,20,0,20,data/llmx_data/offline_data/physics_data/raw_transitions/Pendulum-v1/episodes/episode_9_seed3407.npz,1,0.16127943992614746,2
d5f0d23deaf30ec0654e0c4496e7e79eec39bd21ddda2eb2885ddaf24ee5ae11,luna,icrfqi_k2,2,9,2,20,0,20,data/llmx_data/offline_data/physics_data/raw_transitions/Pendulum-v1/episodes/episode_9_seed3407.npz,1,0.018720560073852477,2
5376be61ad5d77018303113ff778577b06b6386eca1a8cc2192b04a28fc0b0bc,luna,icrfqi_k2,2,9,3,20,0,20,data/llmx_data/offline_data/physics_data/raw_transitions/Pendulum-v1/episodes/episode_9_seed3407.npz,1,0.06127943992614737,2
17106eea42b0a0668dc5f1f6e306dc074beed52a8400dec388926fa2d7239f18,luna,icrfqi_k5,5,1,1,20,0,20,data/llmx_data/offline_data/physics_data/raw_transitions/Pendulum-v1/episodes/episode_9_seed3407.npz,0,3.9112794399261475,3
06177c5d4ec3854f7d2ba758c0f1df8f5c68a9153c573c514eef983038a49814,luna,icrfqi_k5,5,1,2,20,0,20,data/llmx_data/offline_data/physics_data/raw_transitions/Pendulum-v1/episodes/episode_9_seed3407.npz,1,0.11127943992614742,2
3fa25435a8b44c9124e5b8963a368cd70600a35833745721437321d6e319eada,luna,icrfqi_k5,5,1,3,20,0,20,data/llmx_data/offline_data/physics_data/raw_transitions/Pendulum-v1/episodes/episode_9_seed3407.npz,1,0.2112794399261475,2
4e0763551384157632a3e58a19fad233d6d6d888fc913cf69880b01d2e3de18d,luna,icrfqi_k5,5,3,1,20,0,20,data/llmx_data/offline_data/physics_data/raw_transitions/Pendulum-v1/episodes/episode_9_seed3407.npz,1,0.2112794399261475,2
7f7fa0404bf77eef2726c1a8e6842aa6184e4480968d78a7aa0f6b364f1e9e57,luna,icrfqi_k5,5,3,2,20,0,20,data/llmx_data/offline_data/physics_data/raw_transitions/Pendulum-v1/episodes/episode_9_seed3407.npz,1,0.16127943992614746,2
059c33af35f7354607a6dd3b201434edb960212d8584f014d7178c3391a8f956,luna,icrfqi_k5,5,3,3,20,0,20,data/llmx_data/offline_data/physics_data/raw_transitions/Pendulum-v1/episodes/episode_9_seed3407.npz,1,0.2112794399261475,3
9151dd5bb72a8f621057115861116072f50efa8bf8a13d455b6a93b7725b1fb8,luna,icrfqi_k5,5,9,1,20,0,20,data/llmx_data/offline_data/physics_data/raw_transitions/Pendulum-v1/episodes/episode_9_seed3407.npz,1,0.01127943992614755,3
4205535244940f85ae12118a4c9922ecee6d527dc149152908f460cc588c6c7b,luna,icrfqi_k5,5,9,2,20,0,20,data/llmx_data/offline_data/physics_data/raw_transitions/Pendulum-v1/episodes/episode_9_seed3407.npz,1,0.06127943992614737,2
039687598816307c07174a4a71cbbe4d5df74cd3989a6975cc630e3f264697f9,luna,icrfqi_k5,5,9,3,20,0,20,data/llmx_data/offline_data/physics_data/raw_transitions/Pendulum-v1/episodes/episode_9_seed3407.npz,1,0.2112794399261475,2
