model,method,E,n,matches,accuracy_pct,action_mae,reasoning_mean
pooled,direct,1,6,3,50.0,2.0204264799753826,2.3333333333333335
pooled,direct,3,6,6,100,0.13961277325948077,2
pooled,direct,9,6,6,100,0.09709314664204911,2.3333333333333335
pooled,icrfqi_k2,1,6,2,33.33333333333333,2.1279461065928142,2
pooled,icrfqi_k2,3,6,6,100,0.1912794399261475,2.3333333333333335
pooled,icrfqi_k2,9,6,6,100,0.0708529599507649,2
pooled,icrfqi_k5,1,6,5,83.33333333333334,0.7946127732594808,2.1666666666666665
pooled,icrfqi_k5,3,6,6,100,0.1696127732594808,2.5
pooled,icrfqi_k5,9,6,6,100,0.10294610659281411,2.1666666666666665
pooled,ppo_prior,1,6,3,50.0,1.4287598133087158,2.3333333333333335
pooled,ppo_prior,3,6,6,100,0.1279461065928141,2.3333333333333335
pooled,ppo_prior,9,6,6,100,0.10461277325948075,2.1666666666666665
luna,direct,1,3,0,0,3.9112794399261475,2.6666666666666665
luna,direct,3,3,3,100,0.16127943992614746,2
luna,direct,9,3,3,100,0.03290685335795077,2.6666666666666665
luna,icrfqi_k2,1,3,0,0,3.9112794399261475,2
luna,icrfqi_k2,3,3,3,100,0.16794610659281414,2.6666666666666665
luna,icrfqi_k2,9,3,3,100,0.08042647997538244,2
luna,icrfqi_k5,1,3,2,66.66666666666666,1.4112794399261475,2.3333333333333335
luna,icrfqi_k5,3,3,3,100,0.19461277325948081,2.3333333333333335
luna,icrfqi_k5,9,3,3,100,0.09461277325948081,2.3333333333333335
luna,ppo_prior,1,3,0,0,2.777946106592814,2.3333333333333335
luna,ppo_prior,3,3,3,100,0.11127943992614742,2.3333333333333335
luna,ppo_prior,9,3,3,100,0.12127943992614743,2
terra,direct,1,3,3,100,0.12957352002461753,2
terra,direct,3,3,3,100,0.11794610659281408,2
terra,direct,9,3,3,100,0.16127943992614746,2
terra,icrfqi_k2,1,3,2,66.66666666666666,0.3446127732594808,2
terra,icrfqi_k2,3,3,3,100,0.21461277325948083,2
terra,icrfqi_k2,9,3,3,100,0.06127943992614737,2
terra,icrfqi_k5,1,3,3,100,0.17794610659281415,2
terra,icrfqi_k5,3,3,3,100,0.14461277325948077,2.6666666666666665
terra,icrfqi_k5,9,3,3,100,0.11127943992614742,2
terra,ppo_prior,1,3,3,100,0.07957352002461748,2.3333333333333335
terra,ppo_prior,3,3,3,100,0.14461277325948077,2.3333333333333335
terra,ppo_prior,9,3,3,100,0.08794610659281406,2.3333333333333335
