model,method,n,matches,accuracy_pct,action_mae,reasoning_mean
pooled,direct,18,15,83.33333333333334,0.7523774666256374,2.2222222222222223
pooled,icrfqi_k2,18,14,77.77777777777779,0.7966928354899089,2.111111111111111
pooled,icrfqi_k5,18,17,94.44444444444444,0.3557238843705919,2.2777777777777777
pooled,ppo_prior,18,15,83.33333333333334,0.5537728977203369,2.2777777777777777
luna,direct,9,6,66.66666666666666,1.3684885777367486,2.4444444444444446
luna,icrfqi_k2,9,6,66.66666666666666,1.3865506754981147,2.2222222222222223
luna,icrfqi_k5,9,8,88.88888888888889,0.566834995481703,2.3333333333333335
luna,ppo_prior,9,6,66.66666666666666,1.0035016621483697,2.2222222222222223
terra,direct,9,9,100,0.13626635551452637,2
terra,icrfqi_k2,9,8,88.88888888888889,0.206834995481703,2
terra,icrfqi_k5,9,9,100,0.14461277325948077,2.2222222222222223
terra,ppo_prior,9,9,100,0.10404413329230411,2.3333333333333335
