condition_id,model_alias,task,metric,H,shots,score_pattern,correct_scores,incorrect_scores,n
terra__MountainCar-v0__next-action__H5__shots4__pattern1,terra,MountainCar-v0,next-action,5,4,pattern1,[1],"[3, 4]",3
terra__MountainCar-v0__next-action__H5__shots4__pattern2,terra,MountainCar-v0,next-action,5,4,pattern2,"[1, 2]","[1, 2, 3]",3
terra__MountainCar-v0__next-action__H5__shots8__pattern1,terra,MountainCar-v0,next-action,5,8,pattern1,[1],"[3, 4]",3
terra__MountainCar-v0__next-action__H5__shots8__pattern2,terra,MountainCar-v0,next-action,5,8,pattern2,"[1, 2]","[1, 2, 3]",3
terra__MountainCar-v0__next-action__H5__shots12__pattern1,terra,MountainCar-v0,next-action,5,12,pattern1,[1],"[3, 4]",3
terra__MountainCar-v0__next-action__H5__shots12__pattern2,terra,MountainCar-v0,next-action,5,12,pattern2,"[1, 2]","[1, 2, 3]",3
terra__MountainCar-v0__next-action__H20__shots4__pattern1,terra,MountainCar-v0,next-action,20,4,pattern1,[1],"[3, 4]",3
terra__MountainCar-v0__next-action__H20__shots4__pattern2,terra,MountainCar-v0,next-action,20,4,pattern2,"[1, 2]","[1, 2, 3]",3
terra__MountainCar-v0__next-action__H20__shots8__pattern1,terra,MountainCar-v0,next-action,20,8,pattern1,[1],"[3, 4]",3
terra__MountainCar-v0__next-action__H20__shots8__pattern2,terra,MountainCar-v0,next-action,20,8,pattern2,"[1, 2]","[1, 2, 3]",3
terra__MountainCar-v0__next-action__H20__shots12__pattern1,terra,MountainCar-v0,next-action,20,12,pattern1,[1],"[3, 4]",3
terra__MountainCar-v0__next-action__H20__shots12__pattern2,terra,MountainCar-v0,next-action,20,12,pattern2,"[1, 2]","[1, 2, 3]",3
terra__Pendulum-v1__next-action__H5__shots4__pattern1,terra,Pendulum-v1,next-action,5,4,pattern1,[1],"[3, 4]",3
terra__Pendulum-v1__next-action__H5__shots4__pattern2,terra,Pendulum-v1,next-action,5,4,pattern2,"[1, 2]","[1, 2, 3]",3
terra__Pendulum-v1__next-action__H5__shots8__pattern1,terra,Pendulum-v1,next-action,5,8,pattern1,[1],"[3, 4]",3
terra__Pendulum-v1__next-action__H5__shots8__pattern2,terra,Pendulum-v1,next-action,5,8,pattern2,"[1, 2]","[1, 2, 3]",3
terra__Pendulum-v1__next-action__H5__shots12__pattern1,terra,Pendulum-v1,next-action,5,12,pattern1,[1],"[3, 4]",3
terra__Pendulum-v1__next-action__H5__shots12__pattern2,terra,Pendulum-v1,next-action,5,12,pattern2,"[1, 2]","[1, 2, 3]",3
terra__Pendulum-v1__next-action__H20__shots4__pattern1,terra,Pendulum-v1,next-action,20,4,pattern1,[1],"[3, 4]",3
terra__Pendulum-v1__next-action__H20__shots4__pattern2,terra,Pendulum-v1,next-action,20,4,pattern2,"[1, 2]","[1, 2, 3]",3
terra__Pendulum-v1__next-action__H20__shots8__pattern1,terra,Pendulum-v1,next-action,20,8,pattern1,[1],"[3, 4]",3
terra__Pendulum-v1__next-action__H20__shots8__pattern2,terra,Pendulum-v1,next-action,20,8,pattern2,"[1, 2]","[1, 2, 3]",3
terra__Pendulum-v1__next-action__H20__shots12__pattern1,terra,Pendulum-v1,next-action,20,12,pattern1,[1],"[3, 4]",3
terra__Pendulum-v1__next-action__H20__shots12__pattern2,terra,Pendulum-v1,next-action,20,12,pattern2,"[1, 2]","[1, 2, 3]",3
luna__MountainCar-v0__next-action__H5__shots4__pattern1,luna,MountainCar-v0,next-action,5,4,pattern1,[1],"[3, 4]",3
luna__MountainCar-v0__next-action__H5__shots4__pattern2,luna,MountainCar-v0,next-action,5,4,pattern2,"[1, 2]","[1, 2, 3]",3
luna__MountainCar-v0__next-action__H5__shots8__pattern1,luna,MountainCar-v0,next-action,5,8,pattern1,[1],"[3, 4]",3
luna__MountainCar-v0__next-action__H5__shots8__pattern2,luna,MountainCar-v0,next-action,5,8,pattern2,"[1, 2]","[1, 2, 3]",3
luna__MountainCar-v0__next-action__H5__shots12__pattern1,luna,MountainCar-v0,next-action,5,12,pattern1,[1],"[3, 4]",3
luna__MountainCar-v0__next-action__H5__shots12__pattern2,luna,MountainCar-v0,next-action,5,12,pattern2,"[1, 2]","[1, 2, 3]",3
luna__MountainCar-v0__next-action__H20__shots4__pattern1,luna,MountainCar-v0,next-action,20,4,pattern1,[1],"[3, 4]",3
luna__MountainCar-v0__next-action__H20__shots4__pattern2,luna,MountainCar-v0,next-action,20,4,pattern2,"[1, 2]","[1, 2, 3]",3
luna__MountainCar-v0__next-action__H20__shots8__pattern1,luna,MountainCar-v0,next-action,20,8,pattern1,[1],"[3, 4]",3
luna__MountainCar-v0__next-action__H20__shots8__pattern2,luna,MountainCar-v0,next-action,20,8,pattern2,"[1, 2]","[1, 2, 3]",3
luna__MountainCar-v0__next-action__H20__shots12__pattern1,luna,MountainCar-v0,next-action,20,12,pattern1,[1],"[3, 4]",3
luna__MountainCar-v0__next-action__H20__shots12__pattern2,luna,MountainCar-v0,next-action,20,12,pattern2,"[1, 2]","[1, 2, 3]",3
luna__Pendulum-v1__next-action__H5__shots4__pattern1,luna,Pendulum-v1,next-action,5,4,pattern1,[1],"[3, 4]",3
luna__Pendulum-v1__next-action__H5__shots4__pattern2,luna,Pendulum-v1,next-action,5,4,pattern2,"[1, 2]","[1, 2, 3]",3
luna__Pendulum-v1__next-action__H5__shots8__pattern1,luna,Pendulum-v1,next-action,5,8,pattern1,[1],"[3, 4]",3
luna__Pendulum-v1__next-action__H5__shots8__pattern2,luna,Pendulum-v1,next-action,5,8,pattern2,"[1, 2]","[1, 2, 3]",3
luna__Pendulum-v1__next-action__H5__shots12__pattern1,luna,Pendulum-v1,next-action,5,12,pattern1,[1],"[3, 4]",3
luna__Pendulum-v1__next-action__H5__shots12__pattern2,luna,Pendulum-v1,next-action,5,12,pattern2,"[1, 2]","[1, 2, 3]",3
luna__Pendulum-v1__next-action__H20__shots4__pattern1,luna,Pendulum-v1,next-action,20,4,pattern1,[1],"[3, 4]",3
luna__Pendulum-v1__next-action__H20__shots4__pattern2,luna,Pendulum-v1,next-action,20,4,pattern2,"[1, 2]","[1, 2, 3]",3
luna__Pendulum-v1__next-action__H20__shots8__pattern1,luna,Pendulum-v1,next-action,20,8,pattern1,[1],"[3, 4]",3
luna__Pendulum-v1__next-action__H20__shots8__pattern2,luna,Pendulum-v1,next-action,20,8,pattern2,"[1, 2]","[1, 2, 3]",3
luna__Pendulum-v1__next-action__H20__shots12__pattern1,luna,Pendulum-v1,next-action,20,12,pattern1,[1],"[3, 4]",3
luna__Pendulum-v1__next-action__H20__shots12__pattern2,luna,Pendulum-v1,next-action,20,12,pattern2,"[1, 2]","[1, 2, 3]",3
