condition_id,model_alias,task,metric,H,shots,score_pattern,correct_scores,incorrect_scores,n,ordinal,query_id,episode_path,query_index,input_content_tokens,prompt_txt
terra__MountainCar-v0__next-action__H5__shots4__pattern1,terra,MountainCar-v0,next-action,5,4,pattern1,[1],"[3, 4]",3,0,b71d4e2ddcb25f1a42847039d8a895092186667cfa1e313bd271397b36d72785,data/llmx_data/offline_data/physics_data/raw_transitions/MountainCar-v0/episodes/episode_1.npz,20,3241,prompts/terra__MountainCar-v0__next-action__H5__shots4__pattern1/query_01.txt
terra__MountainCar-v0__next-action__H5__shots4__pattern1,terra,MountainCar-v0,next-action,5,4,pattern1,[1],"[3, 4]",3,1,ed9e14d6422c5f8b1c98d7afe0fafeac4855986bb811f4367c254a39c34ef9b7,data/llmx_data/offline_data/physics_data/raw_transitions/MountainCar-v0/episodes/episode_1.npz,21,3241,prompts/terra__MountainCar-v0__next-action__H5__shots4__pattern1/query_02.txt
terra__MountainCar-v0__next-action__H5__shots4__pattern1,terra,MountainCar-v0,next-action,5,4,pattern1,[1],"[3, 4]",3,2,d97f35a7c303ea463f0f518d7856fa915cf28bbbdaa916ca20fa4d38a8d69572,data/llmx_data/offline_data/physics_data/raw_transitions/MountainCar-v0/episodes/episode_1.npz,22,3240,prompts/terra__MountainCar-v0__next-action__H5__shots4__pattern1/query_03.txt
terra__MountainCar-v0__next-action__H5__shots4__pattern2,terra,MountainCar-v0,next-action,5,4,pattern2,"[1, 2]","[1, 2, 3]",3,0,a3003e08d46c2e3fda8a5f9bf90c98c4ad53157173c895d6e278b05a673ef48c,data/llmx_data/offline_data/physics_data/raw_transitions/MountainCar-v0/episodes/episode_1.npz,20,3109,prompts/terra__MountainCar-v0__next-action__H5__shots4__pattern2/query_01.txt
terra__MountainCar-v0__next-action__H5__shots4__pattern2,terra,MountainCar-v0,next-action,5,4,pattern2,"[1, 2]","[1, 2, 3]",3,1,fc20347ff906db5ff8640e958a150a810559784efc232df8bed6e6a53117531d,data/llmx_data/offline_data/physics_data/raw_transitions/MountainCar-v0/episodes/episode_1.npz,21,3109,prompts/terra__MountainCar-v0__next-action__H5__shots4__pattern2/query_02.txt
terra__MountainCar-v0__next-action__H5__shots4__pattern2,terra,MountainCar-v0,next-action,5,4,pattern2,"[1, 2]","[1, 2, 3]",3,2,336347cef3fa255b3815ca6bd046b85798e372777e10053263126c0fde35c541,data/llmx_data/offline_data/physics_data/raw_transitions/MountainCar-v0/episodes/episode_1.npz,22,3108,prompts/terra__MountainCar-v0__next-action__H5__shots4__pattern2/query_03.txt
terra__MountainCar-v0__next-action__H5__shots8__pattern1,terra,MountainCar-v0,next-action,5,8,pattern1,[1],"[3, 4]",3,0,7170835c98ec5bd009e5782f1313671173cb1fa80f0957719b827f1c1aea3aad,data/llmx_data/offline_data/physics_data/raw_transitions/MountainCar-v0/episodes/episode_1.npz,20,5697,prompts/terra__MountainCar-v0__next-action__H5__shots8__pattern1/query_01.txt
terra__MountainCar-v0__next-action__H5__shots8__pattern1,terra,MountainCar-v0,next-action,5,8,pattern1,[1],"[3, 4]",3,1,46124e4f917ab094b89522b8fbfcde868d16e4deccd5a768429636fc50aa6b85,data/llmx_data/offline_data/physics_data/raw_transitions/MountainCar-v0/episodes/episode_1.npz,21,5697,prompts/terra__MountainCar-v0__next-action__H5__shots8__pattern1/query_02.txt
terra__MountainCar-v0__next-action__H5__shots8__pattern1,terra,MountainCar-v0,next-action,5,8,pattern1,[1],"[3, 4]",3,2,d1705b591a68a3c858f70a5181b3e7f8ed160ad9a4507c4abfb2c8694fa723bc,data/llmx_data/offline_data/physics_data/raw_transitions/MountainCar-v0/episodes/episode_1.npz,22,5696,prompts/terra__MountainCar-v0__next-action__H5__shots8__pattern1/query_03.txt
terra__MountainCar-v0__next-action__H5__shots8__pattern2,terra,MountainCar-v0,next-action,5,8,pattern2,"[1, 2]","[1, 2, 3]",3,0,bc90332500935f0573c5485aea9cc367293c67d89d08e20de5f0843864e6215a,data/llmx_data/offline_data/physics_data/raw_transitions/MountainCar-v0/episodes/episode_1.npz,20,5558,prompts/terra__MountainCar-v0__next-action__H5__shots8__pattern2/query_01.txt
terra__MountainCar-v0__next-action__H5__shots8__pattern2,terra,MountainCar-v0,next-action,5,8,pattern2,"[1, 2]","[1, 2, 3]",3,1,69be9b76dc792fed151b0bb5079083af3def88b6c2ff67e163b6dbb6d7e0fda9,data/llmx_data/offline_data/physics_data/raw_transitions/MountainCar-v0/episodes/episode_1.npz,21,5558,prompts/terra__MountainCar-v0__next-action__H5__shots8__pattern2/query_02.txt
terra__MountainCar-v0__next-action__H5__shots8__pattern2,terra,MountainCar-v0,next-action,5,8,pattern2,"[1, 2]","[1, 2, 3]",3,2,b69ea31e00ee15c5de8b1d8ecbbb2501f29fd93dbc527621a61e7d4d2a9fd14e,data/llmx_data/offline_data/physics_data/raw_transitions/MountainCar-v0/episodes/episode_1.npz,22,5557,prompts/terra__MountainCar-v0__next-action__H5__shots8__pattern2/query_03.txt
terra__MountainCar-v0__next-action__H5__shots12__pattern1,terra,MountainCar-v0,next-action,5,12,pattern1,[1],"[3, 4]",3,0,47bf648add51dab395e468e2b4badcf40fa4c5352b2c3ca60ba17e5acfb4adf5,data/llmx_data/offline_data/physics_data/raw_transitions/MountainCar-v0/episodes/episode_1.npz,20,8118,prompts/terra__MountainCar-v0__next-action__H5__shots12__pattern1/query_01.txt
terra__MountainCar-v0__next-action__H5__shots12__pattern1,terra,MountainCar-v0,next-action,5,12,pattern1,[1],"[3, 4]",3,1,81791de48440511fac1ff7e96499f148bc1e655f8fbb03da3aecc1356051cd59,data/llmx_data/offline_data/physics_data/raw_transitions/MountainCar-v0/episodes/episode_1.npz,21,8118,prompts/terra__MountainCar-v0__next-action__H5__shots12__pattern1/query_02.txt
terra__MountainCar-v0__next-action__H5__shots12__pattern1,terra,MountainCar-v0,next-action,5,12,pattern1,[1],"[3, 4]",3,2,c5079703fd9832145d32390eb0269cb3acd0ed86a3c31de04c8d1586fb3190dd,data/llmx_data/offline_data/physics_data/raw_transitions/MountainCar-v0/episodes/episode_1.npz,22,8117,prompts/terra__MountainCar-v0__next-action__H5__shots12__pattern1/query_03.txt
terra__MountainCar-v0__next-action__H5__shots12__pattern2,terra,MountainCar-v0,next-action,5,12,pattern2,"[1, 2]","[1, 2, 3]",3,0,9c86454b64eff19815192ffc572b6bfca95e29625d50cda08cf44e76d44f8028,data/llmx_data/offline_data/physics_data/raw_transitions/MountainCar-v0/episodes/episode_1.npz,20,8518,prompts/terra__MountainCar-v0__next-action__H5__shots12__pattern2/query_01.txt
terra__MountainCar-v0__next-action__H5__shots12__pattern2,terra,MountainCar-v0,next-action,5,12,pattern2,"[1, 2]","[1, 2, 3]",3,1,f411e27950fbbebda77b689dc5ded105f2c61e24c14c4ace79e43952b6ee3424,data/llmx_data/offline_data/physics_data/raw_transitions/MountainCar-v0/episodes/episode_1.npz,21,8518,prompts/terra__MountainCar-v0__next-action__H5__shots12__pattern2/query_02.txt
terra__MountainCar-v0__next-action__H5__shots12__pattern2,terra,MountainCar-v0,next-action,5,12,pattern2,"[1, 2]","[1, 2, 3]",3,2,10ab8b57ba894366ff1f484b8ca9f049bb67fafde5169a83871cf6077605a084,data/llmx_data/offline_data/physics_data/raw_transitions/MountainCar-v0/episodes/episode_1.npz,22,8517,prompts/terra__MountainCar-v0__next-action__H5__shots12__pattern2/query_03.txt
terra__MountainCar-v0__next-action__H20__shots4__pattern1,terra,MountainCar-v0,next-action,20,4,pattern1,[1],"[3, 4]",3,0,2f4065e27bbefd950f84368aa3a1a32b4bc689c726273ff942be61dd76c38b69,data/llmx_data/offline_data/physics_data/raw_transitions/MountainCar-v0/episodes/episode_1.npz,20,3714,prompts/terra__MountainCar-v0__next-action__H20__shots4__pattern1/query_01.txt
terra__MountainCar-v0__next-action__H20__shots4__pattern1,terra,MountainCar-v0,next-action,20,4,pattern1,[1],"[3, 4]",3,1,52c416bbcae9deb21ce1f837650f1d7a4d67c712b3286d7c13a775afa8428a78,data/llmx_data/offline_data/physics_data/raw_transitions/MountainCar-v0/episodes/episode_1.npz,21,3715,prompts/terra__MountainCar-v0__next-action__H20__shots4__pattern1/query_02.txt
terra__MountainCar-v0__next-action__H20__shots4__pattern1,terra,MountainCar-v0,next-action,20,4,pattern1,[1],"[3, 4]",3,2,8562b373de48666a09ea3455354cd0e3ad0f97f96d94b4be9cb01e81193438c9,data/llmx_data/offline_data/physics_data/raw_transitions/MountainCar-v0/episodes/episode_1.npz,22,3714,prompts/terra__MountainCar-v0__next-action__H20__shots4__pattern1/query_03.txt
terra__MountainCar-v0__next-action__H20__shots4__pattern2,terra,MountainCar-v0,next-action,20,4,pattern2,"[1, 2]","[1, 2, 3]",3,0,c204126fe2cf83ee7b2ef2c37c3ff1b6451601d2475c76a3ab5cef4cc92c8e88,data/llmx_data/offline_data/physics_data/raw_transitions/MountainCar-v0/episodes/episode_1.npz,20,3582,prompts/terra__MountainCar-v0__next-action__H20__shots4__pattern2/query_01.txt
terra__MountainCar-v0__next-action__H20__shots4__pattern2,terra,MountainCar-v0,next-action,20,4,pattern2,"[1, 2]","[1, 2, 3]",3,1,9cd82038d72713b862523301b0f151181fbeb92496fa44ffd283c9612d3a7c94,data/llmx_data/offline_data/physics_data/raw_transitions/MountainCar-v0/episodes/episode_1.npz,21,3583,prompts/terra__MountainCar-v0__next-action__H20__shots4__pattern2/query_02.txt
terra__MountainCar-v0__next-action__H20__shots4__pattern2,terra,MountainCar-v0,next-action,20,4,pattern2,"[1, 2]","[1, 2, 3]",3,2,85e10b1ed544daaf63881a933bb6939b42de210b79946c874ebe88c9d777365b,data/llmx_data/offline_data/physics_data/raw_transitions/MountainCar-v0/episodes/episode_1.npz,22,3582,prompts/terra__MountainCar-v0__next-action__H20__shots4__pattern2/query_03.txt
terra__MountainCar-v0__next-action__H20__shots8__pattern1,terra,MountainCar-v0,next-action,20,8,pattern1,[1],"[3, 4]",3,0,06d027b58bcbe6d2d8266f49445f2c9386eb23b7a441bb7cf56af0e3a0f55201,data/llmx_data/offline_data/physics_data/raw_transitions/MountainCar-v0/episodes/episode_1.npz,20,6170,prompts/terra__MountainCar-v0__next-action__H20__shots8__pattern1/query_01.txt
terra__MountainCar-v0__next-action__H20__shots8__pattern1,terra,MountainCar-v0,next-action,20,8,pattern1,[1],"[3, 4]",3,1,4254d274587eb2a356578709fb11426698715cc58ed2d5338cfd2e70650de685,data/llmx_data/offline_data/physics_data/raw_transitions/MountainCar-v0/episodes/episode_1.npz,21,6171,prompts/terra__MountainCar-v0__next-action__H20__shots8__pattern1/query_02.txt
terra__MountainCar-v0__next-action__H20__shots8__pattern1,terra,MountainCar-v0,next-action,20,8,pattern1,[1],"[3, 4]",3,2,1d1be6d438a86099879086934f5a51a1f18eb386159e6b73f0205e8d99f4dea0,data/llmx_data/offline_data/physics_data/raw_transitions/MountainCar-v0/episodes/episode_1.npz,22,6170,prompts/terra__MountainCar-v0__next-action__H20__shots8__pattern1/query_03.txt
terra__MountainCar-v0__next-action__H20__shots8__pattern2,terra,MountainCar-v0,next-action,20,8,pattern2,"[1, 2]","[1, 2, 3]",3,0,9618778f202b910cc06483230850c0202aed151b5f4ede26dddbc0b5224cc5d9,data/llmx_data/offline_data/physics_data/raw_transitions/MountainCar-v0/episodes/episode_1.npz,20,6031,prompts/terra__MountainCar-v0__next-action__H20__shots8__pattern2/query_01.txt
terra__MountainCar-v0__next-action__H20__shots8__pattern2,terra,MountainCar-v0,next-action,20,8,pattern2,"[1, 2]","[1, 2, 3]",3,1,febc7fc8dbcffff5deb9cd266d1fc66b2da59db7f0724fbe02c9767a8ba1e071,data/llmx_data/offline_data/physics_data/raw_transitions/MountainCar-v0/episodes/episode_1.npz,21,6032,prompts/terra__MountainCar-v0__next-action__H20__shots8__pattern2/query_02.txt
terra__MountainCar-v0__next-action__H20__shots8__pattern2,terra,MountainCar-v0,next-action,20,8,pattern2,"[1, 2]","[1, 2, 3]",3,2,a97330544916d346e83e3b22aba527449098f8aa49c00222f8122aece77603e9,data/llmx_data/offline_data/physics_data/raw_transitions/MountainCar-v0/episodes/episode_1.npz,22,6031,prompts/terra__MountainCar-v0__next-action__H20__shots8__pattern2/query_03.txt
terra__MountainCar-v0__next-action__H20__shots12__pattern1,terra,MountainCar-v0,next-action,20,12,pattern1,[1],"[3, 4]",3,0,e316f54d943256b364a14bb59a225dc3a688aad553825b50d70fb84ab6e2d8b5,data/llmx_data/offline_data/physics_data/raw_transitions/MountainCar-v0/episodes/episode_1.npz,20,8591,prompts/terra__MountainCar-v0__next-action__H20__shots12__pattern1/query_01.txt
terra__MountainCar-v0__next-action__H20__shots12__pattern1,terra,MountainCar-v0,next-action,20,12,pattern1,[1],"[3, 4]",3,1,2e9849b2bdc2b1f33445e09654af84f4bcb205df10f48d4956c93958f34e691e,data/llmx_data/offline_data/physics_data/raw_transitions/MountainCar-v0/episodes/episode_1.npz,21,8592,prompts/terra__MountainCar-v0__next-action__H20__shots12__pattern1/query_02.txt
terra__MountainCar-v0__next-action__H20__shots12__pattern1,terra,MountainCar-v0,next-action,20,12,pattern1,[1],"[3, 4]",3,2,58d0a08967966eab0fa0a59f2d03763c6d9f23a8cd5bf3c1499b11804294bd88,data/llmx_data/offline_data/physics_data/raw_transitions/MountainCar-v0/episodes/episode_1.npz,22,8591,prompts/terra__MountainCar-v0__next-action__H20__shots12__pattern1/query_03.txt
terra__MountainCar-v0__next-action__H20__shots12__pattern2,terra,MountainCar-v0,next-action,20,12,pattern2,"[1, 2]","[1, 2, 3]",3,0,4e4b54d846cb6f66f1b12bdc126e3bb59b04731d4f9fad1f37a00e02237d9f84,data/llmx_data/offline_data/physics_data/raw_transitions/MountainCar-v0/episodes/episode_1.npz,20,8991,prompts/terra__MountainCar-v0__next-action__H20__shots12__pattern2/query_01.txt
terra__MountainCar-v0__next-action__H20__shots12__pattern2,terra,MountainCar-v0,next-action,20,12,pattern2,"[1, 2]","[1, 2, 3]",3,1,007e474dcef9a3cb4df2d7b1c176894baae2b3d53644819148428c51758139db,data/llmx_data/offline_data/physics_data/raw_transitions/MountainCar-v0/episodes/episode_1.npz,21,8992,prompts/terra__MountainCar-v0__next-action__H20__shots12__pattern2/query_02.txt
terra__MountainCar-v0__next-action__H20__shots12__pattern2,terra,MountainCar-v0,next-action,20,12,pattern2,"[1, 2]","[1, 2, 3]",3,2,85b2b6d7dc096e6d4e3975e70b0aa17869df831a2d44d894d39f7667992fe9e4,data/llmx_data/offline_data/physics_data/raw_transitions/MountainCar-v0/episodes/episode_1.npz,22,8991,prompts/terra__MountainCar-v0__next-action__H20__shots12__pattern2/query_03.txt
terra__Pendulum-v1__next-action__H5__shots4__pattern1,terra,Pendulum-v1,next-action,5,4,pattern1,[1],"[3, 4]",3,0,d788d1348e14dcab582aa4ec847e730b8123cc7c7918b5033d45d3769521727c,data/llmx_data/offline_data/physics_data/raw_transitions/Pendulum-v1/episodes/episode_1.npz,20,6142,prompts/terra__Pendulum-v1__next-action__H5__shots4__pattern1/query_01.txt
terra__Pendulum-v1__next-action__H5__shots4__pattern1,terra,Pendulum-v1,next-action,5,4,pattern1,[1],"[3, 4]",3,1,e3f437e1520bc748db699cc1dc0f0635cc75d77602e2d95d4e839c052d6fbf9c,data/llmx_data/offline_data/physics_data/raw_transitions/Pendulum-v1/episodes/episode_1.npz,21,6140,prompts/terra__Pendulum-v1__next-action__H5__shots4__pattern1/query_02.txt
terra__Pendulum-v1__next-action__H5__shots4__pattern1,terra,Pendulum-v1,next-action,5,4,pattern1,[1],"[3, 4]",3,2,14320a1065d4792ad35913ce34c0a5fec4ede3a06b0ce1e910516c001a0846ed,data/llmx_data/offline_data/physics_data/raw_transitions/Pendulum-v1/episodes/episode_1.npz,22,6141,prompts/terra__Pendulum-v1__next-action__H5__shots4__pattern1/query_03.txt
terra__Pendulum-v1__next-action__H5__shots4__pattern2,terra,Pendulum-v1,next-action,5,4,pattern2,"[1, 2]","[1, 2, 3]",3,0,8c65eb4738d8949d80815ca8e0c6746333ed8d27e79cdaedb35e332006246d13,data/llmx_data/offline_data/physics_data/raw_transitions/Pendulum-v1/episodes/episode_1.npz,20,6257,prompts/terra__Pendulum-v1__next-action__H5__shots4__pattern2/query_01.txt
terra__Pendulum-v1__next-action__H5__shots4__pattern2,terra,Pendulum-v1,next-action,5,4,pattern2,"[1, 2]","[1, 2, 3]",3,1,a67846078b115ce1f09332503aa2bb742561c107ef8dcbc7c28cb73bd26d0513,data/llmx_data/offline_data/physics_data/raw_transitions/Pendulum-v1/episodes/episode_1.npz,21,6255,prompts/terra__Pendulum-v1__next-action__H5__shots4__pattern2/query_02.txt
terra__Pendulum-v1__next-action__H5__shots4__pattern2,terra,Pendulum-v1,next-action,5,4,pattern2,"[1, 2]","[1, 2, 3]",3,2,850948346418cc325d04bab3e05727e30d092260cf51c8acef66b07385485554,data/llmx_data/offline_data/physics_data/raw_transitions/Pendulum-v1/episodes/episode_1.npz,22,6256,prompts/terra__Pendulum-v1__next-action__H5__shots4__pattern2/query_03.txt
terra__Pendulum-v1__next-action__H5__shots8__pattern1,terra,Pendulum-v1,next-action,5,8,pattern1,[1],"[3, 4]",3,0,3a5cd603c06eedd5256efb4dae3366154e1af9bb33739f7f32483ae6b1ec03c0,data/llmx_data/offline_data/physics_data/raw_transitions/Pendulum-v1/episodes/episode_1.npz,20,11062,prompts/terra__Pendulum-v1__next-action__H5__shots8__pattern1/query_01.txt
terra__Pendulum-v1__next-action__H5__shots8__pattern1,terra,Pendulum-v1,next-action,5,8,pattern1,[1],"[3, 4]",3,1,5c9c957cbc094d69b17eb3aa54d8ff3667fb1f4bec961fa59722784182c62733,data/llmx_data/offline_data/physics_data/raw_transitions/Pendulum-v1/episodes/episode_1.npz,21,11060,prompts/terra__Pendulum-v1__next-action__H5__shots8__pattern1/query_02.txt
terra__Pendulum-v1__next-action__H5__shots8__pattern1,terra,Pendulum-v1,next-action,5,8,pattern1,[1],"[3, 4]",3,2,67a51cd3bce370d60cc692bd6f7a31f1a15bcff4605a6bbe6a52003ad5bb5a02,data/llmx_data/offline_data/physics_data/raw_transitions/Pendulum-v1/episodes/episode_1.npz,22,11061,prompts/terra__Pendulum-v1__next-action__H5__shots8__pattern1/query_03.txt
terra__Pendulum-v1__next-action__H5__shots8__pattern2,terra,Pendulum-v1,next-action,5,8,pattern2,"[1, 2]","[1, 2, 3]",3,0,4566ae103b7173db471d6516e15a4bcb33cbc3b43a929e6c8cd689306bbca21b,data/llmx_data/offline_data/physics_data/raw_transitions/Pendulum-v1/episodes/episode_1.npz,20,11271,prompts/terra__Pendulum-v1__next-action__H5__shots8__pattern2/query_01.txt
terra__Pendulum-v1__next-action__H5__shots8__pattern2,terra,Pendulum-v1,next-action,5,8,pattern2,"[1, 2]","[1, 2, 3]",3,1,82fa4962932682efda35fdd63732ba90db92e83bb895c5d99b6ad8a4df8f28fa,data/llmx_data/offline_data/physics_data/raw_transitions/Pendulum-v1/episodes/episode_1.npz,21,11269,prompts/terra__Pendulum-v1__next-action__H5__shots8__pattern2/query_02.txt
terra__Pendulum-v1__next-action__H5__shots8__pattern2,terra,Pendulum-v1,next-action,5,8,pattern2,"[1, 2]","[1, 2, 3]",3,2,d375ac031f174d8bb2cca2f94fc84e30af6df32fbddb30955e8459a36c1d5f65,data/llmx_data/offline_data/physics_data/raw_transitions/Pendulum-v1/episodes/episode_1.npz,22,11270,prompts/terra__Pendulum-v1__next-action__H5__shots8__pattern2/query_03.txt
terra__Pendulum-v1__next-action__H5__shots12__pattern1,terra,Pendulum-v1,next-action,5,12,pattern1,[1],"[3, 4]",3,0,8b0662443bfcb36bec5e310644b7e6de29e2a9c6b73a3b3f4ba960c639d44a85,data/llmx_data/offline_data/physics_data/raw_transitions/Pendulum-v1/episodes/episode_1.npz,20,15879,prompts/terra__Pendulum-v1__next-action__H5__shots12__pattern1/query_01.txt
terra__Pendulum-v1__next-action__H5__shots12__pattern1,terra,Pendulum-v1,next-action,5,12,pattern1,[1],"[3, 4]",3,1,d0b33a98d0a055530886df9d5eed18e46e95457a16333cf7a31b34874b3dc2c9,data/llmx_data/offline_data/physics_data/raw_transitions/Pendulum-v1/episodes/episode_1.npz,21,15877,prompts/terra__Pendulum-v1__next-action__H5__shots12__pattern1/query_02.txt
terra__Pendulum-v1__next-action__H5__shots12__pattern1,terra,Pendulum-v1,next-action,5,12,pattern1,[1],"[3, 4]",3,2,64f24da9c92c186b0600559abe4081171411f452addf02af3892839da5b0085b,data/llmx_data/offline_data/physics_data/raw_transitions/Pendulum-v1/episodes/episode_1.npz,22,15878,prompts/terra__Pendulum-v1__next-action__H5__shots12__pattern1/query_03.txt
terra__Pendulum-v1__next-action__H5__shots12__pattern2,terra,Pendulum-v1,next-action,5,12,pattern2,"[1, 2]","[1, 2, 3]",3,0,1416777989591500296937c6da4ad3dcbe089b520fe3e2e4cd25992ac1899898,data/llmx_data/offline_data/physics_data/raw_transitions/Pendulum-v1/episodes/episode_1.npz,20,17414,prompts/terra__Pendulum-v1__next-action__H5__shots12__pattern2/query_01.txt
terra__Pendulum-v1__next-action__H5__shots12__pattern2,terra,Pendulum-v1,next-action,5,12,pattern2,"[1, 2]","[1, 2, 3]",3,1,6640e09c2405e6f5a80d69bd734751066d0e0e1fd0560c434845d97386790fa2,data/llmx_data/offline_data/physics_data/raw_transitions/Pendulum-v1/episodes/episode_1.npz,21,17412,prompts/terra__Pendulum-v1__next-action__H5__shots12__pattern2/query_02.txt
terra__Pendulum-v1__next-action__H5__shots12__pattern2,terra,Pendulum-v1,next-action,5,12,pattern2,"[1, 2]","[1, 2, 3]",3,2,074aa5139f5b981667f466089f651e0160dde3bb53256d54ecb95ec61d12474e,data/llmx_data/offline_data/physics_data/raw_transitions/Pendulum-v1/episodes/episode_1.npz,22,17413,prompts/terra__Pendulum-v1__next-action__H5__shots12__pattern2/query_03.txt
terra__Pendulum-v1__next-action__H20__shots4__pattern1,terra,Pendulum-v1,next-action,20,4,pattern1,[1],"[3, 4]",3,0,a28217ecf399f5011fd5a6fce30079608c35ff85bc9bcaae7cba8a04d0603b8e,data/llmx_data/offline_data/physics_data/raw_transitions/Pendulum-v1/episodes/episode_1.npz,20,6810,prompts/terra__Pendulum-v1__next-action__H20__shots4__pattern1/query_01.txt
terra__Pendulum-v1__next-action__H20__shots4__pattern1,terra,Pendulum-v1,next-action,20,4,pattern1,[1],"[3, 4]",3,1,9ccc084439727666417a8e3e24ad3688194fc9058fd4ee46479556e048edd34d,data/llmx_data/offline_data/physics_data/raw_transitions/Pendulum-v1/episodes/episode_1.npz,21,6807,prompts/terra__Pendulum-v1__next-action__H20__shots4__pattern1/query_02.txt
terra__Pendulum-v1__next-action__H20__shots4__pattern1,terra,Pendulum-v1,next-action,20,4,pattern1,[1],"[3, 4]",3,2,728fec01a40ff64e36edee06efda73fde16d2b07cae75d9269b41f56024dd8b9,data/llmx_data/offline_data/physics_data/raw_transitions/Pendulum-v1/episodes/episode_1.npz,22,6805,prompts/terra__Pendulum-v1__next-action__H20__shots4__pattern1/query_03.txt
terra__Pendulum-v1__next-action__H20__shots4__pattern2,terra,Pendulum-v1,next-action,20,4,pattern2,"[1, 2]","[1, 2, 3]",3,0,c3bd557dadd7ebeb16b201b73bc8cba29c17abcc0b992433985dae75f2bb56ce,data/llmx_data/offline_data/physics_data/raw_transitions/Pendulum-v1/episodes/episode_1.npz,20,6925,prompts/terra__Pendulum-v1__next-action__H20__shots4__pattern2/query_01.txt
terra__Pendulum-v1__next-action__H20__shots4__pattern2,terra,Pendulum-v1,next-action,20,4,pattern2,"[1, 2]","[1, 2, 3]",3,1,01101926ec5d7d6f42770c120c902449d448f910cfe0b75037ed5d4dc9e6cce1,data/llmx_data/offline_data/physics_data/raw_transitions/Pendulum-v1/episodes/episode_1.npz,21,6922,prompts/terra__Pendulum-v1__next-action__H20__shots4__pattern2/query_02.txt
terra__Pendulum-v1__next-action__H20__shots4__pattern2,terra,Pendulum-v1,next-action,20,4,pattern2,"[1, 2]","[1, 2, 3]",3,2,6642d9ed84b810bd305e492a5e0a61a4606f5b6a8d94581c9b46f514b4def223,data/llmx_data/offline_data/physics_data/raw_transitions/Pendulum-v1/episodes/episode_1.npz,22,6920,prompts/terra__Pendulum-v1__next-action__H20__shots4__pattern2/query_03.txt
terra__Pendulum-v1__next-action__H20__shots8__pattern1,terra,Pendulum-v1,next-action,20,8,pattern1,[1],"[3, 4]",3,0,69423d58be5fe3694ad7fd8af551f331ebf4b12ffeedc7d20f997427d2390048,data/llmx_data/offline_data/physics_data/raw_transitions/Pendulum-v1/episodes/episode_1.npz,20,11730,prompts/terra__Pendulum-v1__next-action__H20__shots8__pattern1/query_01.txt
terra__Pendulum-v1__next-action__H20__shots8__pattern1,terra,Pendulum-v1,next-action,20,8,pattern1,[1],"[3, 4]",3,1,891cd9a447f7cad212ea2b7e0ecc5ba4b34fdd29f583bd5f2ab580a3e1d4fcf1,data/llmx_data/offline_data/physics_data/raw_transitions/Pendulum-v1/episodes/episode_1.npz,21,11727,prompts/terra__Pendulum-v1__next-action__H20__shots8__pattern1/query_02.txt
terra__Pendulum-v1__next-action__H20__shots8__pattern1,terra,Pendulum-v1,next-action,20,8,pattern1,[1],"[3, 4]",3,2,be952f59bd49be50747ac56251320de2549e01f7b8a41cc4d4504eb7d34ca3a1,data/llmx_data/offline_data/physics_data/raw_transitions/Pendulum-v1/episodes/episode_1.npz,22,11725,prompts/terra__Pendulum-v1__next-action__H20__shots8__pattern1/query_03.txt
terra__Pendulum-v1__next-action__H20__shots8__pattern2,terra,Pendulum-v1,next-action,20,8,pattern2,"[1, 2]","[1, 2, 3]",3,0,c2aeabff3ef986ff32752a4b852ac5169d4b35d6bf297bb7d1253f6f6c7d6e16,data/llmx_data/offline_data/physics_data/raw_transitions/Pendulum-v1/episodes/episode_1.npz,20,11939,prompts/terra__Pendulum-v1__next-action__H20__shots8__pattern2/query_01.txt
terra__Pendulum-v1__next-action__H20__shots8__pattern2,terra,Pendulum-v1,next-action,20,8,pattern2,"[1, 2]","[1, 2, 3]",3,1,99e60acdcc30322da16774ae4bb07ce345c79624003dd41f9d42f22dd628701d,data/llmx_data/offline_data/physics_data/raw_transitions/Pendulum-v1/episodes/episode_1.npz,21,11936,prompts/terra__Pendulum-v1__next-action__H20__shots8__pattern2/query_02.txt
terra__Pendulum-v1__next-action__H20__shots8__pattern2,terra,Pendulum-v1,next-action,20,8,pattern2,"[1, 2]","[1, 2, 3]",3,2,ce2aaae1073325c5009868328fcd81e54f78b47ad225e2db37e32f63407b00a9,data/llmx_data/offline_data/physics_data/raw_transitions/Pendulum-v1/episodes/episode_1.npz,22,11934,prompts/terra__Pendulum-v1__next-action__H20__shots8__pattern2/query_03.txt
terra__Pendulum-v1__next-action__H20__shots12__pattern1,terra,Pendulum-v1,next-action,20,12,pattern1,[1],"[3, 4]",3,0,0e626b4b7f880384427a97ad48d45fda55ca9248108872897b079cc306865eb6,data/llmx_data/offline_data/physics_data/raw_transitions/Pendulum-v1/episodes/episode_1.npz,20,16547,prompts/terra__Pendulum-v1__next-action__H20__shots12__pattern1/query_01.txt
terra__Pendulum-v1__next-action__H20__shots12__pattern1,terra,Pendulum-v1,next-action,20,12,pattern1,[1],"[3, 4]",3,1,8d498af2a109eb9b41e4ba3dada7f19adeeb7243a90e92f72a422e1d2c18a690,data/llmx_data/offline_data/physics_data/raw_transitions/Pendulum-v1/episodes/episode_1.npz,21,16544,prompts/terra__Pendulum-v1__next-action__H20__shots12__pattern1/query_02.txt
terra__Pendulum-v1__next-action__H20__shots12__pattern1,terra,Pendulum-v1,next-action,20,12,pattern1,[1],"[3, 4]",3,2,c2464fb2d9edd9a628deab3303ea2790c16786f8b7789eaa82fe0dcb9846f5d5,data/llmx_data/offline_data/physics_data/raw_transitions/Pendulum-v1/episodes/episode_1.npz,22,16542,prompts/terra__Pendulum-v1__next-action__H20__shots12__pattern1/query_03.txt
terra__Pendulum-v1__next-action__H20__shots12__pattern2,terra,Pendulum-v1,next-action,20,12,pattern2,"[1, 2]","[1, 2, 3]",3,0,38db7a113fcfb7a13b0651dee823b07b0f68d689f606b9b24528a0088b346e1b,data/llmx_data/offline_data/physics_data/raw_transitions/Pendulum-v1/episodes/episode_1.npz,20,18082,prompts/terra__Pendulum-v1__next-action__H20__shots12__pattern2/query_01.txt
terra__Pendulum-v1__next-action__H20__shots12__pattern2,terra,Pendulum-v1,next-action,20,12,pattern2,"[1, 2]","[1, 2, 3]",3,1,48a7e10c83902b34f067210ab76c09150dbed960f20f6670fa2e46ba5014a610,data/llmx_data/offline_data/physics_data/raw_transitions/Pendulum-v1/episodes/episode_1.npz,21,18079,prompts/terra__Pendulum-v1__next-action__H20__shots12__pattern2/query_02.txt
terra__Pendulum-v1__next-action__H20__shots12__pattern2,terra,Pendulum-v1,next-action,20,12,pattern2,"[1, 2]","[1, 2, 3]",3,2,62b04ece9f456196b301d769a09f84f3faa3851a007b77907bddc927a493cc92,data/llmx_data/offline_data/physics_data/raw_transitions/Pendulum-v1/episodes/episode_1.npz,22,18077,prompts/terra__Pendulum-v1__next-action__H20__shots12__pattern2/query_03.txt
luna__MountainCar-v0__next-action__H5__shots4__pattern1,luna,MountainCar-v0,next-action,5,4,pattern1,[1],"[3, 4]",3,0,7bc2a9faefa21278a777f2e01307468b982b0e19ad885dc814b6900c2af65d75,data/llmx_data/offline_data/physics_data/raw_transitions/MountainCar-v0/episodes/episode_1.npz,20,3241,prompts/luna__MountainCar-v0__next-action__H5__shots4__pattern1/query_01.txt
luna__MountainCar-v0__next-action__H5__shots4__pattern1,luna,MountainCar-v0,next-action,5,4,pattern1,[1],"[3, 4]",3,1,96ea1fbdfd1c2d18d71d2fb59d8b8b67ff6b5198e104e3e8c5d909d0866c6741,data/llmx_data/offline_data/physics_data/raw_transitions/MountainCar-v0/episodes/episode_1.npz,21,3241,prompts/luna__MountainCar-v0__next-action__H5__shots4__pattern1/query_02.txt
luna__MountainCar-v0__next-action__H5__shots4__pattern1,luna,MountainCar-v0,next-action,5,4,pattern1,[1],"[3, 4]",3,2,b799824da207384f3fca874edd4a3cb7da30e31eeb8b23ab97ecbb9fa321e2fa,data/llmx_data/offline_data/physics_data/raw_transitions/MountainCar-v0/episodes/episode_1.npz,22,3240,prompts/luna__MountainCar-v0__next-action__H5__shots4__pattern1/query_03.txt
luna__MountainCar-v0__next-action__H5__shots4__pattern2,luna,MountainCar-v0,next-action,5,4,pattern2,"[1, 2]","[1, 2, 3]",3,0,478fc250498aa1df1df69ffd77652727a4fe8524ede0d8573d750879ef6d6c32,data/llmx_data/offline_data/physics_data/raw_transitions/MountainCar-v0/episodes/episode_1.npz,20,3109,prompts/luna__MountainCar-v0__next-action__H5__shots4__pattern2/query_01.txt
luna__MountainCar-v0__next-action__H5__shots4__pattern2,luna,MountainCar-v0,next-action,5,4,pattern2,"[1, 2]","[1, 2, 3]",3,1,1e69f19d0bac84155f340963383b6d9a1d4d944ad890c262165ef01201fae20b,data/llmx_data/offline_data/physics_data/raw_transitions/MountainCar-v0/episodes/episode_1.npz,21,3109,prompts/luna__MountainCar-v0__next-action__H5__shots4__pattern2/query_02.txt
luna__MountainCar-v0__next-action__H5__shots4__pattern2,luna,MountainCar-v0,next-action,5,4,pattern2,"[1, 2]","[1, 2, 3]",3,2,b944333c809eac6c61a05334e358d046593c0eb748ca176085a13e47c23fab7e,data/llmx_data/offline_data/physics_data/raw_transitions/MountainCar-v0/episodes/episode_1.npz,22,3108,prompts/luna__MountainCar-v0__next-action__H5__shots4__pattern2/query_03.txt
luna__MountainCar-v0__next-action__H5__shots8__pattern1,luna,MountainCar-v0,next-action,5,8,pattern1,[1],"[3, 4]",3,0,eb45a1fc8534819d00fa9403c598e67e0584cbdeca351d99879d7ba84c90c7a8,data/llmx_data/offline_data/physics_data/raw_transitions/MountainCar-v0/episodes/episode_1.npz,20,5697,prompts/luna__MountainCar-v0__next-action__H5__shots8__pattern1/query_01.txt
luna__MountainCar-v0__next-action__H5__shots8__pattern1,luna,MountainCar-v0,next-action,5,8,pattern1,[1],"[3, 4]",3,1,65d45264e11b2303cb9b75c430c7b6121ddc320e848ca9325571a0aefda97cfa,data/llmx_data/offline_data/physics_data/raw_transitions/MountainCar-v0/episodes/episode_1.npz,21,5697,prompts/luna__MountainCar-v0__next-action__H5__shots8__pattern1/query_02.txt
luna__MountainCar-v0__next-action__H5__shots8__pattern1,luna,MountainCar-v0,next-action,5,8,pattern1,[1],"[3, 4]",3,2,4aeed603d178a3c6fcc121d395a68dcbb7e4f68ca68a19a517bcf5f96104143c,data/llmx_data/offline_data/physics_data/raw_transitions/MountainCar-v0/episodes/episode_1.npz,22,5696,prompts/luna__MountainCar-v0__next-action__H5__shots8__pattern1/query_03.txt
luna__MountainCar-v0__next-action__H5__shots8__pattern2,luna,MountainCar-v0,next-action,5,8,pattern2,"[1, 2]","[1, 2, 3]",3,0,242917948d6ebad105ffe57172d67596dac3358452349c595a0af2175dfee232,data/llmx_data/offline_data/physics_data/raw_transitions/MountainCar-v0/episodes/episode_1.npz,20,5558,prompts/luna__MountainCar-v0__next-action__H5__shots8__pattern2/query_01.txt
luna__MountainCar-v0__next-action__H5__shots8__pattern2,luna,MountainCar-v0,next-action,5,8,pattern2,"[1, 2]","[1, 2, 3]",3,1,f04ebe0ae2c5e8f419b18b7fc55d062cb45a8fbf3513de679daabf1d3e3f7f36,data/llmx_data/offline_data/physics_data/raw_transitions/MountainCar-v0/episodes/episode_1.npz,21,5558,prompts/luna__MountainCar-v0__next-action__H5__shots8__pattern2/query_02.txt
luna__MountainCar-v0__next-action__H5__shots8__pattern2,luna,MountainCar-v0,next-action,5,8,pattern2,"[1, 2]","[1, 2, 3]",3,2,7404d0ddd201248dc2fa963e4c295847d71b04a1065c1ea5f15b3a12a67d1979,data/llmx_data/offline_data/physics_data/raw_transitions/MountainCar-v0/episodes/episode_1.npz,22,5557,prompts/luna__MountainCar-v0__next-action__H5__shots8__pattern2/query_03.txt
luna__MountainCar-v0__next-action__H5__shots12__pattern1,luna,MountainCar-v0,next-action,5,12,pattern1,[1],"[3, 4]",3,0,4615a1f7f2e92b0c68ac953180a525ba8ae1ee980c3dcf884a8ab4e9f1bce492,data/llmx_data/offline_data/physics_data/raw_transitions/MountainCar-v0/episodes/episode_1.npz,20,8118,prompts/luna__MountainCar-v0__next-action__H5__shots12__pattern1/query_01.txt
luna__MountainCar-v0__next-action__H5__shots12__pattern1,luna,MountainCar-v0,next-action,5,12,pattern1,[1],"[3, 4]",3,1,2ce2b54e4b07bc86204484e65ac91f87caaaf81655a9e3169bfc077db26e18b5,data/llmx_data/offline_data/physics_data/raw_transitions/MountainCar-v0/episodes/episode_1.npz,21,8118,prompts/luna__MountainCar-v0__next-action__H5__shots12__pattern1/query_02.txt
luna__MountainCar-v0__next-action__H5__shots12__pattern1,luna,MountainCar-v0,next-action,5,12,pattern1,[1],"[3, 4]",3,2,ffd00871ae863815aecc396889213864cc1fa9dcd4c104163bec1c71483c5585,data/llmx_data/offline_data/physics_data/raw_transitions/MountainCar-v0/episodes/episode_1.npz,22,8117,prompts/luna__MountainCar-v0__next-action__H5__shots12__pattern1/query_03.txt
luna__MountainCar-v0__next-action__H5__shots12__pattern2,luna,MountainCar-v0,next-action,5,12,pattern2,"[1, 2]","[1, 2, 3]",3,0,73063dec53ebef2e681be5124d4b6b4a7da56554db49ecd6f6faa07c5fb44fc6,data/llmx_data/offline_data/physics_data/raw_transitions/MountainCar-v0/episodes/episode_1.npz,20,8518,prompts/luna__MountainCar-v0__next-action__H5__shots12__pattern2/query_01.txt
luna__MountainCar-v0__next-action__H5__shots12__pattern2,luna,MountainCar-v0,next-action,5,12,pattern2,"[1, 2]","[1, 2, 3]",3,1,8fbe5f9e7d020045377f84db10c02bf6639d17761dcb4381e8e9d2d48f9e5365,data/llmx_data/offline_data/physics_data/raw_transitions/MountainCar-v0/episodes/episode_1.npz,21,8518,prompts/luna__MountainCar-v0__next-action__H5__shots12__pattern2/query_02.txt
luna__MountainCar-v0__next-action__H5__shots12__pattern2,luna,MountainCar-v0,next-action,5,12,pattern2,"[1, 2]","[1, 2, 3]",3,2,6de1ce54d766e86880c96274e120ccca5d09a8de7badd8fda3e717740133a8f1,data/llmx_data/offline_data/physics_data/raw_transitions/MountainCar-v0/episodes/episode_1.npz,22,8517,prompts/luna__MountainCar-v0__next-action__H5__shots12__pattern2/query_03.txt
luna__MountainCar-v0__next-action__H20__shots4__pattern1,luna,MountainCar-v0,next-action,20,4,pattern1,[1],"[3, 4]",3,0,acbab4ae17bec5ad3ca3ac73802e82ceb46c261d9240438897913a8b708464f9,data/llmx_data/offline_data/physics_data/raw_transitions/MountainCar-v0/episodes/episode_1.npz,20,3714,prompts/luna__MountainCar-v0__next-action__H20__shots4__pattern1/query_01.txt
luna__MountainCar-v0__next-action__H20__shots4__pattern1,luna,MountainCar-v0,next-action,20,4,pattern1,[1],"[3, 4]",3,1,34933c1c2f141429d76c6a98d047a320dff119010d1b8ed9de174db4ff83c618,data/llmx_data/offline_data/physics_data/raw_transitions/MountainCar-v0/episodes/episode_1.npz,21,3715,prompts/luna__MountainCar-v0__next-action__H20__shots4__pattern1/query_02.txt
luna__MountainCar-v0__next-action__H20__shots4__pattern1,luna,MountainCar-v0,next-action,20,4,pattern1,[1],"[3, 4]",3,2,bc1039f0456954587d2f3724eb867d280f86cd43515429165fa3631815f82e00,data/llmx_data/offline_data/physics_data/raw_transitions/MountainCar-v0/episodes/episode_1.npz,22,3714,prompts/luna__MountainCar-v0__next-action__H20__shots4__pattern1/query_03.txt
luna__MountainCar-v0__next-action__H20__shots4__pattern2,luna,MountainCar-v0,next-action,20,4,pattern2,"[1, 2]","[1, 2, 3]",3,0,38b45fd71d4a135a250e832b7b4fff0f0236267286564be8663eeefa17b4d6c5,data/llmx_data/offline_data/physics_data/raw_transitions/MountainCar-v0/episodes/episode_1.npz,20,3582,prompts/luna__MountainCar-v0__next-action__H20__shots4__pattern2/query_01.txt
luna__MountainCar-v0__next-action__H20__shots4__pattern2,luna,MountainCar-v0,next-action,20,4,pattern2,"[1, 2]","[1, 2, 3]",3,1,9eb383bc315245778eb63f31eda55ef5d9bd8a53d96c2665ff9def0849bc75af,data/llmx_data/offline_data/physics_data/raw_transitions/MountainCar-v0/episodes/episode_1.npz,21,3583,prompts/luna__MountainCar-v0__next-action__H20__shots4__pattern2/query_02.txt
luna__MountainCar-v0__next-action__H20__shots4__pattern2,luna,MountainCar-v0,next-action,20,4,pattern2,"[1, 2]","[1, 2, 3]",3,2,6db2e57ab0eb72ae550e04206b2597bf21040e511cc5e8a57528337e1b81c101,data/llmx_data/offline_data/physics_data/raw_transitions/MountainCar-v0/episodes/episode_1.npz,22,3582,prompts/luna__MountainCar-v0__next-action__H20__shots4__pattern2/query_03.txt
luna__MountainCar-v0__next-action__H20__shots8__pattern1,luna,MountainCar-v0,next-action,20,8,pattern1,[1],"[3, 4]",3,0,37c15f6aa79c2e0ee6a062e7245662a90beff6770304896b545cdf2da9f4d700,data/llmx_data/offline_data/physics_data/raw_transitions/MountainCar-v0/episodes/episode_1.npz,20,6170,prompts/luna__MountainCar-v0__next-action__H20__shots8__pattern1/query_01.txt
luna__MountainCar-v0__next-action__H20__shots8__pattern1,luna,MountainCar-v0,next-action,20,8,pattern1,[1],"[3, 4]",3,1,13d660caeb5a689494be09d9fde8547c527ad038ea5a197475e0a2abb304a2d2,data/llmx_data/offline_data/physics_data/raw_transitions/MountainCar-v0/episodes/episode_1.npz,21,6171,prompts/luna__MountainCar-v0__next-action__H20__shots8__pattern1/query_02.txt
luna__MountainCar-v0__next-action__H20__shots8__pattern1,luna,MountainCar-v0,next-action,20,8,pattern1,[1],"[3, 4]",3,2,263ffe3fc8d64fa33a6d27a4e8416b186d49ef3a1d0bff70502cd3ba6bab5ccf,data/llmx_data/offline_data/physics_data/raw_transitions/MountainCar-v0/episodes/episode_1.npz,22,6170,prompts/luna__MountainCar-v0__next-action__H20__shots8__pattern1/query_03.txt
luna__MountainCar-v0__next-action__H20__shots8__pattern2,luna,MountainCar-v0,next-action,20,8,pattern2,"[1, 2]","[1, 2, 3]",3,0,5e9c9247ca88eab7c20d79bafa9f281c9beb7a8bdec5ee0c932b0165829124a7,data/llmx_data/offline_data/physics_data/raw_transitions/MountainCar-v0/episodes/episode_1.npz,20,6031,prompts/luna__MountainCar-v0__next-action__H20__shots8__pattern2/query_01.txt
luna__MountainCar-v0__next-action__H20__shots8__pattern2,luna,MountainCar-v0,next-action,20,8,pattern2,"[1, 2]","[1, 2, 3]",3,1,36780c09de2afc00fd5dbcbf02d5ed3a979f7e972e04ceb009bcea1bb2d2240e,data/llmx_data/offline_data/physics_data/raw_transitions/MountainCar-v0/episodes/episode_1.npz,21,6032,prompts/luna__MountainCar-v0__next-action__H20__shots8__pattern2/query_02.txt
luna__MountainCar-v0__next-action__H20__shots8__pattern2,luna,MountainCar-v0,next-action,20,8,pattern2,"[1, 2]","[1, 2, 3]",3,2,4626e56b58eef3eddb5cab80f807f98a04e1993cae612b9a7d3fb34f5b3800b3,data/llmx_data/offline_data/physics_data/raw_transitions/MountainCar-v0/episodes/episode_1.npz,22,6031,prompts/luna__MountainCar-v0__next-action__H20__shots8__pattern2/query_03.txt
luna__MountainCar-v0__next-action__H20__shots12__pattern1,luna,MountainCar-v0,next-action,20,12,pattern1,[1],"[3, 4]",3,0,20aab6143ad20bd6b55703fc48772d6b9238a6f0a212c85da26ecb19bcc0587e,data/llmx_data/offline_data/physics_data/raw_transitions/MountainCar-v0/episodes/episode_1.npz,20,8591,prompts/luna__MountainCar-v0__next-action__H20__shots12__pattern1/query_01.txt
luna__MountainCar-v0__next-action__H20__shots12__pattern1,luna,MountainCar-v0,next-action,20,12,pattern1,[1],"[3, 4]",3,1,18a44c2b6a54d863cce32f8fe3fb3121d35b1c316f46b567f5a66e05670a2021,data/llmx_data/offline_data/physics_data/raw_transitions/MountainCar-v0/episodes/episode_1.npz,21,8592,prompts/luna__MountainCar-v0__next-action__H20__shots12__pattern1/query_02.txt
luna__MountainCar-v0__next-action__H20__shots12__pattern1,luna,MountainCar-v0,next-action,20,12,pattern1,[1],"[3, 4]",3,2,97d9b6970390b54d4f6bbe14c9e4460008fe75124a16f517e8f56913f7aee6a2,data/llmx_data/offline_data/physics_data/raw_transitions/MountainCar-v0/episodes/episode_1.npz,22,8591,prompts/luna__MountainCar-v0__next-action__H20__shots12__pattern1/query_03.txt
luna__MountainCar-v0__next-action__H20__shots12__pattern2,luna,MountainCar-v0,next-action,20,12,pattern2,"[1, 2]","[1, 2, 3]",3,0,6aa0c39fcc2263d960d5b7bdeb3c92b4ac2119811da1d6577e25140e29854e73,data/llmx_data/offline_data/physics_data/raw_transitions/MountainCar-v0/episodes/episode_1.npz,20,8991,prompts/luna__MountainCar-v0__next-action__H20__shots12__pattern2/query_01.txt
luna__MountainCar-v0__next-action__H20__shots12__pattern2,luna,MountainCar-v0,next-action,20,12,pattern2,"[1, 2]","[1, 2, 3]",3,1,d5428e00bfc725160a00627032756b8f38d86a187d5ae4b26790d91274c653dc,data/llmx_data/offline_data/physics_data/raw_transitions/MountainCar-v0/episodes/episode_1.npz,21,8992,prompts/luna__MountainCar-v0__next-action__H20__shots12__pattern2/query_02.txt
luna__MountainCar-v0__next-action__H20__shots12__pattern2,luna,MountainCar-v0,next-action,20,12,pattern2,"[1, 2]","[1, 2, 3]",3,2,4d32417c2965bc83258b5751b0f7aece9c69fe71a53333bad533d29f3c90e23a,data/llmx_data/offline_data/physics_data/raw_transitions/MountainCar-v0/episodes/episode_1.npz,22,8991,prompts/luna__MountainCar-v0__next-action__H20__shots12__pattern2/query_03.txt
luna__Pendulum-v1__next-action__H5__shots4__pattern1,luna,Pendulum-v1,next-action,5,4,pattern1,[1],"[3, 4]",3,0,30b847c8f822354874393c6fc1c3d868edfc69f36366f3e83e7a66904b15c2a7,data/llmx_data/offline_data/physics_data/raw_transitions/Pendulum-v1/episodes/episode_1.npz,20,6142,prompts/luna__Pendulum-v1__next-action__H5__shots4__pattern1/query_01.txt
luna__Pendulum-v1__next-action__H5__shots4__pattern1,luna,Pendulum-v1,next-action,5,4,pattern1,[1],"[3, 4]",3,1,7499d5e5a24c04fa588c3d197c7862a51b175c6946f256bcebfa7218346073c1,data/llmx_data/offline_data/physics_data/raw_transitions/Pendulum-v1/episodes/episode_1.npz,21,6140,prompts/luna__Pendulum-v1__next-action__H5__shots4__pattern1/query_02.txt
luna__Pendulum-v1__next-action__H5__shots4__pattern1,luna,Pendulum-v1,next-action,5,4,pattern1,[1],"[3, 4]",3,2,9bb16372ff3986715281b16d404e05f13a2b18805e775610fa5c0e6761ed5a4b,data/llmx_data/offline_data/physics_data/raw_transitions/Pendulum-v1/episodes/episode_1.npz,22,6141,prompts/luna__Pendulum-v1__next-action__H5__shots4__pattern1/query_03.txt
luna__Pendulum-v1__next-action__H5__shots4__pattern2,luna,Pendulum-v1,next-action,5,4,pattern2,"[1, 2]","[1, 2, 3]",3,0,f9ab80ac56eae1d4ad0214576ed22d8b7708de73e6b9aabefc34fff7c51e2212,data/llmx_data/offline_data/physics_data/raw_transitions/Pendulum-v1/episodes/episode_1.npz,20,6257,prompts/luna__Pendulum-v1__next-action__H5__shots4__pattern2/query_01.txt
luna__Pendulum-v1__next-action__H5__shots4__pattern2,luna,Pendulum-v1,next-action,5,4,pattern2,"[1, 2]","[1, 2, 3]",3,1,8fbbcc2c6b23220c034888f8527caf11015e1087295222b8b942fea2e8781f7a,data/llmx_data/offline_data/physics_data/raw_transitions/Pendulum-v1/episodes/episode_1.npz,21,6255,prompts/luna__Pendulum-v1__next-action__H5__shots4__pattern2/query_02.txt
luna__Pendulum-v1__next-action__H5__shots4__pattern2,luna,Pendulum-v1,next-action,5,4,pattern2,"[1, 2]","[1, 2, 3]",3,2,37be64f69380c182cea9d71cabe3e24e8ddb37bd00590662ec15509da894e2f8,data/llmx_data/offline_data/physics_data/raw_transitions/Pendulum-v1/episodes/episode_1.npz,22,6256,prompts/luna__Pendulum-v1__next-action__H5__shots4__pattern2/query_03.txt
luna__Pendulum-v1__next-action__H5__shots8__pattern1,luna,Pendulum-v1,next-action,5,8,pattern1,[1],"[3, 4]",3,0,806e5c47714fac02fcb8a26fbb91002950e6ade7d89beef098a0b3293fd82c85,data/llmx_data/offline_data/physics_data/raw_transitions/Pendulum-v1/episodes/episode_1.npz,20,11062,prompts/luna__Pendulum-v1__next-action__H5__shots8__pattern1/query_01.txt
luna__Pendulum-v1__next-action__H5__shots8__pattern1,luna,Pendulum-v1,next-action,5,8,pattern1,[1],"[3, 4]",3,1,d473351977822d0e978c67b05e1013ab34edc04278ecee8ab2ec99f77a91b438,data/llmx_data/offline_data/physics_data/raw_transitions/Pendulum-v1/episodes/episode_1.npz,21,11060,prompts/luna__Pendulum-v1__next-action__H5__shots8__pattern1/query_02.txt
luna__Pendulum-v1__next-action__H5__shots8__pattern1,luna,Pendulum-v1,next-action,5,8,pattern1,[1],"[3, 4]",3,2,d63fe8a8e3263518ddeaef610b0a06a2a75b674095cd40c64ec5519e948ef019,data/llmx_data/offline_data/physics_data/raw_transitions/Pendulum-v1/episodes/episode_1.npz,22,11061,prompts/luna__Pendulum-v1__next-action__H5__shots8__pattern1/query_03.txt
luna__Pendulum-v1__next-action__H5__shots8__pattern2,luna,Pendulum-v1,next-action,5,8,pattern2,"[1, 2]","[1, 2, 3]",3,0,331cbc3519e01bb9821aad187e41d73f4236948a2cbfbd1f2205a7da51f14129,data/llmx_data/offline_data/physics_data/raw_transitions/Pendulum-v1/episodes/episode_1.npz,20,11271,prompts/luna__Pendulum-v1__next-action__H5__shots8__pattern2/query_01.txt
luna__Pendulum-v1__next-action__H5__shots8__pattern2,luna,Pendulum-v1,next-action,5,8,pattern2,"[1, 2]","[1, 2, 3]",3,1,7dd8d4bed6fd77a819836418398cbac262efed595a322ddb0a45ea693ba4c160,data/llmx_data/offline_data/physics_data/raw_transitions/Pendulum-v1/episodes/episode_1.npz,21,11269,prompts/luna__Pendulum-v1__next-action__H5__shots8__pattern2/query_02.txt
luna__Pendulum-v1__next-action__H5__shots8__pattern2,luna,Pendulum-v1,next-action,5,8,pattern2,"[1, 2]","[1, 2, 3]",3,2,c12fe5c3d1bc80aa822fb06b560a052e763cfbc731764a02825897d549a1dac4,data/llmx_data/offline_data/physics_data/raw_transitions/Pendulum-v1/episodes/episode_1.npz,22,11270,prompts/luna__Pendulum-v1__next-action__H5__shots8__pattern2/query_03.txt
luna__Pendulum-v1__next-action__H5__shots12__pattern1,luna,Pendulum-v1,next-action,5,12,pattern1,[1],"[3, 4]",3,0,1baeec523582559be7eb97c0a99f735bbdd8c68a569c4d51300f4a0fc288c13a,data/llmx_data/offline_data/physics_data/raw_transitions/Pendulum-v1/episodes/episode_1.npz,20,15879,prompts/luna__Pendulum-v1__next-action__H5__shots12__pattern1/query_01.txt
luna__Pendulum-v1__next-action__H5__shots12__pattern1,luna,Pendulum-v1,next-action,5,12,pattern1,[1],"[3, 4]",3,1,8606693f7303f5e8f902fe4d051c0e7aa700606c3f1004b6cb4e518c59fa0272,data/llmx_data/offline_data/physics_data/raw_transitions/Pendulum-v1/episodes/episode_1.npz,21,15877,prompts/luna__Pendulum-v1__next-action__H5__shots12__pattern1/query_02.txt
luna__Pendulum-v1__next-action__H5__shots12__pattern1,luna,Pendulum-v1,next-action,5,12,pattern1,[1],"[3, 4]",3,2,1f7591dc74fbb6cea624f7326eead2c7b9f5002a880bef2ff041bd3c104cc6db,data/llmx_data/offline_data/physics_data/raw_transitions/Pendulum-v1/episodes/episode_1.npz,22,15878,prompts/luna__Pendulum-v1__next-action__H5__shots12__pattern1/query_03.txt
luna__Pendulum-v1__next-action__H5__shots12__pattern2,luna,Pendulum-v1,next-action,5,12,pattern2,"[1, 2]","[1, 2, 3]",3,0,206ce692873c3b5813be593eede28e214cf4c2938a952aaf9d660a9545971b6c,data/llmx_data/offline_data/physics_data/raw_transitions/Pendulum-v1/episodes/episode_1.npz,20,17414,prompts/luna__Pendulum-v1__next-action__H5__shots12__pattern2/query_01.txt
luna__Pendulum-v1__next-action__H5__shots12__pattern2,luna,Pendulum-v1,next-action,5,12,pattern2,"[1, 2]","[1, 2, 3]",3,1,2f1cfd9dadbea9b41ba955d82be75e099cfd1bee1d07dd00931546c4b9bb6de6,data/llmx_data/offline_data/physics_data/raw_transitions/Pendulum-v1/episodes/episode_1.npz,21,17412,prompts/luna__Pendulum-v1__next-action__H5__shots12__pattern2/query_02.txt
luna__Pendulum-v1__next-action__H5__shots12__pattern2,luna,Pendulum-v1,next-action,5,12,pattern2,"[1, 2]","[1, 2, 3]",3,2,42c971870035311f13cdd7662e8b5da16dfe6fde67f0e37cef05e174ce2a9fa3,data/llmx_data/offline_data/physics_data/raw_transitions/Pendulum-v1/episodes/episode_1.npz,22,17413,prompts/luna__Pendulum-v1__next-action__H5__shots12__pattern2/query_03.txt
luna__Pendulum-v1__next-action__H20__shots4__pattern1,luna,Pendulum-v1,next-action,20,4,pattern1,[1],"[3, 4]",3,0,2650970b5d6e7d216dfea364220787f7e86741899007af5e43986ee157befd15,data/llmx_data/offline_data/physics_data/raw_transitions/Pendulum-v1/episodes/episode_1.npz,20,6810,prompts/luna__Pendulum-v1__next-action__H20__shots4__pattern1/query_01.txt
luna__Pendulum-v1__next-action__H20__shots4__pattern1,luna,Pendulum-v1,next-action,20,4,pattern1,[1],"[3, 4]",3,1,9a4438c5e7cc617bb932be23ffa5ac734eef575f5778a3d9089c74c77a8efa70,data/llmx_data/offline_data/physics_data/raw_transitions/Pendulum-v1/episodes/episode_1.npz,21,6807,prompts/luna__Pendulum-v1__next-action__H20__shots4__pattern1/query_02.txt
luna__Pendulum-v1__next-action__H20__shots4__pattern1,luna,Pendulum-v1,next-action,20,4,pattern1,[1],"[3, 4]",3,2,8a42e8513dacb01857316612da8893bae6fb3c2ec6e1594f624bb54275695f08,data/llmx_data/offline_data/physics_data/raw_transitions/Pendulum-v1/episodes/episode_1.npz,22,6805,prompts/luna__Pendulum-v1__next-action__H20__shots4__pattern1/query_03.txt
luna__Pendulum-v1__next-action__H20__shots4__pattern2,luna,Pendulum-v1,next-action,20,4,pattern2,"[1, 2]","[1, 2, 3]",3,0,82191ffcb1fa1d66aa3f7bff54803b4c5c37cd5caadbae45c1be914d24e7194e,data/llmx_data/offline_data/physics_data/raw_transitions/Pendulum-v1/episodes/episode_1.npz,20,6925,prompts/luna__Pendulum-v1__next-action__H20__shots4__pattern2/query_01.txt
luna__Pendulum-v1__next-action__H20__shots4__pattern2,luna,Pendulum-v1,next-action,20,4,pattern2,"[1, 2]","[1, 2, 3]",3,1,c2261727c36867a2814d629e766f18a195a23b04d09627bf54aaf8a96f8df214,data/llmx_data/offline_data/physics_data/raw_transitions/Pendulum-v1/episodes/episode_1.npz,21,6922,prompts/luna__Pendulum-v1__next-action__H20__shots4__pattern2/query_02.txt
luna__Pendulum-v1__next-action__H20__shots4__pattern2,luna,Pendulum-v1,next-action,20,4,pattern2,"[1, 2]","[1, 2, 3]",3,2,3d0cfbd945df3db87d3b004bb1a3974f34ccb53a3fe381d0006e3f790068c29d,data/llmx_data/offline_data/physics_data/raw_transitions/Pendulum-v1/episodes/episode_1.npz,22,6920,prompts/luna__Pendulum-v1__next-action__H20__shots4__pattern2/query_03.txt
luna__Pendulum-v1__next-action__H20__shots8__pattern1,luna,Pendulum-v1,next-action,20,8,pattern1,[1],"[3, 4]",3,0,419b2a3b46e26f527495bbb98ccaec22f628446ddf74d79a334d5a835896c768,data/llmx_data/offline_data/physics_data/raw_transitions/Pendulum-v1/episodes/episode_1.npz,20,11730,prompts/luna__Pendulum-v1__next-action__H20__shots8__pattern1/query_01.txt
luna__Pendulum-v1__next-action__H20__shots8__pattern1,luna,Pendulum-v1,next-action,20,8,pattern1,[1],"[3, 4]",3,1,4b8c16a20f1467a9c669ee4596039c5a250db9f9ad1123f2396011bfd5ed38c8,data/llmx_data/offline_data/physics_data/raw_transitions/Pendulum-v1/episodes/episode_1.npz,21,11727,prompts/luna__Pendulum-v1__next-action__H20__shots8__pattern1/query_02.txt
luna__Pendulum-v1__next-action__H20__shots8__pattern1,luna,Pendulum-v1,next-action,20,8,pattern1,[1],"[3, 4]",3,2,83d616b3412d8ea3c23e8bf1d10be711387c1c5f771586a86fdce57b22025057,data/llmx_data/offline_data/physics_data/raw_transitions/Pendulum-v1/episodes/episode_1.npz,22,11725,prompts/luna__Pendulum-v1__next-action__H20__shots8__pattern1/query_03.txt
luna__Pendulum-v1__next-action__H20__shots8__pattern2,luna,Pendulum-v1,next-action,20,8,pattern2,"[1, 2]","[1, 2, 3]",3,0,5446f4414cceee9a5f3f210f9fd98bda0c38257ffe97294b012219cb088a9c30,data/llmx_data/offline_data/physics_data/raw_transitions/Pendulum-v1/episodes/episode_1.npz,20,11939,prompts/luna__Pendulum-v1__next-action__H20__shots8__pattern2/query_01.txt
luna__Pendulum-v1__next-action__H20__shots8__pattern2,luna,Pendulum-v1,next-action,20,8,pattern2,"[1, 2]","[1, 2, 3]",3,1,7b6e62e977b1eb221cf643b69dcd86376da674929161175654b8cd8325a40ea8,data/llmx_data/offline_data/physics_data/raw_transitions/Pendulum-v1/episodes/episode_1.npz,21,11936,prompts/luna__Pendulum-v1__next-action__H20__shots8__pattern2/query_02.txt
luna__Pendulum-v1__next-action__H20__shots8__pattern2,luna,Pendulum-v1,next-action,20,8,pattern2,"[1, 2]","[1, 2, 3]",3,2,6e785180ebe69171312772b874eac25b7050868042669dc7775f91fc1f91ef9c,data/llmx_data/offline_data/physics_data/raw_transitions/Pendulum-v1/episodes/episode_1.npz,22,11934,prompts/luna__Pendulum-v1__next-action__H20__shots8__pattern2/query_03.txt
luna__Pendulum-v1__next-action__H20__shots12__pattern1,luna,Pendulum-v1,next-action,20,12,pattern1,[1],"[3, 4]",3,0,abb6633ff6c26d48ae9a572c8231eb9324b0fd58639ea916e92d0ec02eb025f2,data/llmx_data/offline_data/physics_data/raw_transitions/Pendulum-v1/episodes/episode_1.npz,20,16547,prompts/luna__Pendulum-v1__next-action__H20__shots12__pattern1/query_01.txt
luna__Pendulum-v1__next-action__H20__shots12__pattern1,luna,Pendulum-v1,next-action,20,12,pattern1,[1],"[3, 4]",3,1,f92e533dd6aa0c0a0e95ca451e6f15f5a34bec6458d2108611ddf15543f5220e,data/llmx_data/offline_data/physics_data/raw_transitions/Pendulum-v1/episodes/episode_1.npz,21,16544,prompts/luna__Pendulum-v1__next-action__H20__shots12__pattern1/query_02.txt
luna__Pendulum-v1__next-action__H20__shots12__pattern1,luna,Pendulum-v1,next-action,20,12,pattern1,[1],"[3, 4]",3,2,7e57a5b3a1f322374e075f0cef67d0d2996e83262a874150613069ffa22dd344,data/llmx_data/offline_data/physics_data/raw_transitions/Pendulum-v1/episodes/episode_1.npz,22,16542,prompts/luna__Pendulum-v1__next-action__H20__shots12__pattern1/query_03.txt
luna__Pendulum-v1__next-action__H20__shots12__pattern2,luna,Pendulum-v1,next-action,20,12,pattern2,"[1, 2]","[1, 2, 3]",3,0,163928d98464de7fccccfa20102264f100cc4238252c2d86211a0da52c3bf123,data/llmx_data/offline_data/physics_data/raw_transitions/Pendulum-v1/episodes/episode_1.npz,20,18082,prompts/luna__Pendulum-v1__next-action__H20__shots12__pattern2/query_01.txt
luna__Pendulum-v1__next-action__H20__shots12__pattern2,luna,Pendulum-v1,next-action,20,12,pattern2,"[1, 2]","[1, 2, 3]",3,1,40a234a96a50f3b0db199a3107334345a6634041e7b4d746924d9d133581fb57,data/llmx_data/offline_data/physics_data/raw_transitions/Pendulum-v1/episodes/episode_1.npz,21,18079,prompts/luna__Pendulum-v1__next-action__H20__shots12__pattern2/query_02.txt
luna__Pendulum-v1__next-action__H20__shots12__pattern2,luna,Pendulum-v1,next-action,20,12,pattern2,"[1, 2]","[1, 2, 3]",3,2,86211a8f121aad4a3a26d9ebec2c602d06418c21f18924bd9c8ac39e4cf6cb20,data/llmx_data/offline_data/physics_data/raw_transitions/Pendulum-v1/episodes/episode_1.npz,22,18077,prompts/luna__Pendulum-v1__next-action__H20__shots12__pattern2/query_03.txt
